#StripeID,rangenumber,BlockOffsetStart,BlockOffsetEnd
207 1 4014080 4079616
417 1 9469952 9994240
507 1 7303168 7311360
507 1 1900544 2048000
691 1 364544 372736
469 1 2244608 2252800
98 1 1421312 1425408
507 1 2928640 2945024
466 1 9924608 9928704
653 1 4837376 4845568
186 1 4927488 4931584
67 1 2666496 2682880
86 1 2306048 2310144
119 1 2572288 2592768
688 1 2891776 2895872
374 1 5488640 5496832
454 1 9388032 9392128
576 1 823296 827392
23 1 323584 327680
202 1 4345856 4390912
196 1 10092544 10186752
59 1 217088 221184
659 1 1818624 1826816
659 1 1826816 1830912
533 1 8052736 8056832
450 1 3186688 3190784
452 1 9666560 9670656
810 1 1527808 1532928
798 1 4091904 4100096
776 1 1277952 1343488
118 1 5992448 6000640
118 1 6000640 6004736
769 1 4554752 4557824
197 1 2957312 2958336
173 1 9633792 9637888
160 1 8343552 8376320
882 1 3440640 3506176
230 1 9940992 10039296
565 1 9826304 9891840
528 1 5488640 5619712
989 1 4845568 4976640
861 2 7278592 7340032 7340032 7376896
122 1 9142272 9224192
530 1 8388608 8650752
469 1 1478656 1544192
122 1 8892416 9138176
901 1 3825664 3891200
900 1 5013504 5021696
471 1 6443008 6500352
177 1 6062080 6070272
900 1 4947968 5005312
23 1 5398528 5443584
528 1 4960256 5222400
470 1 3805184 3870720
470 1 6303744 6311936
177 1 5992448 6049792
228 1 7401472 7405568
465 1 1675264 1679360
472 1 8716288 8720384
228 1 7405568 7417856
22 1 9912320 9916416
647 1 8769536 8773632
648 1 143360 151552
99 1 3424256 3448832
39 1 5574144 5905920
595 1 7303168 7307264
279 1 3198464 3665408
595 1 7458816 7462912
39 2 5914112 6291456 6291456 6438400
292 1 8707584 8711680
294 1 4378112 4382208
343 1 548352 552448
292 1 8826368 8830464
39 1 7486976 7794176
466 1 1682944 1687040
343 1 581120 585216
331 1 2305536 2309632
99 1 3448832 3452928
39 1 6438400 6962688
849 1 2703360 2711552
45 1 1949696 1953792
45 1 1884160 1888256
186 1 5881856 5885952
422 1 2290176 2814464
40 1 1806336 1814528
9 1 1597440 1605632
224 1 5070848 5091328
226 1 8998912 9023488
25 1 5931008 5935104
227 1 7667712 7680000
177 1 5857280 5861376
25 1 5922816 5926912
179 1 5291520 5295616
102 1 2043904 2052096
116 1 5439488 5443584
209 1 2555904 2564096
101 1 5791744 5795840
106 1 3653632 3661824
487 1 2879488 2883584
0 1 8945664 8949760
7 1 3420160 3424256
94 1 8527872 8529920
1 1 73728 77824
245 1 5050368 5050880
144 1 9846784 9859072
186 1 7200768 7204864
128 1 4784128 4785664
446 1 4726784 4734976
654 1 1871872 1880064
654 1 1880064 1884160
796 1 8200192 8208384
63 1 2396160 2400256
77 1 8515584 8519680
270 1 2654208 2658304
74 1 5582848 5640192
40 1 1806336 1810432
131 2 4157440 4194304 4194304 4218880
356 1 593920 630784
2 1 4661248 4665344
23 1 253952 262144
23 1 647168 651264
23 1 675840 679936
66 1 8347648 8351744
167 1 6684672 6688768
23 1 2342912 2347008
935 1 6795264 6799360
295 1 7221248 7225344
194 1 6946816 6950912
442 1 8056832 8060928
119 1 2592768 2596864
23 1 5697536 5705728
295 1 7208960 7213056
12 1 2428928 2433024
13 1 7163904 7168000
473 1 7806976 7811072
324 1 8179200 8183296
659 1 8949760 8953856
569 1 9862656 9879040
323 1 5561856 5570048
323 1 9752064 9760256
324 1 5144064 5168640
14 1 6987264 7036416
324 1 8183296 8199680
14 1 7036416 7040512
26 1 3866624 3870720
26 1 5640192 5640704
26 1 5640704 5641216
26 1 5641216 5645312
26 1 5645312 5649408
62 1 372736 376832
26 1 3870720 3874816
16 1 6455296 6459392
181 1 6045696 6062080
136 1 1847296 1851392
485 1 8855552 8888320
61 1 5836800 5840896
109 1 6316032 6320128
61 1 6828032 6832128
69 1 1945600 1949696
83 1 4632576 4636672
61 1 1966080 1970176
63 1 2334720 2338816
272 1 7692288 7696384
278 1 7909376 7913472
281 1 6090752 6094848
72 1 9723904 9728000
70 1 3047424 3051520
687 1 7671808 7675904
423 1 7553024 7557632
885 1 4747264 4751360
307 1 8790016 8794112
891 1 7888896 7891456
307 1 8970240 8974336
294 1 2007040 2011136
307 1 9781248 9785344
225 1 4726784 4730880
658 1 2592768 2600960
596 1 4059136 4063232
928 1 9400320 9404416
223 1 77824 81920
530 1 2949120 2953216
247 1 7634944 7655424
225 1 102400 106496
425 1 2138112 2142208
93 1 8941568 9003008
423 1 5890048 5894144
999 1 5660672 5664768
866 1 5578752 5582848
0 1 8769536 8773632
828 1 4628480 4632576
42 1 753664 765952
103 1 4259840 4325376
89 2 3129344 3145728 3145728 3617280
323 2 9392640 9437184 9437184 9916928
103 1 5111808 5234688
937 1 9330688 9338880
868 1 421888 434176
103 1 5234688 5242880
120 1 2416640 2420736
251 1 921600 925696
520 1 1720320 1785856
999 1 6750208 6815744
40 1 7114752 7127040
91 1 966656 970752
40 1 7057408 7061504
40 1 7122944 7127040
91 1 966656 970752
40 1 7057408 7061504
78 1 3977216 3981312
78 1 4042752 4046848
29 1 7421952 7426048
144 1 1474560 1478656
8 1 3260416 3264512
144 1 1478656 1777664
55 1 3641344 3645440
13 1 8359936 8364032
62 1 7471104 7475200
246 2 1847296 2097152 2097152 2371584
79 1 6365184 6369280
52 1 3608576 3612672
246 1 2371584 2895872
52 1 3616768 3620864
363 1 6565888 6569984
76 1 1167360 1171456
744 1 4595712 4599808
81 1 9203712 9207808
40 1 7077888 7086080
250 1 2551808 2555904
51 1 7135232 7139328
499 1 2977792 2981888
228 1 7417856 7421952
938 1 2203648 2209280
157 1 1261568 1265664
550 1 10293248 10297344
995 1 102400 110592
228 1 7421952 7434240
35 1 32768 36864
2 1 5603328 5607424
3 1 2260992 2261504
690 1 10326016 10485760
691 1 0 364544
506 2 8163328 8388608 8388608 8523776
9 1 8192 12288
739 1 6791168 6795264
102 1 7684096 7686656
15 1 8437760 8441856
717 1 602112 603648
8 1 8900608 8904704
15 1 7864320 7868416
245 1 2129920 2134016
719 1 7352320 7454720
691 1 3112960 3121152
120 1 7364608 7372800
647 1 1609728 1613824
294 1 1998848 2002944
776 1 1540096 1605632
98 1 86016 90112
540 1 5856768 5860864
888 1 8830464 8834560
776 1 1867776 1933312
227 1 6254080 6266368
98 1 90112 94208
227 1 6266368 6270464
47 1 4833280 4898816
775 1 2555904 2560000
775 1 2678784 2682880
137 1 2846720 2850816
917 1 10149888 10153984
321 1 6942720 6946816
819 1 6299648 6303744
819 1 6807552 6811648
811 1 1589248 1593344
415 1 7966720 7970816
530 1 4829184 4833280
811 1 1716224 1720320
18 1 9248768 9252864
417 1 3579904 3584000
629 1 1617920 1622016
966 1 10358784 10362880
629 1 3309568 3313664
611 1 782336 790528
211 1 6053888 6057984
610 1 5357568 5361664
125 1 10420224 10424320
661 1 5259264 5267456
661 1 5267456 5271552
642 1 376832 380928
493 1 4574720 4587008
280 1 32256 81408
293 1 6102528 6106624
280 1 609792 613888
39 2 6962688 7340032 7340032 7486976
495 1 470528 474624
466 1 626176 630272
291 1 9854464 9858560
283 1 2129408 2178560
342 1 9645568 9649664
286 2 5242368 5242880 5242880 5291520
283 1 2182656 2407936
280 1 85504 609792
286 2 6258176 6291456 6291456 6307328
292 1 2031104 2035200
461 1 6348288 6352384
177 1 1785856 1789952
252 1 3313664 3317760
267 1 5226496 5234688
150 2 3923456 4194304 4194304 4447744
111 1 7123456 7241728
150 1 4447744 4972032
150 2 4972032 5242880 5242880 5303808
185 1 3477504 3481600
83 1 10326016 10330112
150 1 5307904 5656064
677 1 4628480 4632576
181 1 593920 598016
111 2 7270400 7340032 7340032 7676416
180 1 8839168 8844288
758 1 8314880 8318976
111 1 7676416 8200704
246 1 5267456 5271552
67 1 765952 831488
24 1 3887104 3887616
306 1 7163904 7168000
23 1 10125312 10129408
68 1 405504 421888
67 1 10448896 10465280
68 1 733184 749568
68 1 602112 618496
306 1 7098368 7102464
24 1 3891200 3895296
24 1 3899392 3903488
67 1 1359872 1392640
23 1 10129408 10133504
67 1 765952 815104
306 1 7163904 7168000
24 1 3887104 3887616
68 1 1503232 1519616
196 1 1060864 1077248
23 1 10125312 10129408
694 1 8654848 8658944
811 1 1548288 1552384
811 1 1929216 1937408
733 1 7639040 7643136
57 1 2670592 2674688
359 1 7774208 7778304
638 1 4800512 4804608
421 1 7106560 7110656
576 1 958464 962560
949 1 6901760 6905856
420 1 6004736 6008832
299 1 4259840 4263936
451 1 8179712 8183808
630 1 5750784 5754880
299 1 9138176 9142272
275 1 5550080 5554176
397 1 10137600 10141696
52 1 8536064 8540160
43 1 8245248 8249344
327 2 9019904 9437184 9437184 9544192
327 1 9544192 10068480
654 1 7544832 7553024
173 1 5779456 5787648
654 1 7553024 7557120
173 1 5787648 5791744
327 1 10448896 10485760
328 1 0 74240
328 1 98304 131072
327 1 10068480 10448896
328 1 74240 98304
328 1 131072 225280
328 1 356352 421888
78 1 7421952 7434240
328 1 1114112 1126400
328 1 782336 847872
603 1 6479872 6488064
328 1 847872 1036288
328 2 1040384 1048576 1048576 1101824
957 1 203264 204288
342 1 9399808 9403904
39 1 7794176 7798272
812 1 9678848 9687040
52 2 9351168 9437184 9437184 9875456
52 1 8826880 9351168
52 1 10444800 10485760
53 1 0 483328
650 1 3526656 3530752
53 1 483328 991232
483 1 4653056 4718592
824 1 6483968 6549504
30 1 9043968 9306112
483 1 5111808 5242880
518 1 10276864 10289152
94 1 8626176 8630272
559 2 9371648 9437184 9437184 9895936
559 1 9895936 10420224
535 1 5373952 5898240
561 1 5373952 5439488
560 1 458752 983040
559 1 10420224 10485760
560 1 0 458752
562 1 4718592 5226496
562 1 4194304 4718592
29 1 6770688 6774784
40 1 6959104 6960128
144 1 1777664 1781760
210 1 7077888 7139328
367 1 2637824 2641920
593 1 3567616 3571712
195 1 4304896 4308992
832 1 5251072 5255168
896 1 7434240 7438336
825 1 6955008 6959104
416 1 6955008 6959104
40 1 1843200 1847296
29 1 6770688 6778880
361 1 2347008 2351104
40 1 1871872 1884160
583 1 308224 309248
116 1 5656064 5657088
208 1 5431296 5435392
356 2 634880 1048576 1048576 1122304
246 1 4813312 4815360
646 1 7502336 7503360
583 1 309248 312832
413 1 8060928 8077312
116 1 5657088 5658112
142 1 5476352 5480448
23 1 5447680 5529600
689 1 696320 786432
192 1 3153920 3678208
361 1 6844416 6848000
867 1 8687616 8753152
338 1 2174464 2178560
936 1 1515520 1683456
787 1 7979008 8110080
559 1 7602176 7630848
326 1 5283840 5349376
828 1 6508544 6574080
550 1 3436544 3567616
722 1 3477504 3543040
270 1 5693440 5955584
787 1 9424896 9428992
182 1 520192 528384
936 2 991232 1048576 1048576 1515520
331 1 655360 720896
469 1 299008 364544
592 1 1667072 1671168
592 1 1667072 1671168
485 1 7168000 7172096
354 1 942080 946176
530 1 5279744 5283840
485 1 7168000 7172096
913 1 569344 577536
530 1 5271552 5275648
105 1 4492800 4550144
105 1 4550144 4554240
307 1 9310208 9326592
61 1 1966080 1970176
61 1 1957888 1961984
55 1 9195520 9199616
81 1 5881856 5885952
164 1 2072576 2080768
55 1 9220096 9240576
40 1 1777664 1781760
56 1 6684672 6688768
653 1 3956736 3964928
653 1 3964928 3969024
119 1 5144576 5148672
119 1 6533120 6537216
746 1 5070848 5074944
640 1 737280 741376
406 1 5459968 5480448
110 1 3235840 3297280
110 1 3297280 3301376
349 1 8695808 8699904
346 1 6856704 6860800
378 1 7696384 7700480
112 1 5402624 5423104
112 1 5423104 5427200
308 1 20480 24576
61 1 3457024 3461120
64 1 2539520 2543616
130 1 2781184 2785280
354 1 8024064 8028160
145 1 1716224 1720320
869 1 4775936 4780032
238 1 1916928 1921024
293 1 8130560 8134656
238 1 6647808 6656000
271 1 700416 704512
316 1 6868992 6873088
691 1 2588672 3112960
8 1 8769536 8773632
309 1 5255168 5267456
720 1 765952 819200
354 1 8044544 8052736
39 1 6610944 6614528
323 1 9916928 9928704
103 1 9109504 9240576
89 1 3617280 4141568
104 1 2293760 2359296
323 1 9940992 10453504
777 1 4112384 4177920
67 1 4616192 4628480
186 1 3100672 3104768
583 1 5955584 5959680
777 1 4505600 4571136
235 1 4644864 4669440
67 1 4628480 4632576
89 1 3407872 3411968
936 1 1851392 1916928
785 1 3850240 3981312
43 1 8056832 8060928
787 1 9490432 9515008
82 1 1507328 1572864
922 1 5808128 5873664
787 1 9732096 9797632
996 1 2781184 2846720
44 1 9117696 9121792
470 1 2768896 2834432
396 1 9736192 9801728
787 1 9535488 9572352
45 1 2457600 2519040
650 1 8527872 8658944
527 1 1200128 1462272
911 1 7696384 7761920
179 1 3973120 4038656
479 1 212992 512000
391 1 3788800 3854336
181 1 5591040 5623808
731 1 1413120 1417216
290 1 2760704 2762240
40 1 1843200 1847296
173 1 4886528 4890624
246 1 2650112 2654208
173 1 4067328 4075520
702 1 6082560 6086656
40 1 7360512 7372800
246 1 2850816 2859008
430 1 6426624 6488064
702 1 6103040 6107136
183 1 4304896 4308992
102 1 5582848 5586944
301 1 3596288 3600384
432 1 4997120 4997632
872 1 3268608 3272704
40 1 7852032 7856128
40 1 7491584 7495680
64 1 4857856 4861952
86 1 6660096 6664192
234 1 7020544 7024640
254 1 2928640 2932736
267 1 5234688 5238784
252 1 3313664 3317760
267 2 5238784 5242880 5242880 5246976
267 1 5246976 5251072
70 1 3051520 3055616
70 1 3047424 3051520
103 1 10178560 10215424
260 1 9113600 9117696
626 1 8691712 8724480
307 1 10465280 10473472
294 1 2035712 2043904
308 1 0 8192
885 1 4747264 4751360
308 1 32768 49152
294 1 2072576 2076672
537 1 523776 527872
308 1 393216 421888
130 1 3887104 3895296
675 1 7991296 7995392
308 1 430080 434176
213 1 9289728 9291776
271 1 10022912 10047488
307 1 8241152 8245248
596 1 4059136 4067328
27 1 9785344 9789440
99 1 6553600 6557696
172 1 5537792 5541888
13 1 5144576 5148672
364 1 434176 438272
364 1 417792 430080
201 1 4395008 4403200
201 1 8298496 8302592
101 1 4644864 4669440
101 1 4669440 4673536
67 1 4235264 4235776
164 1 1224704 1245184
40 1 1843200 1847296
40 1 1773568 1777664
286 1 3538944 3604480
217 1 1282048 1286144
186 1 1064960 1065472
294 1 6057984 6094848
294 1 1970176 1974272
294 1 1961984 1966080
269 1 9048064 9052160
61 1 1966080 1970176
61 1 1970176 1974272
562 1 5750784 6275072
562 2 5226496 5242880 5242880 5750784
562 1 6799360 7323648
483 1 4194304 4325376
641 1 6877184 6881280
340 1 4784128 4788224
862 1 4775936 4796416
56 1 6209536 6234112
56 1 6234112 6254592
168 1 6836224 6914048
113 1 6152192 6172672
56 1 6254592 6258688
40 1 1769472 1773568
991 1 6144000 6148096
207 1 4669440 4734976
40 1 1855488 1863680
207 1 5324800 5345792
141 1 2047488 2051584
295 1 8122368 8126464
242 1 8220672 8228864
586 1 1482752 1486848
242 1 8228864 8232960
790 1 5582848 5595136
527 1 9674752 9682944
656 1 1372160 1380352
207 1 5345792 5390336
653 1 3227648 3235840
40 1 1794048 1798144
656 1 1380352 1384448
653 1 3235840 3239936
207 1 5849088 5914624
207 1 6569984 6635520
148 1 6680576 6684672
269 1 9420800 9424896
216 1 2334720 2347008
697 1 4133888 4140544
182 1 8532480 8749056
182 1 8753152 9060864
733 1 3387392 3391488
182 1 9928704 9936896
401 1 4087808 4091904
793 1 7417856 7421952
182 1 9482240 9576960
182 2 9060864 9437184 9437184 9482240
401 1 4141056 4149248
793 1 7438336 7450624
182 1 9920512 9928704
423 1 8568832 8572928
550 1 3771904 3772416
550 1 3776000 3776512
0 1 466944 471040
550 1 3780096 3780608
0 1 458752 462848
0 1 6234112 6238208
383 1 9297920 9314304
0 1 4984832 4988928
0 1 4788224 4792320
0 1 4853760 4857856
5 1 3731456 3735552
383 1 9207808 9220096
52 1 5799936 5832704
0 1 4206592 4210688
654 1 1847296 1855488
228 1 7434240 7438336
995 1 2338816 2342912
654 1 1855488 1859584
485 1 9531392 9535488
228 1 7438336 7450624
723 1 2620928 2625024
723 1 2625024 2670080
725 1 6323712 6327808
121 1 7376384 7900672
668 1 6221824 6225920
432 1 9179136 9187328
121 2 7900672 8388608 8388608 8424960
621 1 2621440 2625536
121 1 8928768 9408000
121 1 8424960 8928768
432 1 9187328 9191424
609 1 7700480 7704576
684 1 446464 450560
171 1 2166784 2170880
111 2 8200704 8388608 8388608 8724992
647 1 10432512 10436608
587 1 1400832 1404928
246 1 5267456 5271552
68 1 1323008 1339392
306 1 7098368 7102464
286 1 9011200 9015296
262 1 7450624 7454720
306 1 7163904 7168000
3 1 974848 983040
382 1 5357568 5361664
382 1 5361664 5402624
213 1 8814592 8818688
214 1 5132288 5136384
399 1 9089024 9097216
84 1 3424256 3469312
40 1 1851392 1859584
553 1 3301376 3305472
55 1 2584576 2586624
883 1 8978432 8982528
884 1 8429568 8433664
123 1 8261632 8302592
884 1 8626176 8630272
884 1 8511488 8515584
889 1 1200128 1204224
890 1 2203648 2207744
884 1 8663040 8667136
656 1 6782976 6791168
123 1 8302592 8306688
84 1 3469312 3473408
656 1 6791168 6795264
49 1 9449472 9469952
59 1 6488064 6504448
246 1 4815360 4817920
102 1 3055616 3058688
116 1 5658112 5661696
615 1 5389824 5391360
583 1 312832 313856
646 1 7503360 7505920
40 1 1814528 1818624
246 1 4817920 4818944
61 1 1970176 1974272
61 1 6680576 6684672
61 1 6672384 6676480
61 1 1966080 1970176
61 1 6668288 6668800
61 1 1970176 1974272
139 1 2719744 2723840
379 1 3506176 3510272
422 2 2814464 3145728 3145728 3338752
40 1 1875968 1880064
40 1 1810432 1818624
422 1 3338752 3863040
290 1 6766592 6770688
10 1 1368064 1376256
40 1 1880064 1888256
383 1 61440 65536
253 1 8749056 8753152
434 1 5570560 5685248
989 1 7921664 7922176
253 1 2015232 2019328
212 1 5570560 5574656
701 1 6639616 6643712
416 1 4550656 4554752
223 1 6500352 6520832
183 1 4374528 4452352
12 1 4980736 4984832
388 1 1331200 1335296
72 1 9248768 9252864
404 1 9965568 9969664
47 1 2072576 2076672
989 1 7917568 7921664
444 1 4681728 4685824
223 1 6520832 6524928
324 1 1675264 1679360
402 1 1994752 2060288
93 1 9003008 9007104
7 1 4382720 4386816
929 1 2592768 2596864
987 1 7970816 7971328
328 2 6287360 6291456 6291456 6291968
654 1 2748416 2756608
104 1 2621440 2678784
179 1 4235264 4300800
289 1 4485120 4616192
181 1 6373376 6430720
396 1 9732096 9736192
530 1 7602176 8126464
782 1 5144576 5169152
782 1 7110656 7151616
396 1 9646080 9707520
483 1 5652480 5718016
516 1 2596864 2662400
900 1 2744320 2809856
470 1 5287936 5353472
208 1 876544 942080
989 2 2093056 2097152 2097152 2551808
309 1 7913472 7979008
483 1 6590464 6656000
948 1 6172672 6238208
474 1 970752 999424
189 1 901120 966656
189 1 2039808 2043904
7 1 2560000 2572288
28 1 413696 417792
8 1 9629696 9633792
27 1 8675328 8683520
885 1 4747264 4751360
172 1 5550080 5558272
709 1 3502080 3506176
190 1 8433664 8437760
651 1 9613312 9621504
294 1 1974272 1978368
582 1 7913472 7917568
230 1 9654272 9658368
658 1 2600960 2605056
27 1 8744960 8749056
248 1 5615616 5616640
294 1 2007040 2015232
111 1 5169152 5173248
651 1 9621504 9625600
271 1 10047488 10051584
175 1 3522560 3526656
133 1 7770112 7778304
182 1 823296 851968
184 1 9654272 9658368
185 1 7675904 7680000
13 1 8364032 8368128
191 1 4653056 4894720
185 1 7696384 7700480
185 1 7716864 7725056
246 1 3420160 3485696
186 1 9560064 9564160
133 1 7778304 7790592
246 2 2895872 3145728 3145728 3420160
302 1 1953792 1966080
908 1 3788800 3792896
111 1 2408448 2494464
147 1 9203712 9207808
147 1 2207744 2211840
111 1 2494464 2498560
250 1 6639616 6646784
148 1 339968 348160
147 1 2220032 2228224
777 1 5095424 5160960
777 1 5554176 5619712
777 1 5816320 5881856
124 1 9961472 9964544
648 1 1200128 1220608
3 1 2261504 2264064
3 1 2264064 2265088
3 1 2281472 2284544
3 1 2284544 2288640
3 1 2288640 2292736
3 1 2292736 2296832
28 1 6971392 7012352
3 1 2296832 2300928
3 1 2300928 2305024
554 1 8650752 8716288
3 1 2305024 2309120
525 1 7471104 7495680
3 1 2309120 2313216
557 1 323584 327680
557 1 1658880 1662976
831 1 10125312 10129408
269 1 9052160 9060352
286 1 5295616 5762560
291 1 9518592 9522688
286 1 6311424 6602240
295 1 10055680 10059776
342 1 9399808 9403904
291 1 9518592 9522688
292 1 8826368 8830464
294 1 4378112 4382208
343 1 548352 552448
280 1 32256 36352
343 1 581120 585216
193 1 507904 512000
657 1 8548352 8556544
657 1 8556544 8560640
51 1 4124672 4128768
115 1 3194880 3198976
383 1 9314304 9371648
204 1 8585216 8650752
36 1 393216 405504
653 1 4845568 4849664
519 1 5525504 5537792
719 2 6000640 6291456 6291456 6377472
218 1 10014720 10039296
309 1 5267456 5271552
519 1 5775360 5799936
519 2 3051520 3145728 3145728 3366912
520 1 1441792 1622016
36 1 471040 495616
655 1 1629696 1633792
109 1 7188480 7221248
0 1 4206592 4210688
995 1 9601024 9605120
723 1 2674176 2833920
575 1 9666048 9670144
698 1 2571776 2575872
458 1 6749696 6753792
723 1 2129408 2178560
113 1 8674816 8678912
900 2 3112448 3145728 3145728 3325440
189 1 9089024 9093120
513 1 8007680 8032256
725 1 6376960 6548992
3 1 2580480 2584576
725 1 6815232 6864384
725 1 6327808 6372864
228 1 7450624 7454720
729 1 6323712 6372864
723 1 2182656 2424320
252 1 3313664 3325952
896 1 9580544 9584640
267 1 5251072 5259264
995 1 6983680 6987776
66 1 4603904 4608000
115 1 3596288 3612672
115 1 3616768 3665920
115 1 3665920 3670016
26 1 8114176 8114688
661 1 3706880 3710976
661 1 3702784 3706880
26 1 3866624 3870720
661 1 3710976 3715072
26 1 8118272 8122368
42 1 5652480 5668864
26 1 8126464 8130560
26 1 3870720 3874816
26 1 8114176 8114688
26 1 3866624 3870720
64 1 9936896 9969664
177 1 2469888 2486272
111 1 5234688 5238784
111 1 5160960 5165056
116 1 5661696 5662720
583 1 313856 317440
646 1 7505920 7506944
246 1 4818944 4822016
116 1 5662720 5665280
345 1 5517312 5525504
66 1 8609792 8610816
345 1 5521408 5525504
359 1 6586368 6590464
729 1 3784704 3792896
475 1 9990144 10010624
475 1 10010624 10014720
63 1 6144000 6148096
654 1 2756608 2760704
838 1 4952064 4956160
838 1 4960256 4964352
89 2 4141568 4194304 4194304 4665856
104 1 2678784 2752512
199 2 6287360 6291456 6291456 6316032
3 1 2313216 2317312
189 1 1351680 1353728
698 1 8364032 8368128
3 1 2317312 2321408
90 1 5287936 5292032
199 1 6316032 6320128
638 1 4067328 4071424
3 1 2321408 2325504
15 1 9617408 9629696
709 1 4571136 4575232
1 1 2621440 2629632
777 1 6471680 6537216
939 1 9138176 9142272
919 1 10129408 10133504
657 1 7979008 7987200
533 1 8052736 8056832
647 1 1613824 1617920
709 1 4599808 4603904
253 1 7897088 7905280
657 1 7987200 7991296
40 1 1884160 1908736
508 1 868352 869888
939 1 9805824 9809920
127 1 5763072 5765120
777 1 6995968 7061504
294 1 2068480 2072576
202 1 4456448 4509696
269 2 9424896 9437184 9437184 9486336
216 1 2347008 2351104
232 1 4411392 4476928
148 1 6680576 6684672
40 1 7122944 7127040
504 1 1966080 1970176
921 1 2125824 2129920
130 1 3366912 3379200
130 1 3379200 3383296
40 1 7057408 7069696
91 1 1044480 1048576
964 1 7176192 7184384
40 1 7131136 7135232
371 1 3309568 3338240
279 1 7479296 7536640
4 1 5992448 5996544
763 1 6393856 6395392
3 1 2478080 2482176
298 1 3432448 3448832
281 1 9605120 9607680
328 1 1806336 1819136
220 1 9199616 9285632
328 1 1867776 1875968
328 1 1819136 1839104
47 1 5373952 5382144
234 1 4464640 4467712
328 1 1585152 1806336
199 1 413696 475136
199 1 540672 593920
331 1 1241088 1372160
957 1 204288 205312
66 1 5660672 5722112
199 1 593920 598016
332 1 3776512 3854848
49 1 217088 229376
66 1 5722112 5726208
409 1 3489792 3493888
957 1 205312 206336
49 1 167936 172032
64 1 7208960 7217152
382 1 5402624 5406720
67 1 765952 929792
306 1 7098368 7106560
64 1 7217152 7221248
717 1 9072640 9076736
67 1 4665344 4681728
67 1 4009984 4042752
67 1 4042752 4075520
67 1 4075520 4108288
67 1 4108288 4124672
67 1 4386816 4403200
67 1 4616192 4632576
265 1 8748544 8785408
996 1 8474624 8556544
306 1 7168000 7172096
26 1 4702208 4706304
56 1 5721600 5742080
642 1 376832 380928
70 1 3051520 3055616
297 1 159744 188416
294 1 3670016 3674112
70 1 3047424 3051520
294 1 3600384 3604480
642 1 376832 380928
40 1 1880064 1884160
356 1 1122304 1646592
434 1 876544 888832
583 1 317440 318464
91 1 6733824 6766592
22 1 3252224 3317760
100 1 614400 619008
42 1 3862528 3866624
487 1 2879488 2883584
183 1 4452352 4456448
40 1 8830976 8835072
47 1 2088960 2097152
12 1 4984832 4988928
40 1 7593984 7598080
47 1 2637824 2641920
53 1 4489216 4493312
251 1 921600 933888
40 1 6324224 6332416
83 1 9711616 9715712
47 1 2969600 2973696
434 1 5685248 5701632
232 1 8384512 8388608
46 1 7344128 7348224
47 1 3137536 3141632
12 1 4988928 5013504
359 1 5300224 5304320
600 1 9986048 9990144
336 1 8130560 8179712
649 1 7196672 7204864
336 1 8179712 8183808
649 1 7204864 7208960
579 1 6402048 6430720
245 1 2129920 2134016
201 1 2354688 2362880
134 1 445952 458240
864 1 4386304 4406784
372 1 6868480 6872576
299 1 2023424 2027520
413 1 249856 253952
53 1 2215936 2228224
53 1 8482816 8486912
27 1 1290240 1294336
83 1 4063232 4132864
141 1 9949184 9953280
40 1 7086080 7090176
25 1 3022336 3034624
227 1 1937408 1945600
599 1 8138752 8142848
566 1 6331904 6340096
657 1 2326528 2330624
566 1 6348288 6389248
566 1 6393344 6397440
567 1 2129408 2178560
254 1 544256 552448
847 1 8564224 8912384
432 1 9191424 9199616
658 1 8622080 8630272
676 1 446464 450560
567 1 2182656 2477568
708 1 10252288 10256384
174 1 503808 507904
151 1 3182592 3186688
847 1 8912384 9436672
847 1 9960960 10259968
119 1 196608 199168
996 1 7712768 7716864
725 1 6868480 7159296
729 1 6376960 6684160
308 1 2887680 2928640
86 1 8101376 8105472
822 1 4627968 4632064
637 1 3358720 3362816
114 1 10083840 10087936
847 1 2866688 2870784
49 1 4358144 4362240
66 1 4111872 4115968
304 1 5842432 5844992
457 1 7712256 7716352
458 1 1986048 1990144
496 1 8441344 8445440
267 1 5259264 5263360
49 1 1974272 2019328
49 1 2019328 2023424
896 1 9580544 9584640
252 1 3317760 3321856
49 1 2023424 2048000
31 1 6012928 6017024
43 1 4653056 4661248
40 1 1871872 1875968
280 1 36352 40448
151 1 4886528 4898816
151 1 4915200 4919296
151 1 7397376 7401472
151 1 7364608 7368704
264 1 7081984 7086080
151 1 7413760 7417856
264 1 7196672 7200768
265 1 4554752 4558848
265 1 4591616 4595712
265 1 4628480 4632576
186 1 93696 97792
265 1 4640768 4644864
265 1 5230592 5234688
562 2 7323648 7340032 7340032 7847936
562 2 6275072 6291456 6291456 6799360
542 1 5537792 5767168
483 1 4849664 5111808
562 1 7847936 8323072
550 1 10071552 10075648
30 2 3735552 4194304 4194304 4259840
537 1 0 524288
639 1 9592320 9596416
537 1 524288 1048576
537 1 1572864 2031616
541 1 2621440 3145728
810 1 1540096 1545216
452 1 9691136 9695232
173 1 3874816 3877888
941 1 8765440 8766976
777 1 7454720 7520256
647 1 1609728 1613824
632 1 6549504 6553600
40 1 2015232 2019328
40 1 2035712 2039808
48 1 4501504 4505600
933 1 10346496 10350592
213 1 7081984 7089152
49 1 8613888 8617984
935 1 8253440 8257536
253 1 7868416 7872512
736 1 7204864 7207424
845 1 442368 446464
777 1 7716864 7767552
95 1 2805760 2871296
471 1 9924608 9990144
470 1 4554752 4620288
47 1 2207744 2273280
427 1 10108928 10145792
478 1 10240000 10473472
704 1 425984 491520
181 1 5033984 5099520
260 1 7270400 7335936
36 1 5132288 5197824
238 1 8007680 8073216
898 1 1335296 1351680
565 1 8511488 8577024
898 1 1282048 1331200
874 1 8937472 9007104
113 1 6172672 6176768
168 1 6914048 6918144
819 1 352256 356352
819 1 1576960 1581056
819 1 626688 630784
819 1 1036288 1044480
896 1 7434240 7438336
611 1 1499136 1503232
819 1 1929216 1933312
425 1 4567040 4616192
367 1 2637824 2641920
56 1 6258688 6283264
425 1 4616192 4620288
56 1 6283264 6287360
702 1 2400256 2404352
604 1 6828032 6836224
367 1 2637824 2641920
604 1 6836224 6840320
357 1 4816896 4820992
357 1 4845568 4849664
36 1 495616 499712
243 1 7938048 7942144
474 1 10354688 10358784
472 1 7663104 7679488
53 1 4722688 4726784
134 1 458240 470528
518 1 9256960 9261056
472 1 7679488 7687680
0 1 4329472 4333568
864 1 4406784 4427264
300 1 8253440 8257536
0 1 0 8192
3 1 6426624 6430720
190 1 331776 344064
117 2 7094784 7340032 7340032 7619072
399 1 8376320 8379904
111 1 2912256 2916352
111 1 3325952 3330048
885 1 4747264 4751360
5 1 7045120 7053312
750 1 9584640 9592832
510 1 8585216 8589312
260 1 3944448 3948544
208 1 2613248 2641920
294 1 2076672 2080768
5 1 7114752 7118848
208 1 2641920 2646016
5 1 7049216 7053312
596 1 4063232 4067328
509 1 9400320 9412608
317 1 6475776 6479872
885 1 4747264 4751360
232 1 3112448 3116544
900 1 4525568 4529664
183 1 4857344 4861440
877 1 4259328 4263424
284 1 7478784 7482880
115 1 4439552 4447744
272 1 8662528 8666624
900 1 3325440 3849728
674 1 8809984 8814080
898 1 3812864 3816960
208 1 7221248 7225344
458 1 6233600 6237696
459 1 802304 806400
823 1 2170368 2174464
681 1 1224192 1228288
721 1 9498112 9743872
459 1 769536 773632
646 1 7506944 7508992
246 1 4822016 4823040
36 1 10240000 10244096
231 1 630784 647168
641 1 3645440 3649536
116 1 5665280 5666816
583 1 318464 319488
142 1 5476352 5480448
265 1 5439488 5443584
265 1 4694016 4698112
265 1 5427200 5431296
265 1 4673536 4677632
265 1 5382144 5386240
265 1 5459968 5464064
265 1 5689344 5697536
265 1 5824512 5828608
265 1 5627904 5632000
265 1 5730304 5734400
265 1 5910528 5914624
265 1 5656576 5660672
265 1 5738496 5746688
265 1 5963776 5967872
723 1 3825664 3829760
265 1 6029312 6033408
265 1 5988352 5996544
265 1 6070272 6074368
265 1 5922816 5926912
265 1 6000640 6004736
689 1 786432 835584
483 1 5914624 5980160
550 1 3829760 4091904
474 1 999424 1003520
541 1 8990720 9252864
777 1 9859072 9863168
550 1 4878336 4993024
849 1 7897088 7962624
550 1 4997120 5144576
236 1 9056256 9121792
229 1 4313088 4378624
901 1 4681728 4718592
657 1 5148672 5156864
32 1 4222976 4231168
600 1 4648960 4657152
286 1 9011200 9015296
992 1 3375104 3440640
262 1 7450624 7454720
595 1 479232 528384
56 1 5742080 5746176
67 1 765952 815104
61 1 5087232 5181440
64 1 7221248 7229440
382 1 5406720 5419008
306 1 7102464 7106560
61 1 5181440 5185536
64 1 7229440 7233536
382 1 5419008 5423104
25 1 1531904 1548288
131 1 10399744 10416128
67 1 5140480 5156864
717 1 9072640 9076736
216 1 2351104 2363392
50 1 1728512 1740800
50 1 2826240 2830336
216 1 2363392 2367488
661 1 5271552 5296128
661 1 5296128 5300224
427 1 7765504 7769600
674 1 8842752 8846848
35 1 4005888 4009984
900 1 4374016 4525568
900 2 3849728 4194304 4194304 4374016
684 1 3465216 3469312
457 1 3325440 3329536
271 1 2248192 2252288
459 1 974336 978432
284 1 7642624 7646720
192 1 5718016 5718528
308 1 2928640 2932736
721 1 9444864 9494016
29 1 3727360 3731456
304 1 5844992 5846528
922 1 1290240 1294336
69 1 6262784 6283264
847 2 9436672 9437184 9437184 9960960
676 1 458752 462848
658 1 8630272 8634368
712 1 4026368 4030464
283 1 9998336 10002432
567 2 3145216 3145728 3145728 3194368
567 1 4881920 4886016
566 1 6888960 6897152
569 1 982528 1031680
567 1 4652544 4664832
566 1 6397440 6884864
567 1 4886016 4931072
432 1 9199616 9203712
567 1 3505664 3636736
568 1 8445440 8490496
49 1 2048000 2052096
267 1 5263360 5275648
267 1 5275648 5279744
252 1 3317760 3325952
61 1 1970176 1974272
152 1 9695232 10219520
153 2 786432 1048576 1048576 1179648
152 2 9170944 9437184 9437184 9695232
153 1 262144 786432
49 1 9695232 9699328
40 1 1818624 1822720
422 1 3863040 4026368
61 1 1966080 1970176
422 2 4030464 4194304 4194304 4325888
152 1 704512 712704
49 1 9895936 9924608
849 1 9994240 9998336
152 1 712704 716800
290 1 6766592 6770688
422 1 5177344 5234688
380 1 851968 860160
422 1 4391424 4636672
422 1 4636672 4858368
49 1 5111808 5128192
367 1 2637824 2650112
183 1 10014720 10018816
174 1 3538944 3543040
126 1 9584640 9588736
126 1 9564160 9568256
589 1 1548288 1552384
167 1 851968 860160
289 1 516096 528384
161 1 9232384 9236480
161 1 9273344 9277440
167 1 7294976 7299072
127 1 10035200 10039296
190 1 8089600 8093696
190 1 8454144 8458240
13 1 8359936 8364032
238 1 929792 983040
190 1 8462336 8466432
13 1 8364032 8368128
257 1 9764864 9830400
191 1 2179072 2183168
192 1 4239360 4243456
232 1 10223616 10289152
192 1 4653056 4657152
192 1 4661248 4665344
424 1 4481024 4485120
238 1 1441792 1835008
429 1 3092480 3096576
283 1 5386240 5406720
695 1 6565888 6569984
2 1 9121792 9125888
2 1 9125888 9146368
2 1 9146368 9150464
967 1 8937472 8990720
182 1 5177344 5189632
103 1 512000 516096
281 1 3371008 3379200
371 1 3338240 3342336
40 1 7065600 7069696
466 1 5763072 5767168
636 1 7110656 7114752
138 1 1593344 1626112
637 1 6623232 6627328
91 1 1044480 1048576
138 1 1626112 1630208
40 1 7131136 7135232
78 1 3977216 3981312
78 1 4042752 4046848
658 1 9928704 9936896
872 1 3731456 3862528
238 2 8318976 8388608 8388608 8441856
928 1 6832128 7028736
265 1 6205440 6209536
186 1 97792 347648
723 1 7262208 7266304
620 1 5545984 5550080
723 1 6209536 6213632
620 1 5517312 5521408
723 1 3846144 3850240
620 1 5509120 5513216
620 1 5562368 5566464
49 1 1060864 1064960
620 1 5595136 5599232
620 1 5623808 5627904
620 1 5750784 5754880
620 1 5632000 5636096
620 1 5828608 5832704
620 1 5918720 5922816
620 1 5910528 5914624
620 1 5672960 5677056
620 1 5849088 5853184
235 1 4640768 4644864
43 1 5640192 5644288
419 1 8888320 8941568
202 1 10321920 10326016
533 1 8052736 8056832
43 1 5652480 5656576
757 1 425984 442368
578 1 839680 843776
294 1 2002944 2007040
419 1 8941568 8945664
919 1 9306112 9310208
18 1 12288 16384
43 1 5660672 5668864
116 1 8146944 8155136
578 1 860160 864256
436 1 9461248 9465344
299 1 1499136 2023424
53 1 8450048 8454144
25 1 323584 335872
265 1 5132288 5136384
309 1 5271552 5279744
709 1 679424 683520
53 1 3461120 3465216
171 1 4304896 4308992
0 1 4263936 4268032
579 1 6430720 6434816
474 1 9830400 10354688
655 1 3280896 3289088
40 1 7090176 7094272
246 1 4823040 4825088
40 1 1814528 1818624
116 1 5666816 5667840
646 1 7508992 7510016
286 1 561152 565248
16 1 3342336 3346432
10 1 4718592 4722688
292 1 9834496 9838592
10 1 5844992 5861376
988 1 3604480 3670016
4 1 548864 552960
69 1 2514944 2543616
69 1 2543616 2547712
8 1 9003008 9011200
660 1 2613248 2616320
614 1 2007040 2009600
329 1 7118848 7122944
367 1 1167360 1171456
21 1 737280 753664
93 1 9007104 9052160
93 1 9052160 9056256
444 1 10092544 10095104
402 1 1994752 1998848
70 1 3051520 3055616
19 1 8351744 8359936
98 1 4800512 4820992
459 1 769536 773632
271 1 2248192 2252288
725 1 6815232 6819328
459 1 802304 806400
272 1 8662528 8666624
823 1 2170368 2174464
681 1 1224192 1228288
513 1 8007680 8011776
725 1 6819328 6823424
98 1 4820992 4825088
304 1 5846528 5848576
37 1 5820416 5824512
392 1 6483968 6541312
292 1 8155136 8159232
392 1 6541312 6545408
155 1 1126400 1134592
155 1 1134592 1138688
292 1 8155136 8159232
520 1 3117056 3121152
520 1 3551232 3559424
520 1 3100672 3112960
520 1 3149824 3153920
520 1 3563520 3567616
520 1 3133440 3145728
520 1 1949696 1957888
520 1 1961984 1966080
155 1 1138688 1146880
418 1 3502080 3518464
807 1 9637888 9641984
807 1 9846784 9871360
323 1 10453504 10485760
324 1 0 200704
324 1 204800 496128
104 1 2883584 3072000
104 1 3072000 3080192
649 1 7651328 7659520
104 1 6291456 6356992
649 1 7659520 7663616
104 1 7405568 7471104
324 1 496128 1007616
104 1 7864320 7929856
372 1 1589248 1602048
436 1 9482240 9498624
171 1 5009408 5025792
179 1 4595712 4612096
170 1 4308992 4325376
31 1 5128192 5144576
179 1 3063808 3096576
171 1 303104 319488
40 1 1884160 1888256
174 1 3248128 3264512
175 1 827392 843776
174 1 8392704 8409088
172 1 4349952 4382720
175 1 1646592 1662976
173 1 9400320 9416704
174 1 9158656 9175040
175 1 7942144 7958528
176 1 1396736 1413120
175 1 8990720 9007104
172 1 5697536 5713920
215 1 5332992 5349376
952 1 5517312 5775360
133 1 10317824 10321920
487 1 2367488 2375680
879 1 5861376 5898240
306 1 7168000 7172096
286 1 9011200 9015296
306 1 7102464 7106560
64 1 7233536 7241728
116 1 176128 196608
340 1 9572352 9613312
340 1 9994240 10027008
341 1 172032 204800
340 1 10461184 10485760
341 1 0 8192
341 1 540672 573440
341 1 622592 655360
341 1 1105920 1142784
307 2 7323648 7340032 7340032 7344128
307 1 7512064 7516160
664 1 3604480 3608576
307 1 7475200 7507968
307 1 7520256 7593984
307 1 7405568 7471104
307 1 7942144 7946240
307 1 7966720 7983104
307 1 7598080 7602176
311 1 585728 618496
657 1 1634304 1642496
657 1 1642496 1646592
186 1 4308992 4341760
7 1 9379840 9388032
186 1 4575232 4579328
50 1 49152 65536
185 1 4284416 4300800
273 1 7979008 7980544
31 1 6012928 6017024
267 1 5279744 5292032
117 1 7619072 8143360
117 2 8143360 8388608 8388608 8667648
117 1 8667648 9191936
118 1 602624 655360
746 1 5070848 5079040
110 1 3301376 3321856
110 1 3321856 3325952
85 1 4358144 4362240
85 1 4378624 4382720
9 1 10063872 10067968
336 1 6111232 6127616
209 1 7204864 7208960
193 1 5578752 5586944
530 1 9453568 9465856
61 1 7090176 7094272
531 1 3317760 3383296
63 1 9338880 9342976
531 1 3383296 3387392
61 1 1970176 1974272
68 1 1318912 1323008
366 1 3547136 3551232
63 1 5128192 5132288
63 1 5132288 5136384
581 1 10416128 10420224
582 1 12288 16384
2 1 5607424 5611520
581 1 10428416 10452992
3 1 5115904 5120000
582 1 16384 20480
3 1 1609728 1613824
3 1 5181440 5181952
2 1 5603328 5607424
181 1 3284992 3289088
3 1 1515520 1519616
294 1 2039808 2043904
657 1 7512064 7520256
208 1 5005312 5025792
733 1 4403200 4440064
294 1 2011136 2015232
657 1 7520256 7524352
733 1 737280 765952
5 1 7114752 7118848
459 1 6365184 6369280
968 1 9461760 9465856
120 1 4620288 4624384
116 1 253952 282624
459 1 6258688 6262784
486 1 5849088 5853184
885 1 4747264 4755456
116 1 282624 286720
815 1 6234112 6250496
178 1 1085440 1118208
177 1 6397952 6430720
176 1 3510272 3543040
245 1 856064 872448
243 1 4890624 4923392
239 1 692224 724992
178 1 7221248 7237632
246 1 8155136 8171520
173 1 2351104 2383872
184 1 5316608 5332992
180 1 2629632 2646016
217 1 2646016 2662400
183 1 8966144 8982528
180 1 6967296 7032832
183 1 2076672 2093056
172 1 8339456 8372224
61 1 1970176 1974272
173 1 4521984 4538368
184 1 6131712 6148096
174 1 3301376 3305472
676 1 6090752 6094848
103 1 4321280 4333568
759 1 925696 929792
161 1 9318400 9322496
733 1 9216000 9220096
367 1 2641920 2646016
184 1 5840896 5844992
174 1 2777088 2781184
367 1 2641920 2646016
620 1 5943296 5947392
629 1 9310208 9314304
629 1 6328320 6332416
85 1 2760704 2764800
987 1 6836224 6840320
629 1 7180288 7184384
629 1 9805824 9814016
139 1 1679360 1683456
186 1 347648 351744
643 1 1142784 1146880
356 1 9256960 9261056
356 1 9285632 9289728
677 1 7712768 7716864
677 1 7680000 7684096
643 1 2220032 2224128
677 1 8171520 8175616
721 1 7426048 7430144
200 1 2154496 2158592
231 1 647168 684032
42 1 10158080 10194944
246 1 4825088 4826112
583 1 319488 320512
116 1 5667840 5668864
286 1 561152 565248
568 1 8433152 8437248
567 1 3198464 3415552
568 1 8945152 8994304
569 2 1035776 1048576 1048576 1383936
576 1 6798848 6848000
568 1 8494592 8855040
111 1 8724992 9249280
69 1 6283264 6287360
577 1 6336000 6385152
137 1 9158144 9162240
162 1 7998976 8003072
170 1 5660160 5664256
170 1 5561856 5565952
677 1 2514944 2519040
567 2 4935168 5242880 5242880 5291520
283 1 10006528 10010624
568 1 8998400 9354752
246 1 5267456 5271552
164 1 6872576 6876672
583 1 9134080 9138176
210 1 5136384 5160960
648 1 1220608 1236992
785 1 1994752 2068480
235 1 4644864 4648960
816 1 9437184 9719808
452 1 7987200 7991296
40 1 1896448 1900544
40 1 3194880 3198976
340 1 2793472 2797568
317 1 2957312 3035136
317 1 3035136 3039232
340 1 2797568 2805760
208 1 3543040 3547136
317 1 3039232 3072000
709 1 679424 683520
864 1 4423168 4427264
309 1 5279744 5283840
655 1 3289088 3293184
218 1 10014720 10018816
50 1 2945024 2949120
534 1 6717440 6746112
579 1 6434816 6443008
534 1 6795264 6905856
101 1 4624384 4628480
106 1 4496896 4500992
50 1 3801088 3813376
475 1 9060352 9064448
222 1 3072000 3076096
281 1 2498560 2502656
222 1 8822784 8826880
183 1 4096 36864
183 1 36864 40960
11 1 544768 561152
629 1 6160384 6176768
308 1 2932736 2940928
182 1 9596416 9600512
56 1 7380992 7385088
7 1 6787072 6791168
259 1 3215360 3218944
7 1 6926336 6930432
308 1 2940928 2945024
228 1 7479296 7491584
348 1 5701632 5767168
550 1 3784192 3784704
181 1 651264 913408
52 1 5832704 5836800
36 1 1736704 1740800
167 1 8425472 8429568
167 1 8413184 8417280
177 1 118784 122880
177 1 131072 135168
36 1 1744896 1748992
301 1 7118848 7122944
301 1 7102464 7110656
550 1 3788288 3788800
318 1 5447680 5451776
323 1 720896 729088
54 1 3502080 3522560
313 1 3235840 3760128
645 1 6303744 6340608
196 1 9170944 9175040
470 1 2375680 2441216
291 1 5525504 5722112
886 1 3575808 3579904
914 1 7725056 7729152
880 1 4980736 4993024
879 1 7565312 7614464
879 1 7618560 7630848
914 1 8830976 8839168
301 1 356352 364544
914 1 9154560 9158656
184 1 7933952 7934464
520 1 9220096 9224192
306 1 7168000 7172096
114 1 7266304 7282688
64 1 7241728 7245824
372 1 2387968 2392064
520 1 9216000 9220096
471 1 3424256 3428352
520 1 8859648 8863744
519 1 8523776 8527872
759 1 4890624 4898816
776 1 4501504 4513792
116 1 1638400 1683456
506 1 2957312 2973696
506 1 2924544 2940928
623 2 8343552 8388608 8388608 8425472
506 1 3497984 3514368
67 1 765952 782336
184 1 7929856 7933952
50 1 196608 200704
394 1 6938624 7004160
10 1 5091328 5107712
184 1 1036288 1044480
40 1 1847296 1863680
810 1 4321280 4329472
192 1 10334208 10350592
15 1 9273344 9293824
617 1 10043392 10067968
202 1 4509696 4513792
631 1 4800512 4804608
311 1 651264 659456
311 1 544768 565248
340 1 8069120 8101888
311 1 622592 626688
311 1 671744 679936
311 1 634880 647168
311 1 684032 688128
664 1 3608576 3743744
341 1 65536 110592
307 1 7950336 7962624
418 1 9334784 9347072
307 1 8138752 8142848
307 1 8101888 8110080
311 1 524288 528384
307 1 7987200 7991296
307 1 8060928 8069120
307 1 7995392 8036352
307 1 8040448 8044544
307 1 8048640 8052736
314 1 8777728 8781824
867 1 6103040 6107136
722 1 528384 532480
984 1 4366336 4370432
984 1 4771840 4775936
984 1 2617344 2621440
984 1 4763648 4767744
984 1 3411968 3416064
984 1 4399104 4403200
475 1 8212480 8228864
984 1 5173248 5177344
621 1 827392 831488
120 1 1327104 1343488
40 1 7090176 7094272
930 1 8716288 8720384
812 1 7843840 7847936
71 1 3751936 3764224
2 1 4808704 4812800
173 1 774144 774656
173 1 770048 774144
13 1 10354688 10362880
15 1 397312 413696
20 1 7106560 7110656
184 1 7651328 7667712
40 1 1777664 1785856
180 1 8847360 8880128
185 1 2199552 2232320
186 1 4550656 4567040
184 1 9584640 9617408
186 1 3715072 3747840
186 1 12288 28672
186 1 5218304 5234688
186 1 8249344 8265728
188 1 1339392 1355776
187 1 4366336 4399104
188 1 1765376 1781760
187 1 7946240 7979008
188 1 3375104 3391488
190 1 5296128 5308416
188 1 2269184 2285568
192 1 811008 827392
190 1 8839168 8855552
188 1 458752 475136
356 2 1646592 2097152 2097152 2170880
42 1 847872 851968
646 1 7510016 7511040
42 1 10194944 10199040
471 1 7131136 7135232
471 1 7073792 7090176
246 1 4826112 4828160
471 1 7159808 7196672
96 1 2539520 2543616
583 1 320512 321536
116 1 5668864 5669888
286 1 561152 565248
660 1 10309632 10313728
40 1 7065600 7073792
658 1 9936896 9940992
260 1 3338240 3342336
636 1 196608 204800
990 1 4272128 4304896
457 1 3809280 3813376
130 1 3383296 3428352
422 1 884736 888832
576 1 6852096 7200256
577 1 6389248 6749696
252 1 8764928 8769024
352 1 503296 507392
365 1 7593472 7597568
200 1 9326080 9334272
201 1 7048704 7052800
252 1 8580608 8584704
360 1 622080 626176
198 1 5045760 5049856
505 1 3022336 3026432
255 1 1560064 1564160
847 1 10259968 10485760
848 1 0 32256
404 1 114176 118272
252 1 10403328 10407424
432 1 9203712 9211904
143 1 929792 933888
8 1 417792 425984
763 1 6394880 6396416
483 1 1826816 1830912
3 1 3153920 3158016
722 1 5914624 5918720
34 1 4624384 4627456
15 1 7819264 7839744
15 1 471040 475136
20 1 7098368 7102464
276 1 6578176 6582272
20 1 7733248 7737344
426 1 3690496 3694592
274 1 2621440 2625536
274 1 2633728 2637824
79 1 7077888 7081984
328 1 2424832 2428928
431 1 1839104 1843200
275 1 4173824 4182016
328 1 2453504 2457600
328 1 2555904 2560000
476 1 548864 552960
475 1 7118848 7122944
499 1 1613824 1617920
352 1 2154496 2158592
434 1 3231744 3235840
20 1 7012352 7016448
20 1 8790016 8794112
49 1 9240576 9261056
50 1 4042752 4063232
53 1 4128768 4141056
119 1 2953216 2961408
119 1 4718592 4726784
83 1 9854976 9859072
105 1 7020544 7077888
105 1 7077888 7081984
334 1 3391488 3395584
49 1 9261056 9273344
40 1 1777664 1781760
709 1 700416 704512
708 1 6283264 6283776
283 1 7589376 7593472
283 1 7589376 7593472
3 1 9719808 9764864
8 1 4915200 4943872
594 1 9089024 9093120
816 1 2158592 2445312
419 1 8945664 8953856
0 1 4206592 4210688
441 1 6291456 6295552
0 1 12288 16384
210 1 5160960 5165056
0 1 0 4096
533 1 8052736 8056832
647 1 1613824 1617920
594 1 9633792 9637888
785 1 2068480 2072576
367 1 2641920 2646016
602 1 3305472 3307008
367 1 2641920 2646016
5 1 7049216 7061504
294 1 2076672 2080768
596 1 4063232 4067328
203 1 692224 733184
537 1 523776 531968
99 1 8847360 8851456
294 1 1974272 1978368
330 1 1290240 1294336
40 1 7020544 7024640
7 1 3698688 3715072
330 1 8630272 8633344
6 1 9543680 9547776
70 1 3047424 3051520
642 1 376832 380928
40 1 1777664 1785856
72 1 9728000 9732096
0 1 421888 438272
402 1 1998848 2060288
40 1 7020544 7028736
61 1 7155712 7159808
42 1 4415488 4431872
247 1 7651328 7659520
50 1 4509696 4521984
104 1 8323072 8380416
372 1 1602048 1654784
372 1 2244608 2310144
89 1 4665856 5190144
0 1 442368 458752
240 1 10448896 10481664
104 2 8380416 8388608 8388608 8642560
118 1 279040 602624
136 1 4473344 4521984
117 2 9191936 9437184 9437184 9716224
117 1 9716224 10240512
40 1 7020544 7024640
117 1 10240512 10485760
118 1 0 279040
657 1 5156864 5160960
118 2 664064 1048576 1048576 1114112
25 1 3034624 3038720
7 1 5169152 5185536
267 1 5292032 5296128
252 1 3321856 3325952
267 1 5296128 5304320
267 1 5304320 5308416
46 1 7352320 7356416
46 1 7380992 7385088
12 1 5013504 5017600
40 1 7634944 7639040
127 1 9555968 9568256
251 1 925696 929792
12 1 5017600 5025792
61 1 1966080 1970176
54 1 8777728 8794112
12 1 5025792 5029888
10 1 5017600 5021696
61 1 1961984 1966080
251 1 925696 929792
686 1 270336 274432
12 1 5029888 5042176
61 1 1966080 1970176
269 1 9060352 9072640
61 1 1970176 1974272
651 1 4571136 4579328
651 1 4579328 4583424
61 1 1966080 1970176
351 1 8536064 8560640
61 1 1970176 1974272
7 1 552960 561152
269 1 9072640 9080832
61 1 1966080 1970176
949 1 2531328 2535424
364 1 1355776 1358336
5 1 6561792 6565888
14 1 3411968 3416064
5 1 6639616 6643712
67 1 4603904 4608000
5 1 6946816 6950912
17 1 10334208 10338304
18 1 262144 266240
33 1 5677056 5685248
182 1 9600512 9936384
189 1 9089024 9093120
228 1 7491584 7495680
248 1 3284992 3289088
248 1 3346432 3350528
248 1 3407872 3411968
307 1 4845568 4849664
307 1 4784128 4788224
7 1 6979584 7016448
182 1 9936384 9940480
308 1 2945024 2953216
155 1 1146880 1150976
8 1 8601600 8630272
807 1 9834496 9846784
593 2 7241728 7340032 7340032 7372800
36 1 10301440 10309632
345 1 135168 139264
8 1 8630272 8634368
36 1 10240000 10248192
292 1 8155136 8159232
8 1 8650752 8654848
155 1 1150976 1159168
8 1 8634368 8646656
36 1 10309632 10313728
93 1 8822784 8839168
155 1 1159168 1163264
93 1 8839168 8843264
3 1 1609728 1613824
181 1 3350528 3362816
3 1 5369856 5373952
3 1 5713920 5718016
3 1 5275648 5279744
3 1 7536640 7540736
3 1 7524352 7528448
4 1 1421312 1425408
3 1 9031680 9035776
4 1 970752 974848
4 1 446464 450560
4 1 499712 503808
61 1 6664192 6668288
61 1 5177344 5177856
61 1 5177856 5178368
61 1 5178368 5182464
61 1 5182464 5186560
61 1 1966080 1970176
500 1 3563520 3567616
502 1 1675264 1683456
554 1 3887104 3907584
554 1 3907584 3911680
61 1 6668288 6668800
61 1 1970176 1974272
258 1 4365824 4369920
61 1 6680576 6684672
61 1 6672384 6676480
66 1 3452928 3469312
61 1 1966080 1970176
61 1 6668288 6668800
61 1 1970176 1974272
785 1 4116480 4165632
307 1 8081408 8097792
307 1 8171520 8175616
307 1 8073216 8077312
307 1 8163328 8167424
307 1 8146944 8159232
307 1 8179712 8183808
307 1 5451776 5492736
307 1 6627328 6688768
307 1 8114176 8118272
307 1 8122368 8134656
307 1 7397376 7401472
311 1 696320 733184
340 1 7991296 8036352
418 1 9347072 9351168
307 1 6742016 6877184
664 1 3739648 3743744
307 1 6934528 6942720
307 1 6533120 6537216
307 1 7049216 7053312
190 1 9625600 9641984
188 1 2170880 2203648
189 1 4395008 4427776
123 1 2211840 2228224
193 1 2097152 2113536
192 1 2904064 2920448
193 1 3416064 3432448
192 1 8331264 8364032
195 1 532480 565248
192 1 6082560 6098944
177 1 5857280 5861376
589 1 2600960 2617344
193 1 2244608 2260992
195 1 827392 843776
195 1 9048064 9064448
422 2 5234688 5242880 5242880 5440000
197 1 872448 905216
900 1 1888256 1904640
195 1 1634304 1650688
210 1 9134080 9150464
537 1 1048576 1572864
51 1 2276864 2338304
541 1 3670016 4194304
541 1 4194304 4718592
541 1 3145728 3670016
541 1 5242880 5767168
541 1 4718592 5242880
541 1 5767168 6291456
541 1 6291456 6684672
717 1 10342400 10346496
539 1 1310720 1835008
539 2 1835008 2097152 2097152 2359296
51 1 2338304 2342400
542 1 9084928 9306112
6 1 4620288 4640768
306 1 7102464 7106560
623 1 8425472 8429568
286 1 9011200 9019392
671 1 540672 544768
64 1 7245824 7254016
19 1 8081408 8097792
193 1 1097728 1110016
617 1 10067968 10072064
249 1 2646016 2654208
207 1 7688192 7692288
40 1 1789952 1806336
106 1 4500992 4603392
245 1 2129920 2134016
469 1 2248704 2256896
40 1 7024640 7028736
579 1 6443008 6447104
156 1 8114176 8115200
534 1 10452992 10485760
535 1 0 32768
466 1 9924608 9928704
106 1 4603392 4607488
11 1 7831552 7835648
309 1 5283840 5292032
70 1 3051520 3055616
419 1 8953856 8957952
594 1 9650176 9654272
294 1 2068480 2072576
810 1 1552384 1557504
452 1 9728000 9732096
594 1 9785344 9789440
3 1 8904704 8921088
648 1 1236992 1241088
8 1 8871936 8876032
393 1 9850880 9867264
792 1 7643136 7659520
117 1 3784704 3801088
721 1 3280896 3297280
422 1 4858368 5177344
25 1 3579904 3584000
393 2 2084864 2097152 2097152 2117632
197 1 937984 954368
195 1 8785920 8802304
119 1 2101248 2117632
433 1 9625600 9637888
119 1 532480 548864
120 1 9912320 9928704
106 1 7397376 7413760
386 1 2781184 2797568
654 1 7364608 7397376
74 1 4853760 4870144
123 1 3837952 3854336
106 1 2424832 2457600
273 1 2338816 2342912
193 1 507904 512000
479 1 253952 258048
49 1 1060864 1069056
152 1 5455872 5459968
113 1 9363456 9367552
42 1 4415488 4435968
49 1 1073152 1077248
314 1 8777728 8781824
193 1 507904 512000
627 1 8835072 8839168
627 1 7593984 7598080
311 1 5558272 5562368
627 1 8540160 8548352
553 1 7376384 7785984
664 1 7913472 7917568
664 1 8941568 8945664
957 1 206336 207360
49 1 225280 229376
332 2 3920384 4194304 4194304 4444672
409 1 3489792 3493888
957 1 207360 208384
50 1 3538944 3571712
516 1 8294400 8298496
140 1 4435968 4436992
957 1 208384 209408
49 1 167936 176128
332 1 4444672 4968960
957 1 209408 210432
957 1 210432 211456
332 1 5468160 5497344
332 2 4968960 5242880 5242880 5464064
957 1 211456 212480
957 1 212480 213504
646 1 7511040 7512064
109 1 6606848 6610944
4 1 1040384 1044480
116 1 5669888 5670912
160 1 3624960 3629056
583 1 321536 322560
286 1 561152 565248
246 1 4828160 4830208
7 1 6950912 6971392
189 1 9089024 9093120
228 1 7495680 7507968
294 1 1970176 1978368
34 1 937984 946176
308 1 2953216 2957312
57 1 6946816 6947840
372 1 2834432 2899968
40 1 1781760 1794048
832 1 9052160 9056256
867 1 9216000 9220096
10 1 2080768 2084864
339 1 9641984 9674752
372 1 3362816 3428352
20 1 8822784 8826880
924 1 4718592 4726784
659 1 4222976 4231168
651 1 4124672 4132864
659 1 4272128 4276224
659 1 4255744 4268032
651 1 4132864 4136960
654 1 2772992 2781184
659 1 4276224 4280320
280 1 3237888 3239424
654 1 2781184 2785280
419 1 10285056 10289152
366 1 3551232 3559424
653 1 9789440 9797632
653 1 9797632 9801728
63 1 5128192 5132288
366 1 3559424 3571712
298 1 3448832 3457024
89 1 1138688 1142784
217 1 741376 745472
5 1 6774784 6782976
10 1 5861376 5881856
608 1 8396800 8400384
492 1 6238208 6241280
252 1 6184960 6230016
89 1 1146880 1150976
594 1 9797632 9801728
1 1 6889472 6893568
891 1 7434240 7442432
384 1 4960256 4964352
384 1 4898816 4902912
717 1 8622080 8626176
647 1 1609728 1613824
595 1 3936256 3940352
4 1 921600 925696
2 1 5607424 5611520
3 1 1515520 1519616
307 1 7028736 7032832
307 1 6975488 6979584
307 1 6897664 6905856
307 1 6922240 6926336
307 1 6987776 6991872
307 1 4726784 4759552
307 1 6692864 6725632
40 1 7086080 7090176
340 1 8896512 8929280
307 1 7012352 7020544
307 1 7000064 7004160
307 1 7380992 7385088
307 1 7766016 7782400
40 1 7020544 7024640
525 1 1331200 1339392
254 1 6434816 6438912
635 1 6385664 6389760
602 1 9453568 9457664
40 1 7086080 7090176
623 1 3977216 3981312
796 1 8204288 8208384
238 1 4489216 4509696
238 1 4509696 4513792
182 1 6230016 6238208
182 1 6295552 6324224
124 1 9981952 9994240
207 1 7565312 7569408
10 1 5107712 5128192
431 1 3465216 3469312
258 1 131072 327680
13 1 8359936 8364032
133 1 7790592 7798784
13 2 5234688 5242880 5242880 5251072
232 2 8323072 8388608 8388608 8597504
50 1 4079616 4100096
13 1 8364032 8368128
19 1 962560 978944
131 1 1073152 1114112
301 1 9654272 9658368
984 1 8208384 8212480
232 1 9121792 9187328
40 1 7086080 7090176
74 1 1572864 1576960
232 1 8597504 9121792
885 1 4751360 4755456
40 1 7016448 7020544
294 1 2011136 2015232
6 1 9474048 9478144
62 1 1069056 1085440
885 1 4751360 4755456
946 1 1138688 1204224
189 1 2039808 2043904
886 1 4497408 4530176
880 1 5980160 5996544
879 1 8159232 8224768
236 1 9121792 9252864
879 1 8945664 9011200
32 1 8200192 8265728
189 1 2039808 2048000
879 1 9826304 9838592
879 1 9732096 9785344
474 1 1003520 1019904
5 1 9482240 9547776
880 1 466944 507904
474 1 1019904 1024000
950 1 1757184 1822720
307 1 5873664 5877760
68 1 1048576 1052672
50 1 4653056 4657152
42 1 3866624 3907584
40 1 7090176 7094272
73 1 9605120 9609216
42 1 3907584 3911680
81 1 2363392 2367488
522 1 1166848 1170944
286 1 2702848 2706944
522 1 8838656 8842752
968 1 2117632 2641920
534 1 6914048 6930432
941 1 2252800 2256896
774 1 3723264 3727360
11 1 7835648 7839744
309 1 5292032 5296128
534 1 6905856 6914048
41 1 3940352 3944448
40 1 7086080 7090176
41 1 4145152 4149248
534 1 6930432 7036928
41 1 3829760 3833856
542 2 3829760 4194304 4194304 4341760
315 1 8351744 8355840
98 1 6078464 6082560
129 1 3284992 3289088
98 1 6123520 6127616
98 1 6176768 6189056
96 1 3756032 3760128
301 1 2338816 2342912
274 1 442368 446464
310 1 2347008 2416640
49 1 8622080 8630272
49 1 8597504 8605696
52 1 4628480 4644864
310 1 2416640 2420736
147 1 5320704 5324800
377 1 3301376 3317760
98 1 6189056 6193152
42 1 1327104 1343488
40 1 1843200 1847296
39 1 335872 339968
0 1 438272 458752
11 1 561152 581632
116 1 10289152 10313728
208 1 3149824 3153920
317 1 3072000 3076096
809 1 5742592 5746688
926 1 7536640 7537152
45 1 8265728 8269824
116 1 10313728 10317824
40 1 1777664 1781760
661 1 5693440 5701632
42 1 1261568 1277952
661 1 5701632 5705728
40 1 1843200 1851392
182 1 9936896 10048000
182 1 9576960 9916416
5 1 7016448 7036928
182 1 10113536 10338304
40 1 7086080 7090176
185 1 860160 991232
40 1 7012352 7016448
185 2 1015808 1048576 1048576 1060864
185 1 667648 791040
185 1 991232 1015808
185 1 791040 860160
185 1 1605632 1646592
185 1 1081344 1470976
394 1 7581696 7589888
185 1 1646592 1671168
185 1 1470976 1605632
194 1 4468736 4833792
93 1 9637888 9638400
96 1 9932800 9936896
144 1 8781824 9125888
145 1 802816 819200
145 1 1146880 1163264
145 1 1294336 1310720
145 1 917504 933888
145 1 3751936 3768320
144 1 2535424 2551808
49 1 9469952 9482240
40 1 1843200 1847296
367 1 2641920 2650112
42 1 6393856 6414336
12 1 9437184 9453568
40 1 7114752 7127040
367 1 2646016 2650112
367 1 2646016 2650112
367 1 2646016 2658304
42 1 10199040 10227712
646 1 7512064 7513088
87 1 4063232 4067328
116 1 5670912 5671936
286 1 561152 565248
42 1 851968 856064
40 1 1880064 1884160
228 1 7507968 7512064
37 1 4067328 4071424
513 1 8032256 8052736
296 1 65536 77824
228 1 7512064 7524352
117 1 8110080 8126464
119 1 2936832 2953216
380 1 860160 868352
379 1 3506176 3510272
121 1 6627328 6643712
61 1 3538944 3543040
125 1 5722112 5738496
36 1 10240000 10244096
40 1 1818624 1822720
25 1 3579904 3588096
61 1 1966080 1970176
152 1 716800 724992
25 1 3584000 3588096
15 1 9224192 9240576
152 1 724992 729088
433 1 9633792 9646080
40 1 1884160 1896448
380 1 868352 872448
25 1 3584000 3588096
36 1 10305536 10309632
150 1 5651968 5873152
848 1 2162176 2678272
354 1 6409728 6417920
111 2 9249280 9437184 9437184 9773568
170 1 5660160 5664256
150 1 5873152 5877248
354 1 6413824 6417920
252 1 8580608 8584704
164 1 6872576 6876672
198 1 5045760 5049856
432 1 9211904 9216000
848 1 3726848 3923456
848 2 2678272 3145728 3145728 3202560
848 1 3202560 3726848
775 1 5693440 5697536
246 1 5267456 5275648
176 1 4673024 4677120
111 1 9773568 10039808
207 1 7032832 7098368
208 1 9601024 9666560
208 1 10387456 10452992
40 1 1859584 1867776
209 1 360448 425984
209 1 819200 840192
653 1 4624384 4632576
653 1 4632576 4636672
209 1 1430016 1474560
209 2 2056192 2097152 2097152 2121728
209 1 4882432 4947968
209 1 5472256 5537792
623 1 8429568 8466432
55 1 2678784 2695168
306 1 7168000 7172096
64 1 7254016 7258112
623 1 8466432 8470528
67 1 765952 847872
656 1 7282688 7290880
306 1 7102464 7106560
656 1 7290880 7294976
286 1 9015296 9019392
67 1 7057408 7073792
67 1 7467008 7483392
419 1 8957952 8966144
40 1 3063808 3067904
70 1 3047424 3051520
642 1 376832 380928
3 1 1609728 1613824
629 1 6176768 6197248
16 1 3747840 3751936
16 1 8945664 8953856
16 1 8957952 8962048
16 1 9011200 9015296
16 1 9773056 9777152
302 1 1978368 1982464
16 1 10477568 10481664
804 1 327680 331776
360 1 3805184 3809280
252 1 5787648 5791744
843 1 7479296 7483392
843 1 7405568 7409664
339 1 9674752 9678848
104 1 8642560 8650752
377 2 4190208 4194304 4194304 4255744
89 2 5190144 5242880 5242880 5714432
104 1 8716288 8781824
377 1 4714496 4780032
118 1 1114112 1638400
118 2 1638400 2097152 2097152 2162688
118 1 2162688 2686976
118 2 2686976 3145728 3145728 3211264
66 1 7090176 7106560
266 1 3018752 3059712
136 1 4849664 4915200
118 1 3211264 3735552
130 1 3428352 3432448
40 1 7135232 7143424
91 1 1056768 1060864
40 1 7073792 7077888
40 1 7139328 7143424
43 1 1048576 1052672
507 1 2244608 2248704
91 1 1056768 1060864
2 1 4612096 4616192
50 1 200704 212992
15 1 9293824 9306112
2 1 4608000 4612096
194 1 5312512 5316608
40 1 1794048 1798144
188 1 5287936 5292032
14 1 4263936 4276224
658 1 10113024 10121216
809 1 6287360 6291456
56 1 3858432 3862528
294 1 9424896 9428992
906 1 8302592 8306688
40 1 7024640 7032832
342 1 9399808 9403904
278 1 6331904 6381056
343 1 581120 585216
343 1 548352 552448
289 2 8355328 8388608 8388608 8404480
998 1 7660032 7660544
278 1 6385152 6794752
475 1 8228864 8249344
643 1 6279168 6287360
289 1 8408576 8818176
42 1 10227712 10231808
583 1 322560 323584
646 1 7513088 7514112
650 1 7888896 7897088
356 1 2170880 2695168
246 1 4830208 4831232
61 1 1966080 1970176
29 1 1470464 1478656
294 1 2031616 2035712
28 1 1372160 1376256
308 1 2957312 2990080
114 1 3035136 3039232
275 1 8167424 8171520
63 1 5132288 5136384
63 1 5128192 5132288
360 1 10178560 10207232
62 1 5021696 5038080
294 1 2076672 2080768
537 1 527872 531968
330 1 6078464 6094848
438 1 4718592 4734976
596 1 4063232 4067328
89 1 1142784 1146880
298 1 3457024 3465216
89 1 1150976 1155072
499 1 5320704 5324800
12 1 3354624 3362816
261 1 10157568 10161664
252 1 6295552 6316032
151 1 5586944 5636096
63 1 8491008 8495104
588 1 6762496 6770688
677 1 3088384 3091968
467 1 7168000 7172096
910 1 1880064 1884160
106 1 3747840 3776512
714 1 9406976 9407488
44 1 8470528 8474624
45 1 8548352 8552448
106 1 3776512 3780608
550 1 3792384 3792896
63 1 7004160 7020544
714 1 9407488 9408000
946 1 4141568 4143616
946 1 4143616 4147712
884 1 7176192 7176704
652 1 3969024 3977216
54 1 3522560 3534848
714 1 9407488 9408000
652 1 3977216 3981312
145 1 3670016 3686400
145 1 3833856 3850240
145 1 4079616 4096000
81 1 10387456 10403840
301 1 7372800 7389184
519 1 5160960 5193728
519 1 4898816 4915200
82 1 327680 344064
519 1 5210112 5242880
82 1 81920 98304
519 1 5406720 5423104
491 1 7069696 7086080
519 1 5046272 5062656
425 1 2867200 2871296
738 1 4366336 4370432
81 1 2371584 2375680
42 1 4472832 4485120
42 1 4431872 4440064
85 1 4317184 4321280
533 1 8052736 8056832
426 1 5595136 5603328
150 1 5296128 5304320
426 1 5148672 5156864
426 1 5632000 5636096
250 1 5967872 6090752
49 1 8941568 8970240
67 1 7417856 7434240
67 1 7073792 7090176
67 1 7122944 7139328
64 1 7258112 7266304
26 1 9781248 9785344
90 1 5939200 5943296
79 1 5636096 5644288
79 1 5091328 5095424
432 1 507904 512000
306 1 7168000 7172096
81 1 2768896 2772992
90 1 819200 823296
441 1 6934528 6942720
64 1 7266304 7270400
49 1 10350592 10354688
50 1 131072 147456
263 1 10399744 10403840
940 1 10297344 10298368
38 1 6815744 6819840
36 1 10235904 10240000
36 1 10227712 10231808
15 1 9424896 9433088
23 1 9846784 9850880
39 1 1757184 1765376
15 1 9465856 9469952
49 1 3043328 3047424
568 1 3465216 3469312
106 1 8056832 8060928
229 1 2797568 2801664
283 1 7589376 7593472
283 1 7589376 7593472
224 1 4214784 4255744
15 1 9465856 9474048
16 1 2928640 2932736
151 1 3985408 3986432
537 1 8978432 8982528
608 1 1084928 1428992
42 1 4546560 4567040
579 1 6447104 6455296
245 1 2129920 2134016
709 1 679424 683520
864 1 4427264 4431360
145 1 1716224 1720320
579 1 6455296 6459392
101 1 4628480 4636672
300 1 5136384 5140480
309 1 5296128 5308416
534 1 7102464 7168000
459 1 9322496 9326592
784 1 1675264 1683456
334 1 7999488 8003584
459 1 9584640 9588736
711 1 4853760 4870144
901 1 3903488 3911680
426 1 5677056 5701632
901 1 5562368 5574656
901 1 5742592 5746688
294 1 2002944 2007040
419 1 8966144 8970240
427 1 577536 585728
711 1 4829184 4849664
797 1 1101824 1114112
901 1 4259840 4268032
901 1 4009984 4014080
626 1 8093696 8097792
11 1 4861952 4878336
157 1 6848512 6869504
325 1 8949760 8950784
40 1 1843200 1851392
489 1 9154560 9156608
750 1 1196032 1208320
63 1 8425472 8429568
118 1 4784128 5046272
39 1 1069056 1073152
118 2 3735552 4194304 4194304 4259840
120 1 6553600 6619136
118 1 4259840 4784128
895 1 9744384 9752576
136 1 5373952 5439488
136 1 4456448 4473344
202 1 10252288 10297344
118 1 655360 664064
39 1 1003520 1007616
136 1 5832704 5898240
202 1 10297344 10301440
136 1 6291456 6356992
10 1 3997696 4026368
304 1 1839104 1843200
377 1 5292032 5308416
377 2 5238784 5242880 5242880 5287936
377 1 5898240 5963776
42 1 1703936 1724416
398 1 831488 835584
288 1 5062656 5066752
308 1 8455168 8458752
116 1 5671936 5672960
650 1 7897088 7901184
4 1 1036288 1040384
583 1 323584 324608
185 1 5423104 5435392
299 1 2682880 2723840
826 1 5095424 5099520
228 1 7524352 7528448
294 1 1961984 1966080
33 1 9662464 9666560
728 2 1048064 1048576 1048576 1052160
724 2 1048064 1048576 1048576 1097216
728 1 1052160 1097216
70 1 3051520 3055616
3 1 5181440 5181952
2 1 5603328 5607424
3 1 1515520 1519616
3 1 1609728 1613824
49 1 1060864 1064960
110 1 4980736 4984832
342 1 9645568 9649664
39 1 7794176 8318464
280 1 40448 81408
292 1 8707584 8711680
138 1 5943296 5955584
289 1 8818176 8822272
278 1 6794752 6798848
343 1 548352 552448
283 1 8281088 8282624
39 2 8318464 8388608 8388608 8842752
294 1 2031616 2056192
40 1 7077888 7081984
636 1 200704 327680
78 1 3977216 3981312
422 1 884736 888832
457 1 3809280 3842048
78 1 4042752 4046848
130 1 3432448 3518464
422 1 5440000 5964288
208 1 7561216 7565312
152 1 9170944 9187328
61 1 1970176 1974272
25 1 3584000 3592192
40 1 1826816 1830912
152 1 729088 737280
15 1 9240576 9261056
25 1 3588096 3592192
663 1 2744320 2752512
123 1 2228224 2236416
40 1 1892352 1896448
123 1 3416064 3428352
846 1 3342336 3358720
25 1 3588096 3592192
152 1 737280 741376
422 2 5964288 6291456 6291456 6488576
208 1 7561216 7565312
61 1 1966080 1970176
25 1 3588096 3592192
746 1 6553600 6557696
40 1 7020544 7024640
292 1 8155136 8159232
36 1 10244096 10252288
42 1 4612096 4632576
155 1 1163264 1171456
155 1 1171456 1175552
36 1 10313728 10330112
36 1 10260480 10268672
292 1 8155136 8167424
155 1 1175552 1183744
36 1 10330112 10334208
40 1 7020544 7028736
155 1 1183744 1187840
522 1 4308480 4308992
562 1 1294336 1318912
360 1 1261568 1265664
658 1 10121216 10125312
91 1 4677632 4755456
91 1 4755456 4759552
28 1 2416640 2433024
71 1 9646080 9650176
70 1 6320128 6332416
246 1 6000640 6004736
71 1 9838592 9842688
84 1 1511424 1515520
260 1 6168576 6172672
84 1 1523712 1527808
61 1 1966080 1970176
84 1 1118208 1122304
186 1 9076736 9080832
70 1 6410240 6414336
71 1 9637888 9641984
40 1 1855488 1859584
377 1 6881280 6894080
2 1 4739072 4743168
539 2 2883584 3145728 3145728 3342336
539 1 2359296 2883584
542 1 8560640 9084928
557 1 8650752 9175040
40 1 1843200 1855488
557 2 9175040 9437184 9437184 9699328
565 1 6422528 6946816
143 1 4685824 4718592
565 1 6946816 7208960
557 1 9699328 10223616
557 1 10223616 10485760
558 1 0 196608
567 1 1507328 1703936
563 1 65536 131072
515 1 5029888 5095424
538 1 2228224 2293760
536 1 8388608 8912896
542 1 327680 458752
536 1 8912896 9207808
40 1 1777664 1781760
142 1 5210112 5213184
286 1 9015296 9019392
336 1 8032256 8036352
81 1 7393280 7397376
709 1 679424 683520
13 1 4833280 4837376
106 1 4607488 4636160
218 1 10039296 10059776
11 1 7831552 7835648
463 2 4739072 5242880 5242880 5263360
752 1 3080192 3092480
534 1 7036928 7102464
309 1 5308416 5312512
750 2 929792 1048576 1048576 1196032
260 1 3481600 3483648
20 1 1568768 1572864
783 1 4968448 4971520
89 1 1163264 1167360
11 1 3444736 3448832
89 1 1155072 1159168
40 1 1781760 1785856
11 1 4780032 4784128
89 1 1159168 1163264
560 1 4968448 4994560
988 1 3604480 3670016
207 1 7647232 7667712
182 1 6160384 6164480
182 1 5771264 5799936
933 1 6852608 6856704
182 1 6541312 6549504
57 1 102400 106496
180 1 1425408 1449984
108 1 6078464 6082560
294 1 1748992 1753088
300 1 8884224 8888320
402 1 1994752 2060288
293 1 9265152 9273344
111 1 10039808 10297856
820 1 6041600 6049792
337 1 5484544 5488640
176 1 4677120 4988416
42 1 9203712 9211904
432 1 9216000 9240576
337 1 5513216 5517312
176 1 4988416 4992512
112 1 12288 82432
12 1 6422528 6426624
48 1 5316608 5318144
112 1 82432 274944
111 1 10297856 10485760
112 1 0 8192
246 1 5271552 5275648
798 1 7921152 7925248
798 1 7925248 7937536
851 1 7794688 7798784
39 1 8842752 9240064
584 2 5946880 6291456 6291456 6471168
584 1 6471168 6708736
342 1 9399808 9403904
630 1 7987200 7991296
119 1 4587520 4591616
630 1 8069120 8073216
901 1 5652480 5672960
648 1 1241088 1253376
235 1 4669440 4702208
647 1 1613824 1617920
419 1 8970240 9003008
533 1 8052736 8056832
197 1 10305536 10306560
197 1 10301440 10305536
367 1 2650112 2654208
367 1 2650112 2654208
42 1 6414336 6422528
129 1 4333568 4341760
42 1 6881280 6885376
367 1 2650112 2658304
331 1 3387392 3395584
146 1 6791168 6795264
206 1 8859648 8888320
539 1 4333568 4336640
103 1 520192 573440
103 1 573440 577536
619 1 5600256 5665792
159 1 4476928 4481024
118 1 6004736 6012928
897 1 4784128 4788224
57 1 6864896 6905856
57 1 6905856 6909952
7 1 5185536 5197824
897 1 4784128 4788224
57 1 6909952 6926336
57 1 6926336 6930432
17 1 1114112 1130496
464 1 36352 40448
725 1 6823424 6864384
22 1 9601024 9605120
458 1 6753792 6757888
281 1 6528512 6532608
308 1 2990080 2994176
458 1 6786560 6790656
846 1 2502656 2506752
299 1 6078464 6086656
61 1 1970176 1974272
116 1 5672960 5673984
246 1 4831232 4832768
646 1 7514112 7514624
85 1 4476928 4521984
12 1 5042176 5046272
579 1 10215424 10215936
251 1 925696 933888
686 1 270336 274432
430 1 6488064 6504448
430 1 6504448 6508544
579 1 10215424 10215936
251 1 929792 933888
686 1 270336 274432
520 1 1708032 1712128
890 1 3149824 3153920
430 1 6508544 6533120
322 2 5210624 5242880 5242880 5734912
147 1 9723904 9736192
147 1 9736192 9740288
145 1 3567616 3571712
322 1 5734912 6259200
502 1 1015808 1017856
19 1 5468160 5484544
1 1 6709248 6713344
121 1 5951488 5980160
42 1 1277952 1298432
122 1 4272128 4280320
10 1 7770112 7774208
9 1 4952064 4956160
652 1 5615616 5623808
652 1 5623808 5627904
10 1 7774208 7778304
122 1 4280320 4284416
40 1 1843200 1859584
42 1 1343488 1363968
474 1 7938048 7942144
40 1 1789952 1794048
40 1 1855488 1859584
474 1 7938048 7942144
40 1 1789952 1794048
205 1 4411392 4423680
40 1 1855488 1859584
7 1 2846720 2850816
474 1 7938048 7942144
810 1 1564672 1569792
452 1 9768960 9773056
724 1 1101312 1437184
846 1 2637824 2646016
725 1 6868480 7118336
728 1 1101312 1482240
721 1 9743872 9747968
846 1 2338816 2347008
228 1 7528448 7540736
299 1 6090752 6094848
19 1 2179072 2187264
89 1 5714432 6238720
377 1 6894080 6946816
504 1 8126976 8127488
514 1 1720320 1724416
583 1 324608 325632
784 1 7745536 7749632
848 1 8871936 8876032
116 1 5673984 5675008
227 1 8912896 8916992
40 1 7098368 7106560
669 1 7774208 7786496
43 1 1048576 1052672
130 1 3518464 3522560
636 1 323584 434176
958 1 8777728 8781824
49 1 229376 233472
332 1 5497344 6021632
987 1 7516160 7520256
49 1 172032 180224
69 1 4669440 4685824
332 2 6021632 6291456 6291456 6336512
332 1 7057408 7122944
332 1 6336512 6480384
250 1 5799936 5812224
82 1 3166208 3170304
250 1 5812224 5816320
332 1 6480384 7004672
4 1 417792 421888
284 1 5910528 5914624
104 1 9207808 9211904
284 1 5943296 5951488
310 1 6459392 6463488
4 2 6287360 6291456 6291456 6307840
119 1 4640768 4644864
280 1 85504 552448
33 1 6090752 6094848
120 1 9793536 9797632
119 1 4837376 4841472
630 1 7790592 7794688
119 1 4517888 4521984
120 1 9818112 9822208
643 1 1134592 1138688
658 1 10072064 10080256
118 1 1929216 1932800
112 1 8425472 8433664
6 1 7663616 7667712
125 1 2572288 2576384
125 1 2527232 2531328
343 1 581120 585216
584 1 6704640 6708736
997 1 10215424 10219520
828 1 4124672 4128768
294 1 2068480 2072576
387 1 4268032 4269568
993 1 3985408 3997696
419 1 9003008 9007104
568 1 2023424 2027008
43 1 4702208 4706304
364 1 7110656 7114752
802 1 9924608 9926144
648 1 1253376 1257472
257 1 8880128 8888320
137 1 9043968 9109504
61 1 1966080 1970176
138 1 2490368 2555904
61 1 1961984 1966080
653 1 8925184 8933376
138 1 2949120 3014656
653 1 8933376 8937472
52 1 6021120 6029312
24 1 7274496 7327744
515 2 5095424 5242880 5242880 5619712
515 1 5619712 6144000
565 1 6291456 6422528
515 1 6668288 6930432
52 1 6160384 6172672
515 2 6144000 6291456 6291456 6668288
542 1 3997696 4063232
567 1 786432 983040
73 1 7684096 7696384
234 2 8216576 8388608 8388608 8740864
234 1 8740864 9175040
4 1 417792 421888
19 1 978944 999424
258 1 0 81920
4 1 409600 413696
505 1 6098944 6103040
50 1 4100096 4112384
99 1 1732608 1737216
240 1 10199040 10227712
704 1 831488 839680
704 1 720896 724992
704 1 856064 860160
894 1 10051584 10055680
899 1 8421376 8425472
20 1 10424320 10428416
120 1 10063872 10137600
846 1 2072576 2076672
304 1 5848576 5855744
900 1 4525568 4824576
23 1 2686976 2691072
994 1 7827456 7831552
513 1 8032256 8036352
294 1 5349376 5357568
827 1 10027008 10031104
342 1 9645568 9649664
828 1 2973696 2977792
837 1 2187264 2191360
349 1 7114752 7118848
997 1 6287360 6291456
294 1 1986560 2011136
12 1 6103040 6123520
131 1 6348800 6352896
826 1 9736192 9740288
625 1 3022848 3026944
131 1 6332416 6336512
826 1 9719808 9723904
209 1 8667136 8675328
73 1 4009984 4010496
437 1 2113024 2117120
627 1 9084928 9089024
658 1 692224 696320
14 1 4321280 4325376
452 1 1646592 1650688
89 1 1114112 1126400
69 1 2547712 2584576
238 1 7487488 7489536
40 1 1847296 1851392
273 1 7766016 7770112
11 1 4382720 4386816
763 1 6395904 6397440
993 1 4001792 4009984
484 1 9003008 9004544
783 1 4636672 4638208
390 1 6860800 6926336
330 1 8474624 8478720
299 1 2723840 2727936
44 1 7426048 7442432
356 2 2695168 3145728 3145728 3219456
246 1 4832768 4833792
285 1 491520 495616
185 1 5435392 5439488
848 1 8933376 8937472
646 1 7514624 7515648
143 1 4476928 4481024
583 1 325632 326656
42 1 856064 860160
593 1 1644544 1646080
116 1 5675008 5676032
36 1 10301440 10305536
209 1 5996544 6062080
19 1 8814592 8815104
209 1 7118848 7184384
209 1 7577600 7643136
601 1 3309568 3313664
209 1 8716288 8781824
203 1 843776 851968
768 1 40960 45056
937 1 1343488 1347584
385 1 774144 778240
601 1 3887104 3891200
209 1 9306112 9327104
474 1 4820992 4861952
209 1 9327104 9371648
180 1 9543680 9547776
474 1 4861952 4866048
1 1 6709248 6717440
493 1 1851392 1855488
493 1 1835008 1847296
138 1 5844992 5849088
25 1 5935104 5939200
885 1 4751360 4755456
294 1 2039808 2043904
62 1 5038080 5046272
64 1 8470528 8482816
294 1 2011136 2019328
657 1 2985984 2994176
885 1 4751360 4755456
596 1 4063232 4067328
294 1 1974272 1978368
294 1 2080768 2084864
657 1 2994176 2998272
885 1 4751360 4755456
42 1 5984256 6004736
516 1 761856 774144
377 1 7340032 7405568
46 1 3108864 3117056
64 1 6365184 6369280
64 1 6447104 6451200
64 1 6348800 6352896
89 2 6238720 6291456 6291456 6763008
64 1 6139904 6148096
149 1 577536 581632
106 1 4636160 4640256
579 1 6459392 6496256
534 1 7168000 7229440
149 1 614400 618496
101 1 4636672 4648960
245 1 2129920 2138112
608 1 7794176 7810560
608 1 8039936 8056320
608 1 8121856 8138240
77 1 2366976 2383360
42 1 4489216 4505600
608 1 6974976 6991360
361 1 4055040 4059136
31 1 8318976 8323072
14 1 8581120 8585216
578 1 6578176 6582272
20 1 5832704 5836800
367 1 2654208 2658304
539 1 4329472 4333568
146 1 7671808 7675904
468 1 192512 196608
206 1 8888320 8892416
146 1 4030464 4034560
147 1 6819840 6823936
367 1 2654208 2658304
147 1 6877184 6881280
151 1 9216000 9220096
367 1 2654208 2658304
23 1 4784128 4788224
228 1 7540736 7544832
22 1 2158592 2162688
745 1 5906432 5918720
308 1 2994176 3002368
304 1 5855744 5858304
2 1 4616192 4620288
61 1 6795264 6799360
61 1 3264512 3268608
487 1 2879488 2891776
391 1 6291456 6295552
943 1 9142272 9149440
580 1 5992448 6025216
815 1 6250496 6266880
40 1 1826816 1835008
25 1 3588096 3592192
152 1 741376 749568
380 1 872448 880640
25 1 3588096 3592192
177 1 5857280 5861376
152 1 749568 753664
61 1 1970176 1974272
243 1 737280 741376
40 1 1896448 1900544
25 1 3588096 3592192
152 1 9170944 9351168
25 1 3588096 3592192
152 1 753664 761856
182 1 3153920 3211264
152 1 761856 765952
40 1 1777664 1781760
330 1 3260416 3261440
180 1 466944 905216
180 1 1490944 1507328
180 1 983040 999424
130 1 3522560 3530752
40 1 1785856 1798144
66 1 2801664 2805760
40 1 7020544 7024640
40 1 7077888 7086080
233 1 2043904 2048000
630 1 8003584 8007680
658 1 10080256 10084352
211 1 6692864 6696960
7 1 1343488 1372160
730 1 1757184 1781760
186 1 351744 355840
730 1 1781760 1798144
10 1 4636672 4640768
73 1 4010496 4011008
186 1 355840 392704
107 1 5873664 5881856
757 1 4739072 4743168
200 1 3883008 3883520
73 1 4011008 4015104
186 1 392704 396800
294 1 2072576 2080768
98 1 6217728 6225920
98 1 6254592 6262784
940 1 6029312 6033408
979 1 122880 124928
542 1 4333568 4337664
52 1 4644864 4653056
315 1 8351744 8355840
52 1 4784128 4796416
274 1 442368 446464
310 1 2420736 2433024
310 1 2433024 2437120
498 1 7278592 7282688
493 1 757760 761856
427 1 708608 745472
427 1 745472 749568
103 1 9199616 9207808
122 1 7065600 7068672
188 1 1970176 1971712
103 1 9256960 9314304
820 1 6045696 6049792
112 1 950272 978944
798 2 7941632 8388608 8388608 8465920
12 1 6426624 6438912
798 1 8465920 8941056
112 1 340480 836096
12 1 6438912 6443008
246 1 5271552 5275648
12 1 6443008 6451200
112 1 836096 950272
871 1 2351104 2363392
871 1 2719744 2723840
871 1 7110656 7159808
330 1 10420224 10424320
647 1 1609728 1613824
12 1 2940928 2957312
253 1 9756672 9764864
235 1 4669440 4673536
901 1 3964928 3969024
436 1 7462912 7467008
419 1 9007104 9015296
5 1 6782976 6787072
331 1 1794048 1798144
142 1 1507328 1572864
262 1 7471104 7536640
157 1 4698112 4702208
388 1 10428416 10429952
389 1 3018752 3022848
142 1 2031616 2097152
157 1 4800512 4808704
143 1 4259840 4325376
608 1 118272 134656
609 1 3345920 3362304
608 1 8056320 8072704
608 1 151040 167424
609 1 3902976 3919360
609 1 2592256 2608640
608 1 6008320 6024704
609 1 2788864 2805248
309 1 5312512 5324800
608 1 3771904 3788288
579 1 6496256 6500352
609 1 1736192 1752576
608 1 3689984 3706368
608 1 5123584 5139968
608 1 10305024 10321408
282 1 859648 876032
609 1 4034048 4050432
609 1 4050432 4066816
468 1 1404928 1929216
188 1 6594560 6598656
646 1 1909760 1910272
471 1 5304320 5332992
646 1 1910272 1910784
64 1 6266880 6270976
377 1 8257536 8323072
180 1 831488 851968
53 1 8028160 8048640
377 1 8781824 8789504
180 1 917504 933888
887 1 3436544 3440640
984 1 7630848 7634944
33 1 2236416 2240512
15 1 3719168 3723264
70 1 3047424 3051520
642 1 376832 380928
70 1 3051520 3055616
0 1 438272 458752
40 1 1847296 1851392
565 1 5242880 5767168
35 1 7143424 7208960
565 1 5767168 6291456
40 1 1785856 1789952
542 1 4456448 4521984
515 1 4898816 5029888
40 1 7385088 7389184
393 1 4513792 4516864
646 1 7515648 7516672
246 1 4833792 4834816
288 1 5062656 5074944
299 1 2727936 2736128
40 1 1777664 1781760
87 1 4067328 4075520
356 1 4259840 4272128
132 1 3637248 3649536
891 1 5451776 5455872
44 1 7131136 7143424
130 1 3530752 3534848
663 1 3178496 3180032
66 1 2850816 2859008
663 1 3215360 3219456
279 1 7479296 7536640
57 1 8032256 8036352
91 1 1110016 1114112
297 1 9560064 9666560
69 1 2584576 2588672
48 1 9928704 9932800
273 1 7909376 7913472
292 1 9830400 9834496
48 1 9945088 9949184
294 1 2031616 2035712
273 1 8687616 8691712
292 1 9834496 9838592
528 1 4239360 4435968
27 2 6131712 6291456 6291456 6545408
630 1 6970880 7269888
630 1 6446592 6970880
710 1 7470592 7499264
710 1 7499264 7503360
143 1 4653056 4718592
120 1 10137600 10141696
182 1 9940480 10092032
583 1 7507968 7512064
36 1 10235904 10240000
50 1 2002944 2023424
228 1 7548928 7561216
304 1 5858304 5860352
182 1 10092032 10096128
308 1 3002368 3006464
522 1 9928192 9932288
520 1 1097216 1101312
638 1 5185536 5242880
673 1 8650752 8716288
673 1 9043968 9175040
673 1 9568256 9633792
673 1 9764864 9830400
673 1 9961472 10027008
674 1 262144 327680
606 1 9363456 9367552
677 1 2097152 2359296
705 1 7798784 8323072
705 2 8323072 8388608 8388608 8847360
705 1 8847360 9371648
180 1 1040384 1048576
180 1 1384448 1421312
180 1 1069056 1093632
288 1 540672 541696
118 1 6012928 6017024
159 1 4476928 4489216
538 1 3452928 3457024
118 1 6017024 6025216
346 1 2383872 2388992
424 1 5696512 5697536
538 1 1757184 1761280
118 1 6025216 6029312
657 1 4784128 4792320
424 1 5697536 5698048
159 1 4481024 4485120
657 1 4792320 4796416
118 1 6029312 6037504
643 1 6287360 6291456
73 1 4015104 4018176
122 1 9990144 9991168
237 1 8699392 8703488
378 1 6311424 6360576
378 1 7376384 7380480
394 1 5606912 5656064
237 1 8703488 8814080
122 1 9991168 9995264
378 1 7380480 7409152
394 1 5017088 5082624
372 1 7196160 7278080
394 1 5688832 5705216
110 1 4980736 4984832
70 1 4857856 4861952
250 1 5496832 5521408
40 1 1789952 1794048
40 1 1855488 1859584
474 1 7938048 7942144
40 1 1789952 1794048
49 1 9908224 9928704
40 1 1855488 1863680
550 1 5189632 5193728
474 1 7938048 7942144
395 1 4820992 4825088
331 1 2252800 2256896
648 1 1257472 1269760
419 1 9015296 9019392
250 1 6090752 6094848
647 1 1613824 1617920
27 1 9670656 9674752
883 1 327680 339968
891 1 7368704 7372800
886 1 909312 913408
891 1 7442432 7446528
517 2 6201344 6291456 6291456 6397952
562 1 4128768 4194304
518 1 4718592 4849664
542 1 4587520 4718592
517 2 5152768 5242880 5242880 5677056
517 1 5677056 6201344
769 1 6291456 6295552
777 1 5443584 5447680
518 1 4194304 4718592
518 2 8323072 8388608 8388608 8396800
145 1 1716224 1720320
11 1 7835648 7839744
218 1 10039296 10043392
216 1 4804608 4808704
709 1 679424 683520
498 1 7749632 8273920
472 1 7683584 7691776
309 1 5324800 5328896
11 1 7831552 7835648
579 1 6529024 6533120
579 1 6500352 6504448
15 1 3702784 3706880
183 1 6545408 6549504
33 1 2265088 2269184
33 1 2277376 2281472
317 1 6074368 6078464
46 1 3170304 3178496
89 1 6763008 6856704
89 1 7405568 7421952
89 1 7155712 7209472
44 1 2256896 2265088
322 1 10137600 10145792
370 1 1925120 1929216
318 1 5177344 5206016
319 1 10444800 10448896
210 1 9428992 9437184
64 1 7270400 7282688
602 1 8316416 8347136
64 1 7282688 7286784
657 1 5472256 5480448
269 1 368640 372736
210 1 9437184 9441280
657 1 5480448 5484544
63 1 5132288 5136384
366 1 3629056 3637248
63 1 5128192 5132288
42 1 1495040 1507328
42 1 1900544 1904640
40 1 1781760 1794048
167 1 9789440 9830400
15 1 9465856 9469952
120 1 8597504 8605696
120 1 8605696 8609792
265 1 9543680 9576448
283 1 7589376 7593472
295 1 7536640 7540736
283 1 7589376 7593472
294 1 4591616 4595712
294 1 4583424 4587520
224 1 4255744 4259840
16 1 5300224 5301248
283 1 7589376 7593472
283 1 7589376 7593472
583 1 326656 327680
185 1 5439488 5447680
4 1 1040384 1044480
286 1 561152 565248
646 1 7516672 7517696
246 1 4834816 4835840
292 1 9830400 9834496
356 1 3219456 3731456
61 1 1966080 1970176
81 1 3198976 3204608
112 2 978944 1048576 1048576 1389056
252 1 8580608 8584704
365 1 7470592 7474688
150 1 5873152 5877248
354 1 6413824 6417920
170 1 5660160 5664256
848 1 3923456 4021760
354 1 6446592 6450688
252 1 8764928 8769024
848 1 3919360 3923456
150 1 6049280 6086144
150 1 5877248 6049280
12 1 6451200 6455296
121 1 1506816 1572352
791 1 388608 404992
848 2 4025856 4194304 4194304 4324864
581 1 9457152 9805312
902 1 6143488 6290944
581 2 9403904 9437184 9437184 9453056
40 1 7086080 7090176
519 1 3571200 3575296
784 1 4751360 4755456
228 1 7561216 7565312
33 1 6893568 6897664
487 1 2887680 2891776
487 1 2887680 2891776
541 1 6148096 6180864
4 1 6307840 6320128
487 1 2887680 2891776
7 1 5197824 5210112
1 1 2564096 2576384
133 1 1347584 1368064
0 1 8855552 8867840
44 1 7081984 7086080
200 1 5337088 5341184
294 1 2015232 2019328
655 1 5148672 5156864
662 1 1945600 1953792
47 1 4411392 4415488
655 1 5156864 5160960
7 1 9097216 9113600
662 1 1953792 1957888
596 1 4063232 4067328
47 1 4354048 4362240
5 1 6840320 6848512
166 1 4894720 4898304
294 1 2043904 2048000
947 1 4853760 4870144
885 1 4751360 4755456
294 1 2080768 2084864
47 1 4415488 4419584
281 1 3371008 3379200
466 1 5767168 5771264
85 1 8978432 9043968
40 1 7086080 7090176
138 1 1630208 1695744
671 1 2134016 2138112
670 1 1396736 1462272
670 1 3485696 3551232
151 1 9265152 9269248
454 1 8285696 8289792
151 1 9433088 9437184
890 1 2056192 2060288
601 1 9027584 9031680
367 1 2654208 2666496
367 1 2658304 2662400
147 1 5505024 5570560
48 1 9957376 9961472
273 1 9080832 9084928
763 1 6396928 6397952
12 1 8564736 8568832
16 1 6459392 6471680
16 1 6471680 6475776
358 1 266240 270336
16 1 6475776 6483968
16 1 6483968 6488064
12 1 8564736 8568832
16 1 6488064 6496256
16 1 6496256 6500352
358 1 266240 270336
52 1 5177344 5193728
16 1 6500352 6508544
40 1 1859584 1867776
16 1 6508544 6512640
419 1 589824 593920
498 1 7208960 7213056
248 1 3334144 3338240
304 1 5860352 5862400
248 1 3416064 3420160
307 1 4784128 4788224
24 1 4808704 4812800
291 1 9559552 9563648
322 1 466432 470528
322 1 433664 437760
549 1 3186176 3190272
293 1 8896000 8900096
342 1 9645568 9649664
293 1 1601024 1605120
343 1 581120 585216
343 1 548352 552448
342 1 9399808 9403904
584 1 6704640 6708736
294 1 2011136 2027520
40 1 1843200 1847296
186 1 396800 531968
40 1 1773568 1777664
186 1 531968 536064
121 1 7667712 7668224
0 1 20480 24576
0 1 0 4096
518 1 7798784 8323072
77 1 831488 839680
720 1 3997696 4063232
542 1 6815744 6946816
516 1 7184384 7249920
35 1 9895936 9961472
140 1 5500928 5513216
542 1 7012352 7077888
80 1 5816320 5820416
286 1 561152 565248
185 1 5447680 5451776
646 1 7517696 7518720
40 1 1843200 1847296
299 1 2736128 2740224
44 1 7442432 7454720
42 1 860160 872448
288 1 5066752 5070848
40 1 7020544 7024640
50 1 2301952 2318336
332 1 7004672 7057408
332 2 8171520 8388608 8388608 8643072
69 1 4685824 4706304
661 1 4657152 4665344
49 1 241664 245760
332 1 8643072 8695808
50 1 2318336 2338816
332 1 9220096 9285632
40 1 7086080 7090176
332 1 9482240 9547776
6 1 1835008 1851392
661 1 4665344 4669440
308 1 3829760 3833856
384 1 4898816 4902912
452 1 9809920 9814016
27 1 9441280 9445376
810 1 1576960 1582080
419 1 9019392 9027584
49 1 9048064 9052160
419 1 9027584 9031680
648 1 1269760 1273856
367 1 2658304 2662400
147 1 5963776 6029312
292 1 8159232 8163328
36 1 10264576 10268672
155 1 1187840 1196032
36 1 10330112 10342400
155 1 1196032 1200128
72 1 6512640 6529024
50 1 815104 823296
292 1 8159232 8163328
155 1 1200128 1208320
155 1 1208320 1212416
292 1 8159232 8163328
155 1 1212416 1220608
155 1 1220608 1224704
292 1 8159232 8163328
55 1 8085504 8101888
704 1 860160 921600
434 1 7979008 7983104
814 1 8941568 8945664
144 1 5414912 5447680
894 1 10309632 10313728
560 1 4063232 4128768
144 1 5447680 5451776
49 1 10014720 10027008
40 1 1847296 1851392
654 1 3403776 3428352
11 1 4743168 4747264
654 1 3428352 3432448
657 1 2211840 2220032
510 1 6848512 6852096
657 1 2220032 2224128
510 1 4222976 4227072
510 1 4345856 4349952
320 1 7684096 7696384
205 1 8663040 8667136
61 1 5222400 5226496
106 1 4640256 4673024
42 1 4505600 4521984
709 1 679424 683520
245 1 2134016 2146304
582 1 7815168 7827456
42 1 5177344 5181440
156 1 2854912 2887680
579 1 6533120 6537216
106 1 4673024 4677120
10 1 4943872 4947968
430 1 6533120 6537216
251 1 929792 933888
890 1 3153920 3158016
686 1 270336 274432
40 1 7114752 7127040
451 1 425984 557056
430 1 6537216 6578176
235 1 3944448 3948544
430 1 6578176 6582272
40 1 7057408 7061504
40 1 7122944 7127040
251 1 929792 933888
686 1 270336 274432
235 1 3944448 3948544
430 1 6582272 6610944
180 1 933888 937984
89 1 6856704 7151616
46 1 3117056 3121152
318 1 5206016 5210112
317 1 6041600 6045696
887 1 3436544 3440640
662 1 761856 770048
89 2 7275008 7340032 7340032 7405568
46 1 3174400 3178496
662 1 770048 774144
89 1 7421952 7815680
588 1 7450624 7451136
820 1 6475264 6508032
860 1 5426688 5623296
252 1 8764928 8769024
121 2 2063872 2097152 2097152 2129408
791 1 110080 323072
150 1 6086144 6286848
848 1 4324864 4705792
169 1 9899520 9903616
88 1 8945664 8974336
568 1 9960960 10010112
654 1 4313088 4317184
654 1 4304896 4308992
902 1 5864960 6143488
568 1 10014208 10350080
252 1 8580608 8584704
197 1 1937408 1945600
654 1 4317184 4321280
170 1 5660160 5664256
150 1 6282752 6286848
351 1 3207168 3211264
390 1 5029888 5038080
132 1 1097728 1146880
748 1 1413120 1417216
132 1 1146880 1150976
744 1 45056 49152
670 1 4186112 4190208
670 1 4194304 4255744
40 1 7020544 7024640
91 1 1110016 1114112
748 1 7421952 7454720
40 1 7086080 7090176
670 1 2859008 2863104
670 1 2846720 2850816
120 1 9588736 9592832
598 1 5591040 5595136
308 1 3006464 3014656
228 1 7565312 7577600
621 1 1166848 1183232
621 1 753152 769536
34 1 2510848 2514944
621 1 1265152 1314304
728 1 1482240 1486336
71 1 8343552 8347648
308 1 3014656 3018752
187 1 8355840 8372224
188 1 7380992 7430144
196 1 4521984 4538368
173 1 4235264 4251648
210 1 9199616 9216000
228 1 9187328 9203712
394 1 3608576 3657728
208 1 3960832 3964928
152 1 765952 774144
40 1 1843200 1851392
152 1 774144 778240
40 1 1781760 1785856
208 1 3960832 3964928
40 1 1847296 1851392
177 1 5857280 5861376
243 1 737280 741376
40 1 1781760 1785856
40 1 1847296 1859584
194 2 4833792 5242880 5242880 5358080
194 1 5358080 5882368
194 1 5882368 6025216
194 2 6029312 6291456 6291456 6307840
194 1 7094272 7159808
194 1 6307840 6345216
294 1 5566464 5574656
293 1 9179136 9183232
293 1 9166848 9170944
194 1 6345216 6869504
194 1 6869504 7094272
203 1 2129920 2175488
106 1 8040448 8048640
203 1 1908736 2097152
43 1 7868416 7872512
658 1 618496 626688
273 1 9506816 9510912
89 1 1122304 1126400
720 1 4550656 4567040
180 1 3584000 3735552
182 2 4915200 5242880 5242880 5365760
44 1 7782400 7790592
299 1 2740224 2744320
185 1 5451776 5459968
87 1 4075520 4087808
143 1 4476928 4481024
4 1 1036288 1040384
40 1 7319552 7323648
489 1 10387456 10485760
490 1 0 425984
309 1 5328896 5337088
20 1 7606272 7622656
466 1 9924608 9928704
655 1 1629696 1633792
11 1 7835648 7839744
41 1 3772416 3776512
303 2 2048000 2097152 2097152 2572288
41 1 3387392 3391488
941 1 2260992 2265088
41 1 3022848 3026944
941 1 2252800 2256896
41 1 4141056 4145152
304 1 2547712 2551808
705 2 9371648 9437184 9437184 9895936
705 1 9895936 10420224
706 1 458752 716800
705 1 10420224 10485760
706 1 0 458752
706 1 716800 720896
706 1 716800 720896
27 1 4055040 4059136
641 1 7446528 7450624
40 1 7020544 7028736
91 1 4382720 4385280
614 1 5767168 5832704
641 1 7696384 7700480
3 1 8032256 8036352
26 1 3801088 3866624
802 1 9179136 9183232
245 1 466944 475136
471 1 5332992 5337088
557 1 3391488 3392512
163 1 2482176 2490368
767 1 4198400 4202496
21 1 6623232 6627328
264 1 3842048 3850240
21 1 9834496 9838592
135 2 1044480 1048576 1048576 1085440
135 1 1085440 1089536
44 1 8462336 8466432
25 1 8835072 8839168
68 1 8359936 8364032
720 1 5074944 5091328
17 1 9093120 9109504
17 1 8912896 8929280
17 1 8880128 8896512
751 1 8695808 8728576
44 1 2256896 2260992
751 1 8794112 8826880
751 1 8744960 8777728
118 1 5046272 5111808
658 1 626688 630784
294 1 5791232 5807616
197 1 4292096 4296192
27 1 4845568 4861952
25 1 3665920 3682304
36 1 3420160 3436544
659 1 6926336 6942720
292 1 9830400 9834496
659 1 7221248 7237632
10 1 7938048 7946240
266 1 765952 782336
659 1 7303168 7319552
0 1 339968 344064
188 1 5664768 5668864
367 1 2658304 2662400
419 1 2605056 2609664
268 1 5656576 5660672
684 1 7966720 7970816
428 1 3866624 3874816
322 2 6259200 6291456 6291456 6783488
123 1 8470528 8503296
6 1 2568192 2572288
322 1 6783488 7307776
651 1 5808128 5816320
651 1 5816320 5820416
322 2 7307776 7340032 7340032 7832064
200 1 7483392 7487488
415 1 8208384 8232960
303 1 927744 928256
415 1 8232960 8237056
1 1 2641920 2650112
322 1 7832064 8356352
303 1 927744 928768
322 2 8356352 8388608 8388608 8446464
1 1 2580480 2584576
508 1 8651264 8651776
70 1 4861952 4866048
572 1 5471744 5488128
267 1 7908864 7912960
713 1 1003008 1039872
121 1 7876608 7880704
121 1 7671808 7675904
906 1 237568 241664
42 1 4497408 4517888
40 1 7086080 7090176
713 1 1039872 1043968
147 1 6422528 6488064
65 1 1683456 1695744
138 1 1695744 1699840
78 1 3977216 3981312
13 1 8699904 8704000
14 1 2543616 2547712
232 1 7884800 7888896
14 1 2416640 2420736
249 1 9748480 9752576
245 1 196608 200704
14 1 2441216 2445312
61 1 581632 585728
61 1 589824 593920
917 1 8810496 8937472
744 1 5894144 5895168
130 1 9584640 9588736
570 1 663552 667648
28 1 249856 253952
647 1 1609728 1613824
235 1 4702208 4734976
916 1 8048640 8069120
916 1 8179712 8183808
46 1 3100672 3104768
947 1 4911104 4915200
947 1 4870144 4882432
596 1 4063232 4067328
5 1 7766016 7770112
294 1 1978368 1982464
7 1 9113600 9134080
52 1 2809856 2812928
900 1 5484544 5488640
588 1 1757184 1765376
602 1 5050368 5054464
885 1 4751360 4755456
537 1 527872 531968
585 1 8904704 8908800
126 1 2588672 2596864
126 1 2596864 2600960
100 1 8114176 8118272
420 1 4251648 4255744
117 1 7630848 7634944
76 1 10301440 10313728
40 1 1794048 1798144
40 1 1859584 1863680
474 1 7938048 7942144
40 1 1794048 1798144
91 1 6594560 6595584
49 1 9928704 9940992
40 1 1843200 1847296
632 1 5726208 5746688
778 1 4648960 4669440
471 1 8925184 8927744
480 1 5206016 5209088
166 1 7622656 7624704
472 1 4669440 4673536
812 1 9355264 9358336
712 1 8437760 8440320
46 1 3117056 3121152
515 1 7471104 7483392
53 1 8048640 8060928
40 1 1843200 1851392
228 1 7577600 7581696
458 1 6233600 6237696
50 1 2023424 2031616
725 1 7118336 7122432
674 1 8842752 8846848
724 1 1437184 1441280
900 1 4820480 5168640
459 1 802304 806400
112 1 6361088 6365184
459 1 769536 773632
681 1 1224192 1228288
25 1 5398528 5402624
513 1 8052736 8073216
287 1 9528320 9529344
118 1 6037504 6041600
40 1 1785856 1794048
855 1 2629632 2637824
855 1 5435392 5439488
948 1 1572864 1576960
948 1 1527808 1536000
598 1 5271552 5275648
585 1 7970816 7983104
296 1 4292608 4415488
48 1 8581120 8585216
900 1 4730368 4731904
296 1 4415488 4419584
140 1 5513216 5517312
543 1 4784128 4849664
762 1 8060928 8126464
560 2 9306112 9437184 9437184 9830400
377 1 7659520 7663616
560 1 10354688 10485760
561 1 0 393216
560 1 9830400 10354688
561 1 393216 917504
51 1 9744384 9752576
337 1 3796992 3801088
376 1 2977792 2981888
102 1 7577600 7581696
922 1 8523776 8527872
0 1 196608 200704
71 1 2387968 2392064
11 1 1507328 1511424
85 1 2277376 2281472
71 1 741376 745472
983 1 2969600 2973696
274 1 1986560 1990656
43 1 7876608 7884800
294 1 1966080 1974272
119 1 4341760 4349952
304 1 5750784 5758976
52 1 4988928 4993024
11 1 4915200 4919296
419 1 9031680 9064448
431 2 6917632 7340032 7340032 7441920
945 1 7852032 7856128
916 1 1826816 1830912
851 1 819200 823296
886 1 4493312 4497408
356 1 3731456 4190208
185 1 5459968 5464064
40 1 1777664 1785856
61 1 1970176 1974272
4 1 1040384 1044480
288 1 5066752 5070848
61 1 1966080 1970176
8 1 10190848 10194944
163 1 7888896 7892992
8 1 8769536 8773632
78 1 4042752 4046848
163 1 7757824 7761920
8 1 9445376 9449472
38 1 9543680 9568256
40 1 7020544 7024640
996 1 6291456 6303744
14 1 8929280 8945664
53 1 851968 860160
0 1 9121792 9125888
312 2 945664 1048576 1048576 1469952
7 1 7319552 7323648
312 1 1469952 1887744
609 1 9273344 9276928
267 1 2129408 2133504
491 1 1752576 1756672
203 1 2241024 2400256
7 1 7315456 7319552
267 1 2133504 2178560
494 1 6512128 6516224
584 1 7486976 7491072
878 1 6348288 6356480
590 1 7138816 7142912
584 1 8752640 8756736
630 1 7519744 7523840
509 1 851456 855552
507 1 7585280 7589376
492 1 368128 372224
203 2 6209536 6291456 6291456 6340608
874 1 4251136 4259328
180 1 1351680 1363968
187 1 6557696 6684672
117 1 1056768 1060864
171 1 9437184 9449472
117 1 991232 995328
147 1 7143424 7208960
28 1 1630208 1634304
648 1 1273856 1286144
16 1 7233536 7249920
431 2 7966208 8388608 8388608 8470016
134 1 1638400 1712128
431 1 7441920 7966208
431 1 8994304 9100800
21 1 9322496 9326592
25 1 3956736 3960832
431 1 8470016 8994304
419 1 9064448 9068544
900 1 5692928 5950976
674 1 8842752 8846848
659 1 6180864 6189056
222 1 2150400 2154496
228 1 7581696 7593984
900 2 5168640 5242880 5242880 5692928
50 1 2490368 2494464
585 1 598016 602112
112 1 6369280 6373376
118 1 3477504 3481600
399 1 8609792 8617984
222 1 2162688 2166784
659 1 6189056 6193152
308 1 3018752 3051520
294 1 3005952 3010048
513 1 7392768 7396864
274 1 2572288 2576384
169 1 4804096 4845056
413 1 8642048 8646144
277 1 1781760 1806336
43 1 7888896 7897088
779 1 9596928 9601024
413 1 8646144 8773120
763 1 6397440 6398976
309 1 5337088 5341184
608 1 1084928 1117696
101 1 4648960 4657152
579 1 6537216 6545408
11 1 7831552 7835648
328 1 10399232 10411520
609 1 2063872 2080256
328 1 10296832 10300928
852 1 9093120 9105408
303 1 3297280 3821568
481 1 9912320 10014720
833 1 1843200 1892352
879 1 8585216 8589312
92 1 3276800 3280896
256 1 1933312 1941504
194 1 8015872 8019968
372 1 2240512 2244608
515 1 7880704 7897088
89 1 7815680 8339968
910 1 6828032 6832128
46 1 3174400 3178496
70 1 6131712 6135808
60 1 5025280 5029376
60 1 5025280 5029376
10 1 184320 188416
184 1 5435392 5436416
17 1 10342400 10346496
88 1 8024064 8028160
228 1 4939776 4943872
7 1 4780032 4784128
312 1 9822208 9826304
7 1 3420160 3428352
274 1 376832 380928
91 1 10436608 10440704
52 1 376832 393216
52 1 524288 528384
31 1 520192 524288
176 1 4992512 4996608
112 1 1389056 1913344
176 1 4996608 5148160
176 1 5148160 5152256
125 1 3055616 3063808
119 1 5783552 5791744
751 1 8925184 8929280
71 1 4820992 4825088
140 1 5644288 5652480
101 1 8519680 8536064
112 2 1913344 2097152 2097152 2437632
36 1 606208 638976
444 1 8421376 8445952
444 1 8347648 8388608
87 1 8126464 8167424
120 1 7614464 7680000
82 1 9097216 9162752
596 1 4063232 4067328
42 1 6004736 6017024
294 1 2015232 2019328
588 1 1761280 1765376
294 1 2043904 2048000
40 1 7086080 7090176
122 1 438272 475136
122 1 475136 479232
885 1 4751360 4755456
294 1 2080768 2084864
596 1 4063232 4067328
189 2 7335936 7340032 7340032 7344128
202 2 6287360 6291456 6291456 6324224
86 1 5095424 5124096
19 1 7794688 7795200
70 1 4857856 4861952
110 1 4980736 4984832
41 1 7389184 7405568
298 1 3596288 3674112
121 1 7667712 7668224
972 1 8015872 8032256
294 1 2031616 2035712
70 1 4861952 4866048
40 1 7086080 7090176
42 1 4497408 4517888
325 1 163840 196608
657 1 6275072 6283264
325 1 3735552 3784704
36 1 10301440 10305536
40 1 6545408 6565888
36 1 10227712 10231808
37 1 9437184 9441280
794 1 2560000 2564096
805 1 9949184 9957376
962 1 8183808 8200192
988 1 3604480 3670016
54 1 9805824 9822208
298 1 3465216 3469312
862 1 5152256 5156352
245 1 3759616 3763712
846 1 3350016 3354112
245 1 3640832 3644928
9 1 6721536 6733824
533 1 8052736 8056832
235 1 4702208 4706304
740 1 8912384 8916480
367 1 2658304 2662400
367 1 2658304 2666496
42 1 6848512 6868992
367 1 2662400 2666496
356 1 4255744 4259840
96 1 2539520 2543616
751 1 2527232 2555904
185 1 5464064 5476352
826 1 5095424 5099520
171 1 5509120 5533696
656 1 3039232 3047424
19 1 1891840 1908224
19 1 1908224 1912320
237 1 10415616 10419712
1 1 6705152 6709248
10 1 7770112 7774208
9 1 4952064 4956160
10 1 7774208 7778304
10 1 7770112 7774208
9 1 4952064 4956160
10 1 7774208 7778304
10 1 7770112 7774208
9 1 4952064 4956160
10 1 7774208 7778304
84 1 4202496 4206592
986 1 6340608 6344704
480 1 4288512 4300800
480 1 4304896 4308992
68 1 7847936 7852032
993 1 3125248 3129344
21 1 4227072 4231168
68 1 3166208 3170304
16 1 8577024 8581120
859 1 10313728 10317824
68 1 7782400 7786496
67 1 7909376 7921664
67 1 7983104 7987200
459 1 802304 806400
182 1 10096128 10100224
9 1 7237632 7241728
228 1 7593984 7598080
182 1 10100224 10173952
398 1 5177344 5181440
308 1 3051520 3055616
184 1 5107712 5111808
147 1 7602176 7667712
171 1 9449472 9453568
147 1 8126464 8192000
77 1 10424320 10427392
40 1 7090176 7094272
40 1 7024640 7028736
842 1 6975488 6979584
83 1 9900032 9908224
40 1 7090176 7094272
42 1 8224768 8232960
479 1 2662400 2670592
40 1 7024640 7028736
40 1 7090176 7094272
245 1 9531392 9535488
40 1 7024640 7028736
478 1 6713344 6721536
294 1 3547136 3551232
40 1 7090176 7098368
418 1 8892416 8896512
187 1 6815744 7159808
180 1 454656 462848
187 1 7286784 7299072
187 2 7335936 7340032 7340032 7344128
93 1 9777152 9814016
93 1 9814016 9818112
61 1 5025792 5029888
61 1 3407872 3408384
61 1 3408384 3408896
61 1 3408896 3412992
61 1 3412992 3417088
61 1 1966080 1970176
50 1 7663616 7667712
48 1 257536 261632
61 1 5029888 5030400
61 1 1970176 1974272
61 1 5033984 5038080
61 1 5042176 5046272
61 1 1966080 1970176
61 1 5029888 5030400
61 1 1970176 1974272
61 1 4030464 4030976
294 1 1978368 1982464
336 1 1945600 1953792
705 1 8433152 8437248
505 1 8809984 8814080
472 1 8130048 8134144
590 1 6360576 6364672
561 2 9428480 9437184 9437184 9805312
267 1 2182656 2510336
899 1 2203136 2207232
710 1 4234752 4238848
655 1 5865472 5873664
507 1 7589376 7593472
265 1 7392768 7466496
271 1 2129408 2178560
264 1 523776 572928
561 1 9805312 10329600
121 1 6311424 6315520
320 1 7528448 7532544
630 1 7523840 7527936
27 1 1241088 1244672
561 1 10329600 10485760
562 1 0 347648
506 1 10292736 10296832
652 1 4055040 4063232
652 1 4063232 4067328
920 1 3424256 3428352
855 1 10211328 10219520
456 1 2342912 2347008
42 1 995328 1015808
72 1 6529024 6533120
155 1 1224704 1232896
72 1 6750208 6754304
72 1 7143424 7155712
55 1 8101888 8105984
155 1 1232896 1236992
50 1 761856 765952
292 1 8159232 8163328
209 1 3158016 3162112
155 1 1236992 1245184
155 1 1245184 1249280
292 1 8159232 8163328
155 1 1249280 1257472
155 1 1257472 1261568
660 1 7618560 7622656
108 1 884736 888832
42 1 737280 753664
40 1 1781760 1794048
18 1 5148672 5156864
40 1 1851392 1863680
40 1 1843200 1847296
18 1 5292032 5296128
579 1 6545408 6549504
42 1 4603904 4612096
709 1 679424 683520
42 1 4567040 4571136
8 1 9138176 9146368
481 1 10018816 10436608
40 1 1843200 1851392
40 1 7086080 7090176
274 1 2580480 2584576
413 1 8773120 8777216
169 1 4845056 4849152
85 1 8949760 8951296
830 1 9478144 9486336
657 1 6209536 6217728
658 1 9273344 9281536
40 1 1843200 1863680
782 1 2711552 2715648
770 1 8687616 8691712
168 1 7819264 7839744
120 1 5713920 5716480
168 1 7839744 7946240
168 1 7946240 7950336
917 1 8933376 8937472
168 1 7950336 7962624
168 1 7962624 7966720
248 1 3872768 3938304
541 1 4361728 4382208
123 1 10010624 10014720
128 1 9236480 9240576
132 1 5324800 5328896
282 1 4018176 4022272
142 1 753664 761856
657 1 6283264 6287360
39 1 184320 192512
367 1 2662400 2666496
237 1 3584000 3588096
51 1 2445312 2449408
336 1 3739648 3747840
885 1 4751360 4759552
632 1 5902336 5915648
186 1 4329472 4337664
732 1 1789952 1794048
957 1 8339456 8343552
186 1 4337664 4341760
36 1 10342400 10346496
654 1 2510848 2519040
87 1 8167424 8171520
86 1 6434816 6447104
651 1 557056 573440
264 1 6938624 6942720
12 1 643072 651264
600 1 4595712 4603904
275 1 3047424 3051520
264 1 10063872 10067968
133 1 7106560 7151616
112 1 2437632 2703872
149 1 6082560 6098944
989 1 5214208 5242880
654 1 2519040 2523136
985 1 8953856 8957952
997 1 1810432 1851392
17 2 7335936 7340032 7340032 7360512
3 1 2580480 2584576
996 1 6299648 6311936
0 1 9187328 9191424
40 1 7086080 7090176
190 1 2576384 2580480
3 1 2510848 2514944
0 1 9121792 9125888
42 1 4415488 4435968
40 1 7086080 7098368
0 1 9187328 9191424
949 1 10012672 10013184
40 1 7020544 7032832
294 1 1966080 1974272
42 1 4517888 4521984
653 1 2445312 2453504
974 1 2097152 2101248
954 1 3215360 3223552
42 1 5439488 5447680
500 1 5644288 5677056
653 1 2453504 2457600
294 1 2035712 2039808
40 1 7020544 7024640
654 1 4120576 4128768
140 1 2437120 2445312
7 1 4382720 4386816
759 1 499200 503296
759 1 192000 196096
759 1 417280 421376
759 1 921088 925184
759 1 937472 941568
759 1 1056256 1060352
759 1 1187328 1191424
759 1 1297920 1302016
759 1 1322496 1326592
759 1 2268672 2272768
283 1 7589376 7597568
60 1 5025280 5033472
167 1 9895936 9916416
52 1 6025216 6029312
167 1 9916416 9920512
52 1 6684672 6696960
40 1 7086080 7094272
42 1 1904640 1925120
998 1 9658368 9662464
52 1 6090752 6094848
52 1 6696960 6701056
52 1 6422528 6434816
42 1 1454080 1474560
177 1 6368768 6372864
21 1 9342976 9347072
740 1 8916480 8961536
28 1 24576 28672
731 1 4234752 4283904
294 1 2002944 2011136
419 1 9068544 9076736
647 1 1613824 1617920
134 1 1712128 1716224
743 1 2129408 2178560
731 1 4288000 4587008
356 1 4272128 4792320
109 1 6606848 6610944
42 1 872448 880640
346 1 4894720 4904448
166 1 4960256 4964352
185 1 5476352 5480448
0 2 8159744 8388608 8388608 8684032
400 1 5521408 5525504
26 1 3366912 3375104
182 1 10173952 10178048
710 1 8605696 8613888
228 1 7598080 7610368
47 1 8912896 8925184
16 1 4853760 4857856
513 1 8052736 8056832
162 1 5009408 5017600
13 1 4481024 4530176
47 1 8937472 8941568
262 1 5951488 5955584
613 1 8134656 8138752
145 1 1523712 1527808
31 1 1949696 1961984
128 1 6594560 6598656
183 1 5832704 5836800
162 1 311296 315392
183 1 5820416 5824512
31 1 1957888 1961984
115 1 716800 753664
115 1 753664 757760
653 1 9609216 9617408
653 1 9617408 9621504
688 1 6144000 6148096
425 1 8986624 8988160
40 1 7057408 7061504
430 1 6610944 6615040
40 1 7122944 7127040
235 1 3944448 3948544
40 1 7057408 7061504
40 1 7122944 7127040
235 1 3944448 3948544
40 1 7057408 7065600
222 1 6799360 6803456
48 1 9895936 9912320
63 1 9535488 9568256
40 1 7127040 7131136
63 1 9568256 9572352
235 1 3944448 3948544
180 1 1110016 1114112
180 1 2772992 2838528
186 1 5152768 5169152
585 1 9895424 9899520
61 1 8027648 8031744
147 1 8585216 8650752
147 1 9961472 10027008
147 1 10420224 10485760
266 1 471040 475136
626 1 7474688 7478784
44 1 2314240 2322432
292 1 9834496 9838592
657 1 6217728 6221824
658 1 9281536 9285632
155 1 2252800 2301952
40 1 7016448 7020544
98 1 2375168 2379264
98 1 2379264 2416128
41 1 4976640 4980736
117 1 3887104 3889152
117 1 3805184 3809280
334 1 1312256 1312768
1 1 2646016 2650112
322 1 8446464 8454144
889 1 831488 832512
52 1 344064 360448
682 1 9793536 9796096
40 1 1843200 1847296
322 1 8458240 8884736
303 1 928256 928768
322 1 8884736 9343488
709 1 679424 683520
40 1 7020544 7024640
199 1 6127616 6131712
106 1 4677120 4689408
469 1 2252800 2256896
752 1 3092480 3112960
98 1 2129920 2154496
316 1 10190848 10194944
314 1 2625536 2629632
21 1 753664 765952
4 1 483328 487424
386 1 4698112 4747264
386 1 4751360 4833280
386 1 5488640 5632512
386 1 5829120 5881856
400 1 5689344 5885952
93 1 1601536 1605632
400 1 6541312 6672384
4 1 6225920 6246400
400 1 7000064 7065600
400 1 7983104 8048640
400 2 8376320 8388608 8388608 8389120
400 1 8389120 8441856
400 1 9031680 9097216
400 1 9625600 9691136
605 1 7045120 7049216
589 1 5971968 5980160
564 1 10354688 10362880
561 1 7823360 7827456
153 1 5447680 5455872
578 1 6270976 6279168
578 1 8695808 8704000
606 1 151552 159744
589 1 8900608 8904704
569 1 3715072 3719168
605 1 7118848 7122944
589 1 10350592 10354688
161 1 4845568 4866048
292 1 8159232 8163328
589 1 10350592 10354688
155 1 1261568 1269760
110 1 577536 581632
110 1 581632 630784
155 1 1269760 1273856
652 1 2400256 2404352
2 1 10432512 10436608
656 1 3047424 3051520
0 1 196608 204800
991 1 3424256 3457024
7 1 6369280 6373376
8 1 1572864 1576960
8 1 1703936 1712128
7 1 6299648 6311936
597 1 6193152 6197248
554 1 10305536 10309632
597 1 4448256 4452352
597 1 5939200 5943296
89 2 8339968 8388608 8388608 8864256
18 1 2998272 3014656
8 1 483328 487424
15 1 835584 851968
112 1 2703872 2961920
149 1 7102464 7168000
777 1 10190848 10285056
165 1 9043968 9048064
628 1 7364608 7368704
112 1 10117120 10166272
987 1 8306688 8347648
519 1 10371072 10375168
824 1 6627328 6815744
909 1 8044544 8048640
86 1 6971392 6983680
909 1 6787072 6791168
527 1 5832704 5836800
997 1 3686400 3751936
133 1 7282688 7290880
88 1 8974336 8978432
150 1 5730304 5746688
997 1 6590464 6656000
526 1 7495680 7507968
36 1 10276864 10280960
116 1 5599232 5611520
301 1 356352 360448
418 1 8900608 8941568
418 1 8945664 8970240
418 1 9191424 9203712
40 1 7028736 7032832
342 1 4325376 4329472
418 1 8974336 9183232
342 1 4329472 4341760
418 1 9207808 9412608
40 1 7094272 7098368
400 1 2928640 2932736
363 1 966656 970752
677 1 2187264 2203648
673 1 9138176 9146368
673 1 9814016 9830400
705 1 9707520 9715712
995 1 4509696 4513792
308 1 3055616 3063808
228 1 7610368 7614464
127 1 10063872 10072064
55 1 3813376 3817472
171 1 8364032 8368128
0 1 8684032 8716288
132 1 8622080 8687616
98 1 9863168 9867264
308 1 3063808 3067904
0 1 421888 438272
18 1 5292032 5300224
68 1 5159936 5160448
40 1 1777664 1789952
18 1 5304320 5308416
492 1 1810432 1811456
491 1 7245824 7249920
306 1 7106560 7110656
262 1 7450624 7454720
659 1 8073216 8081408
18 1 5292032 5296128
68 1 1816064 1816576
42 1 753664 774144
86 1 5124096 5128192
77 1 835584 839680
202 1 6324224 6328320
19 1 7795200 7811072
563 1 9699328 9764864
22 1 2199552 2203136
140 1 5517312 5529600
543 1 4915200 4980736
593 1 9879552 9883648
209 1 9764864 9830400
209 1 10354688 10420224
3 1 8126464 8142848
210 1 458752 524288
660 1 9826304 9834496
210 1 1052672 1118208
660 1 9834496 9838592
210 1 2166784 2177024
3 1 8142848 8163328
1 1 6778880 6782976
70 1 5218304 5226496
5 1 4001792 4005888
5 1 3977216 3981312
138 1 4194304 4198400
61 1 1966080 1970176
92 1 3280896 3289088
92 1 3293184 3309568
151 1 159744 163840
400 1 737280 741376
92 1 3440640 3555328
92 1 3555328 3559424
750 1 8270336 8270848
294 1 5807616 5819904
40 1 1794048 1814528
294 1 5762560 5766656
763 1 6398464 6398976
89 1 1122304 1126400
292 1 9830400 9834496
69 1 2588672 2674688
155 1 2367488 2371584
413 1 8777216 8781312
73 1 2871296 2875392
413 1 8781312 8822272
705 1 10084352 10088448
705 1 7819264 7843840
705 1 9547776 9551872
705 1 9904128 9912320
478 1 5902336 5906432
674 1 315392 327680
706 1 159744 176128
706 1 630784 634880
375 1 6299648 6303744
705 1 9031680 9039872
705 1 10285056 10297344
705 1 9609216 9646080
705 1 10039296 10047488
705 1 10366976 10383360
705 1 8888320 8912896
705 1 9240576 9244672
821 1 8347648 8351744
706 1 598016 602112
706 1 294912 303104
706 1 675840 679936
294 1 2015232 2023424
650 1 4743168 4751360
650 1 4751360 4755456
214 1 7438336 7439872
885 1 4755456 4759552
537 1 527872 531968
76 1 10313728 10317824
274 1 3244032 3276800
54 1 5242880 5259264
40 1 1847296 1851392
247 1 7868416 7870464
61 1 1970176 1974272
638 1 3878912 3883008
4 1 1036288 1040384
620 1 10076160 10084352
166 1 5001216 5009408
849 1 3379200 3383296
186 1 4653056 4665344
180 1 933888 966656
180 1 1114112 1138688
302 1 159744 679936
106 1 4689408 4693504
579 1 6549504 6565888
332 1 4407296 4411392
579 1 6627328 6647808
611 1 2764288 2768384
91 1 3874816 3878912
190 1 2576384 2580480
8 1 6524928 6533120
200 1 6144000 6148096
194 1 9768960 9773056
161 1 3469312 3473408
61 1 7565312 7581696
40 1 7028736 7032832
0 1 9121792 9129984
0 1 9191424 9195520
40 1 7094272 7098368
91 1 3874816 3878912
161 1 3469312 3493888
279 1 7479296 7536640
40 1 7028736 7032832
98 1 2416128 2420224
66 1 6156288 6160384
98 1 2420224 2424320
66 1 6385664 6402048
41 1 5033984 5046272
541 1 4382208 4386304
541 1 4435456 4451840
541 1 4386304 4431360
40 1 7045120 7049216
50 1 2486272 2490368
50 1 2883584 2895872
367 1 2662400 2666496
657 1 2715648 2723840
367 1 2662400 2666496
367 1 2666496 2674688
367 1 2666496 2670592
63 1 7020544 7041024
45 1 8605696 8609792
884 1 7184384 7184896
0 1 4206592 4210688
714 1 9409024 9409536
763 1 8470528 8474624
689 1 8065024 8069120
686 1 1081344 1085440
688 1 3981312 3985408
906 1 4079616 4083712
8 1 9191424 9195520
364 1 2248704 2252800
40 1 7086080 7090176
228 1 7671808 7684096
132 1 8687616 8691712
98 1 9887744 9891840
13 1 5718016 5722112
586 1 3813376 3817472
304 1 5862400 5864448
307 1 4784128 4788224
0 1 8765440 9257472
42 1 2191360 2195456
499 1 5640192 5644288
30 1 1302528 1306624
731 1 6319616 6819328
740 1 8965632 9428480
743 1 2182656 2645504
543 1 1633792 1637888
74 1 9879040 10325504
419 1 9076736 9080832
75 2 892416 1048576 1048576 1125888
736 1 9928192 9977344
740 1 8420864 8424960
75 1 368128 892416
356 1 4792320 4829184
620 1 10084352 10088448
705 1 9117696 9125888
705 2 9416704 9437184 9437184 9449472
478 1 5906432 5910528
535 1 2940928 2945024
181 1 6561792 6565888
673 1 9961472 9969664
369 1 9273344 9277440
522 1 3158016 3162112
821 1 8347648 8351744
535 1 2945024 2949120
535 1 2949120 2957312
673 1 9793536 9797632
705 1 8720384 8724480
705 1 10338304 10342400
705 1 9015296 9019392
705 1 9764864 9777152
705 1 10407936 10420224
705 1 9830400 9850880
706 1 225280 233472
705 1 7946240 7954432
148 1 327680 393216
184 1 2023424 2024448
8 1 417792 430080
89 1 8864256 9388544
70 1 4448256 4489216
143 1 720896 724992
515 1 7630848 7634944
52 1 7613952 7622144
262 1 7347712 7396864
264 1 577024 945664
265 2 7339520 7340032 7340032 7388672
731 1 4234752 4238848
265 1 7470592 7544320
203 1 6995968 7229952
271 1 2182656 2551296
426 1 6708736 6807040
426 1 7745024 7790080
562 1 347648 720384
655 1 5873664 5877760
262 1 7400960 7724544
152 1 6254592 6283264
182 1 2723328 3141120
52 1 9564160 9568256
203 2 7229952 7340032 7340032 7754240
182 1 3141120 3145216
259 1 3182080 3186176
8 1 1720320 1724416
828 1 1564672 1568768
991 1 2404352 2412544
991 1 3117056 3129344
46 1 7602176 7602688
663 1 3223552 3227648
46 1 7602688 7603200
663 1 4984832 4988928
140 1 4513792 4534272
46 1 7603200 7606272
46 1 7708672 7709696
140 1 4534272 4538368
46 1 7709696 7712768
46 1 7774208 7775232
294 1 2035712 2039808
779 1 9596928 9601024
252 1 1540096 1544192
413 1 8822272 8826368
292 1 9834496 9838592
69 1 2674688 2678784
40 1 1875968 1880064
339 1 6795264 6799360
339 2 4190208 4194304 4194304 4235264
208 1 4091904 4096000
40 1 1789952 1794048
40 1 1855488 1859584
208 1 4091904 4096000
40 1 1789952 1794048
177 1 5857280 5861376
422 1 2265600 2637824
369 1 3813376 3817472
40 1 1855488 1863680
422 1 4689920 4841984
543 1 1642496 1646592
566 1 5648384 5649920
422 2 4841984 5242880 5242880 5279744
423 1 7831552 7918080
314 1 2617344 2621440
40 1 6565888 6578176
142 1 757760 761856
653 1 8269824 8278016
98 1 2154496 2158592
653 1 8278016 8282112
7 1 9269248 9285632
1 1 2580480 2584576
653 1 5103616 5111808
1 1 2646016 2650112
653 1 5111808 5115904
322 2 9409024 9437184 9437184 9933312
303 1 928256 929280
42 1 4472832 4481024
42 1 4435968 4440064
0 1 9125888 9134080
281 1 3371008 3379200
40 1 7020544 7024640
297 1 1040384 1044480
411 1 6627328 6684672
466 1 5767168 5775360
744 1 45056 49152
671 1 2134016 2138112
670 1 4186112 4190208
138 1 1699840 1732608
670 1 4194304 4255744
78 1 3977216 3981312
670 1 1396736 1462272
367 1 2666496 2670592
50 1 2617344 2621440
50 1 2895872 2899968
88 1 7618560 7621632
50 1 3145728 3158016
657 1 2723840 2727936
739 1 2620928 2670080
731 2 6266368 6291456 6291456 6315520
452 1 9916416 9920512
736 1 9981440 10292736
740 1 8424960 8470016
74 2 9362944 9437184 9437184 9879040
810 1 1589248 1594880
739 1 2182656 2432512
740 1 8474112 8781312
533 1 8052736 8056832
482 1 6549504 6553600
180 1 974848 983040
602 1 7827456 7831552
180 1 1310720 1318912
194 1 7274496 7290880
855 1 8531456 8535552
171 1 9686528 9747968
194 1 6852608 6860800
248 1 3338240 3342336
228 1 2084864 2088960
830 1 3792896 3796992
248 1 3411968 3416064
81 1 8523776 8531968
16 1 3661824 3665920
631 1 8613888 8630272
40 1 7012352 7016448
308 1 3067904 3076096
2 1 10428416 10432512
193 1 221184 225280
400 1 10018816 10084352
4 1 6246400 6258688
401 1 122880 188416
698 1 3223040 3231232
413 1 6364672 6368768
413 1 6368768 6385152
401 1 843776 909312
698 1 3227136 3231232
708 1 7568896 7577088
871 1 3584 7680
709 1 6327808 6340096
871 1 7680 24064
878 1 339456 351744
401 1 3076096 3141632
401 1 3731456 3796992
705 1 9498624 9506816
673 1 9592832 9633792
705 1 8859648 8867840
705 1 9199616 9203712
705 1 9883648 9891840
705 1 10223616 10227712
106 1 9437184 9441280
705 1 10055680 10063872
705 1 10432512 10440704
705 1 9998336 10006528
705 1 10387456 10395648
706 1 368640 385024
673 1 9105408 9134080
673 1 9158656 9170944
706 1 688128 692224
706 1 417792 421888
106 1 9441280 9494528
705 1 8765440 8769536
705 1 10326016 10334208
61 1 8413184 8450048
905 1 8704000 8708096
115 1 7798784 7819264
148 1 917504 983040
653 1 8982528 8990720
26 1 2359296 2424832
653 1 8990720 8994816
240 1 10227712 10231808
161 1 9015296 9016320
21 1 745472 765952
14 1 4665344 4669440
21 1 765952 778240
70 1 4489216 4493312
89 2 9388544 9437184 9437184 9912832
18 1 3014656 3035136
54 1 8794112 8810496
40 1 7061504 7065600
40 1 7127040 7131136
205 1 4571136 4575232
235 1 3944448 3948544
542 1 7413760 7417856
35 1 2338816 2342912
542 1 7577600 7585792
542 1 7593984 7598080
543 1 2248704 2265088
543 1 2289664 2297856
543 1 2457600 2461696
543 1 2506752 2514944
118 1 5029888 5033984
543 1 2957312 2961408
543 1 2781184 2793472
543 1 3051520 3055616
578 1 1212416 1216512
543 1 3194880 3198976
110 1 4980736 4984832
294 1 1970176 1986560
42 1 4517888 4521984
42 1 5373952 5382144
661 1 5734400 5742592
200 1 3883520 3884032
661 1 5742592 5746688
42 1 5382144 5398528
668 1 5210112 5242880
110 1 4980736 4984832
657 1 471040 479232
42 1 5939200 5959680
42 1 5959680 5963776
42 1 6422528 6430720
298 1 10305536 10309632
296 1 6619136 6623232
296 1 6610944 6615040
753 1 6418432 6419968
753 1 7901184 7902720
10 1 5103616 5111808
88 1 5636096 5660672
87 1 4087808 4096000
3 1 3112960 3117056
356 2 4833280 5242880 5242880 5320704
40 1 1781760 1789952
54 1 4280320 4292608
61 1 1966080 1970176
54 1 4276224 4280320
184 1 9408512 9424896
53 1 8601600 8605696
706 1 204800 212992
706 1 278528 290816
705 1 8290304 8294400
677 1 2129920 2146304
706 1 28672 57344
706 1 483328 491520
705 1 8925184 8949760
705 1 8982528 8990720
106 1 9494528 9498624
705 1 9076736 9084928
705 1 9187328 9191424
705 1 9175040 9179136
705 1 9216000 9220096
705 1 9666560 9674752
705 1 9801728 9809920
705 1 9465856 9486336
98 1 2424320 2461184
98 1 2461184 2465280
541 1 4382208 4398592
541 1 4451840 4484608
159 1 3985408 3989504
160 1 8814592 8822784
199 1 8011776 8013824
646 1 5496320 5500416
13 1 8257536 8261632
740 1 5300224 5304320
339 1 5505024 5525504
826 1 10168320 10169856
740 1 5312512 5316608
204 1 6103040 6107136
339 1 6852608 6860800
89 1 1122304 1130496
48 1 8261632 8265728
969 1 3543040 3547136
1 1 2580480 2584576
984 1 4947968 4952064
198 1 2785280 2787328
303 1 928768 929792
3 1 4026368 4042752
322 1 9933312 10457600
245 1 3677696 3681792
276 1 499200 503296
533 1 10485248 10485760
534 1 0 3584
302 1 10042880 10046976
302 1 10132992 10145280
514 1 4714496 4833280
709 1 679424 683520
472 1 7687680 7691776
302 1 10022400 10026496
579 1 6647808 6651904
106 1 4693504 4709888
602 1 6946816 7012352
293 1 4902912 4927488
294 1 2084864 2088960
292 1 9830400 9834496
885 1 4755456 4759552
395 1 5885952 5918720
294 1 2019328 2023424
98 1 2465280 2489856
739 1 2129408 2178560
739 2 2674176 3145728 3145728 3161600
74 1 10329600 10485760
75 1 0 368128
245 1 3829248 3833344
540 1 2842112 2846208
75 1 1125888 1650176
272 1 2174464 2178560
245 1 3644928 3649024
245 1 3796480 3800576
28 1 2068480 2072576
228 2 2088960 2097152 2097152 2101248
523 1 774144 778240
31 1 5259264 5263360
659 1 6115328 6123520
308 1 3076096 3080192
304 1 5864448 5871616
659 1 6123520 6127616
496 1 2764800 2772992
505 1 6410240 6414336
101 1 4689408 4693504
391 1 10112512 10116608
160 1 6447104 6479872
392 1 9252352 9256448
160 1 6479872 6483968
14 1 6107136 6123520
165 1 9043968 9048064
112 1 10166272 10170368
997 1 8437760 8503296
112 2 2961920 3145728 3145728 3486208
998 1 839680 905216
652 1 6402048 6410240
996 1 7782400 7827456
576 1 3792896 3817472
807 1 233472 249856
1 1 9261056 9285632
647 1 6094848 6119424
397 1 9515008 9539584
824 1 6815744 6946816
631 2 991232 1048576 1048576 1212416
112 1 3486208 4010496
155 1 4071424 4091904
578 1 1183744 1187840
617 1 4399104 4403200
591 1 7602176 7606272
40 1 7061504 7065600
765 1 9834496 9838592
759 1 2826240 2830336
758 1 2580480 2584576
774 1 45056 49152
748 1 2486272 2490368
759 1 552960 561152
759 1 6008832 6012928
759 1 1667072 1671168
774 1 1650688 1654784
779 1 217088 221184
779 1 299008 303104
778 1 10010624 10014720
779 1 548864 552960
779 1 512000 516096
779 1 1433600 1437696
779 1 1101824 1105920
51 1 9744384 9748480
955 1 3653632 3801088
956 1 335872 860160
916 1 7430144 7434240
956 2 860160 1048576 1048576 1384448
916 1 7208960 7212032
140 1 5529600 5533696
22 1 2203136 2207232
202 1 6328320 6336512
956 2 1884160 2097152 2097152 2162688
956 1 1384448 1884160
558 1 196608 643072
543 1 5046272 5111808
42 1 1474560 1486848
241 1 5980160 6062080
215 1 1474560 1478656
25 1 10395648 10399744
31 1 6012928 6017024
267 1 5308416 5332992
283 1 7593472 7597568
60 1 5029376 5033472
95 2 7303168 7340032 7340032 7352320
935 1 9134080 9207808
654 1 3211264 3219456
681 1 1900544 1966080
771 1 8470528 8503296
681 1 6033408 6164480
654 1 3219456 3223552
705 1 10289152 10485760
706 1 0 327680
283 1 7593472 7597568
283 1 7593472 7597568
296 1 6619136 6623232
670 1 3485696 3551232
411 1 10092544 10108928
196 1 2232320 2242048
78 1 4190208 4194304
40 1 1777664 1785856
138 1 1732608 1736704
296 1 6610944 6615040
636 1 1474560 1581056
295 1 6635520 6676480
636 1 425984 950272
40 1 7094272 7102464
597 1 5177344 5178368
298 1 7229440 7294976
411 1 6627328 6631424
295 1 6676480 6684672
325 1 880640 884736
596 1 4063232 4071424
101 1 6049792 6053888
171 1 9747968 9752064
187 1 7385088 7458816
187 1 9777152 10006528
180 1 1462272 1478656
705 1 9920512 9928704
705 1 10317824 10321920
705 1 10264576 10268672
705 1 9936896 9945088
706 1 245760 258048
706 1 352256 364544
706 1 4096 8192
733 1 7020544 7023104
507 1 10100736 10104832
706 1 266240 274432
507 1 10104832 10117120
821 1 8347648 8351744
705 1 9453568 9461760
705 1 8994816 8998912
705 1 8495104 8503296
705 1 10137600 10145792
677 1 2293760 2322432
706 1 118784 131072
705 1 9265152 9269248
705 1 9138176 9146368
115 1 7819264 7823360
148 1 1507328 1572864
367 1 2666496 2670592
367 1 2666496 2670592
324 1 3137536 3141632
324 1 3088384 3092480
310 1 4337664 4341760
409 2 6200832 6291456 6291456 6352384
597 2 4153344 4194304 4194304 4403200
709 1 679424 683520
540 1 2805248 2809344
648 1 1286144 1290240
276 1 536064 540160
245 1 3763712 3767808
498 1 2572288 2576384
464 1 9498624 9502720
469 1 6651904 6656000
98 1 2489856 2493952
498 1 4698112 4702208
622 1 1851392 1855488
135 1 1478656 1483264
657 1 651264 659456
657 1 659456 663552
22 1 6458880 6462976
160 2 8376320 8388608 8388608 8409088
383 1 9814016 9818112
104 1 331776 335872
373 1 5582848 5586944
654 1 4128768 4132864
240 1 5840896 5844992
104 1 331776 335872
240 1 5844992 5861376
240 1 5861376 5865472
710 1 4268032 4272128
3 1 5951488 5963776
213 1 655360 696320
52 1 528384 540672
659 1 8081408 8085504
382 1 5423104 5435392
306 1 7172096 7176192
40 1 1855488 1859584
382 1 5435392 5439488
717 1 9072640 9076736
0 1 438272 458752
40 1 1851392 1859584
658 1 6033408 6053888
0 1 204800 212992
294 1 2043904 2048000
205 1 6565888 6615040
681 1 2162688 2164736
885 1 4755456 4759552
837 1 5935104 5939200
622 1 8151040 8159232
294 1 1970176 1982464
301 1 4476928 4481024
837 1 5947392 5955584
665 1 1122304 1126400
921 1 6250496 6254592
89 1 9912832 10437120
30 1 7368704 7385088
14 1 4603904 4612096
42 1 880640 888832
620 1 10088448 10096640
4 1 1040384 1044480
40 1 1777664 1781760
40 1 1851392 1855488
356 1 5320704 5844992
620 1 10096640 10100736
75 2 1650176 2097152 2097152 2174464
95 1 7896576 7900672
75 1 2174464 2661888
294 1 2072576 2076672
532 1 1404416 1408512
436 1 4780032 4784128
245 1 6270976 6274560
891 1 7430144 7434240
384 1 4898816 4902912
190 1 3747840 3760128
206 1 4460544 4464640
891 1 7372800 7376896
75 1 2661888 3030528
294 1 2048000 2064384
657 1 479232 483328
924 1 5537792 5541888
546 1 1220608 1286144
294 1 1994752 2002944
924 1 5619712 5623808
974 1 2682880 2686976
179 1 4743168 4751360
179 1 4751360 4755456
712 1 4292608 4448256
46 1 8167424 8167936
188 1 5668864 5672960
712 1 4448256 4452352
228 1 2101248 2105344
653 1 4378624 4386816
112 1 9408512 9409536
304 1 5871616 5884416
22 1 10113024 10117120
0 2 9257472 9437184 9437184 9781760
653 1 4386816 4390912
454 1 10481664 10485760
513 1 8073216 8097792
112 1 9409536 9410048
228 1 2105344 2117632
658 1 5693440 5701632
148 1 1966080 2031616
705 1 8511488 8519680
677 1 2224128 2228224
706 1 61440 65536
705 1 10149888 10158080
705 1 9723904 9736192
706 1 237568 241664
705 1 9789440 9793536
705 1 9351168 9388032
706 1 327680 331776
673 1 9990144 9998336
673 1 9981952 9986048
705 1 10182656 10186752
705 1 9248768 9252864
673 1 10002432 10010624
705 1 7933952 7938048
106 1 9498624 9502720
106 1 9502720 9523200
842 1 6979584 6983680
705 1 10358784 10362880
100 1 1966080 1970176
816 1 9560064 9565184
206 1 2560000 2563584
61 1 3194880 3198976
214 1 7438336 7441920
294 1 2084864 2088960
288 1 3571712 3575808
757 1 3289088 3293184
110 1 3387392 3407872
110 1 3407872 3411968
292 1 8159232 8163328
155 1 1273856 1282048
155 1 1282048 1286144
292 1 8159232 8163328
155 1 1286144 1294336
153 1 5386240 5390336
155 1 1294336 1298432
153 1 5451776 5455872
292 1 8159232 8163328
153 1 5386240 5390336
155 1 1298432 1306624
59 1 3473408 3493888
40 1 1777664 1785856
675 1 2875392 2904064
466 1 9924608 9932800
752 1 3092480 3096576
106 1 4709888 4713984
409 1 6352384 6356480
597 1 3342336 3403776
514 1 5881856 6217728
899 1 2957312 2961408
882 1 2146304 2150400
597 1 2334720 2543616
267 1 5332992 5337088
487 1 9543680 9568256
687 1 1114112 1171456
658 1 8556544 8564736
267 1 5337088 5345280
203 1 8228864 8282624
259 1 3186176 3542528
655 1 9711616 9719808
203 1 7754240 8224768
697 1 4140544 4147200
655 1 9719808 9723904
182 2 3145216 3145728 3145728 3153408
182 1 3153408 3157504
895 1 6467072 6471168
895 1 6471168 6532608
203 2 8282624 8388608 8388608 8806912
52 1 9490432 9494528
895 1 6598144 6893056
705 1 9539584 9543680
705 1 10170368 10174464
673 1 9781248 9785344
705 1 9515008 9519104
706 1 12288 24576
674 1 278528 286720
705 1 8523776 8572928
677 1 2281472 2289664
673 1 9068544 9072640
705 1 10481664 10485760
705 1 9277440 9289728
673 1 8691712 8695808
706 1 77824 81920
705 1 8687616 8691712
673 1 9973760 9977856
106 1 9523200 9527296
705 1 9752576 9756672
705 1 8822784 8826880
705 1 8708096 8716288
705 1 8962048 8978432
636 2 950272 1048576 1048576 1474560
31 1 3096576 3100672
40 1 1847296 1851392
295 1 6684672 6688768
130 1 3534848 3543040
161 1 3489792 3497984
780 1 225280 229376
0 1 9195520 9199616
196 1 7483392 7487488
88 1 6086656 6090752
130 1 3543040 3547136
196 1 7495680 7499776
507 1 4685824 4689920
532 1 1404416 1408512
657 1 6090752 6098944
419 1 9080832 9084928
648 1 1290240 1294336
533 1 8052736 8060928
657 1 6098944 6103040
185 1 638464 642560
508 1 6365184 6377472
419 1 9150464 9154560
721 1 10092544 10260480
129 1 6422528 6463488
493 1 2887680 2899968
500 1 5332992 5341184
494 1 9789440 9809920
517 1 8794112 8798208
721 1 10260480 10264576
624 1 2015232 2031616
40 1 1777664 1781760
517 1 9039872 9043968
66 1 6402048 6414336
956 1 4521984 5046272
22 1 2207232 2211328
956 1 5570560 6094848
956 2 6094848 6291456 6291456 6619136
956 2 3997696 4194304 4194304 4521984
20 1 2621440 2629632
655 1 2297856 2301952
284 1 5779456 5783552
148 1 2424832 2490368
193 1 2793472 2797568
7 1 7499776 7503872
7 1 8339456 8343552
7 1 9117696 9121792
971 1 8900608 8904704
10 1 6119424 6123520
680 1 8564736 8568832
680 1 8577024 8581120
52 1 3469312 3473408
680 1 8708096 8712192
451 1 1064960 1069056
661 1 1544192 1552384
89 1 1126400 1130496
965 1 5083136 5087232
294 1 2043904 2048000
661 1 1552384 1556480
40 1 1810432 1814528
763 1 6398464 6400000
118 1 5054464 5062656
779 1 1466368 1470464
779 1 1662976 1667072
779 1 1839104 1843200
779 1 1929216 1933312
779 1 1941504 1945600
779 1 1978368 1982464
779 1 1998848 2002944
779 1 2007040 2011136
779 1 2367488 2371584
779 1 2379776 2383872
779 1 2490368 2494464
779 1 2449408 2453504
779 1 2654208 2658304
779 1 2465792 2469888
779 1 2662400 2666496
779 1 2686976 2691072
779 1 3080192 3088384
779 1 2834432 2838528
779 1 3231744 3235840
657 1 10088448 10096640
344 1 4628480 4632576
37 1 5849088 5853184
37 1 4747264 4751360
825 1 9453568 9461760
331 1 4132864 4136960
295 1 8421376 8422912
40 1 1773568 1777664
56 1 0 4096
40 1 1785856 1794048
37 1 6848512 6852608
657 1 10096640 10100736
620 1 10100736 10108928
304 1 5884416 5885952
34 1 7159808 7163904
308 1 3145728 3178496
112 1 9410048 9410560
661 1 2129920 2138112
228 1 2117632 2121728
304 1 5885952 5888000
44 1 2854912 2867200
112 1 9410560 9411584
661 1 2138112 2142208
96 1 8441344 8580608
401 1 4780032 4792832
96 1 8580608 8584704
96 1 8584704 8588800
401 1 4792832 4845568
413 1 6385152 6393344
401 1 5632000 5697536
413 1 6626816 6643200
413 1 6540800 6557184
413 1 6397440 6422016
96 1 8588800 8592896
96 1 8592896 8625664
401 1 6352896 6418432
96 1 8625664 8629760
416 1 5160960 5177344
416 1 5107712 5156864
413 1 6385152 6393344
413 1 6397440 6405632
434 1 1761280 1826816
554 1 6537216 6540800
40 1 1789952 1806336
822 1 5922816 5926912
649 1 8953856 8957952
627 1 3391488 3395584
649 1 10117120 10121216
649 1 10215424 10219520
627 1 3039232 3043328
649 1 7036928 7041024
649 1 5902336 5906432
649 1 5058560 5062656
649 1 8970240 8974336
649 1 8470528 8474624
649 1 3964928 3969024
649 1 6995968 7004160
649 1 9441280 9445376
630 1 5992448 5996544
649 1 9748480 9752576
649 1 3821568 3825664
649 1 10149888 10153984
649 1 9101312 9105408
107 1 5640192 5648384
294 1 2064384 2068480
110 1 4980736 4984832
651 1 450560 462848
133 1 7290880 7294976
652 1 6410240 6414336
425 1 2211840 2236416
902 1 7430144 7450624
904 1 1236992 1245184
112 2 4010496 4194304 4194304 4206592
902 1 7471104 7495680
576 1 7569408 7634944
668 1 1466368 1490944
824 1 6950912 6963200
342 1 10452992 10485760
343 1 0 32768
112 1 4210688 4473344
181 1 2027520 2072576
515 1 9515008 9535488
647 1 6082560 6094848
397 1 9474048 9515008
460 1 5787648 5853184
779 1 3170304 3174400
779 1 3063808 3067904
779 1 3149824 3158016
779 1 3252224 3256320
779 1 3268608 3272704
779 1 3371008 3375104
779 1 3526656 3530752
779 1 3694592 3698688
779 1 3518464 3522560
779 1 3661824 3665920
779 1 3436544 3440640
779 1 3633152 3637248
779 1 3751936 3756032
779 1 3891200 3895296
779 1 3907584 3911680
779 1 3817472 3821568
779 1 3915776 3919872
779 1 3936256 3940352
779 1 4001792 4005888
779 1 4124672 4128768
94 1 6881280 6885376
705 1 9814016 9818112
705 1 9859072 9867264
332 1 1511424 1515520
705 1 10231808 10235904
720 1 6340608 6344704
705 1 10448896 10457088
94 1 9060352 9064448
94 1 8957952 8962048
92 1 5615616 5619712
720 1 6782976 6787072
92 1 5541888 5545984
480 1 3641344 3645440
261 1 770048 778240
36 1 1138688 1142784
720 1 7249920 7254016
233 1 286720 290816
233 1 577536 581632
233 1 692224 696320
233 1 520192 524288
20 1 2531328 2535424
384 1 6127616 6129152
0 1 479232 483328
320 1 1495040 1499136
200 1 4505600 4513792
160 1 4706304 4710400
103 1 5001216 5005312
956 2 7143424 7340032 7340032 7536640
436 1 7929856 7933952
103 1 5152768 5156864
654 1 9486336 9494528
715 1 1634304 1638400
26 1 9646080 9650176
200 1 4583424 4591616
715 1 7925760 7929856
103 1 4849664 4853760
63 1 1716224 1720320
0 1 462848 466944
103 1 8478720 8482816
2 1 10432512 10436608
46 1 8249344 8253440
46 1 8200192 8204288
7 1 9285632 9306112
650 1 10043392 10051584
660 1 4308992 4317184
1 1 2646016 2650112
650 1 10051584 10055680
660 1 4317184 4321280
322 1 10457600 10485760
323 1 0 496128
303 1 929280 983040
536 1 405504 409600
1 1 2584576 2588672
275 1 9719808 9723904
40 1 7020544 7024640
2 1 65536 69632
323 1 496128 1020416
50 1 3612672 3629056
3 1 4042752 4063232
356 1 5844992 6111232
39 1 5373952 5378048
356 2 6111232 6291456 6291456 6369280
53 1 8601600 8605696
182 1 3157504 3165696
61 1 8450048 8454144
658 1 5701632 5705728
148 1 3014656 3080192
293 1 4927488 4935680
61 1 4591616 4595712
342 1 4562944 4567040
7 1 3715072 3731456
292 1 9834496 9838592
596 1 4067328 4071424
61 1 1966080 1970176
294 1 1978368 1986560
297 1 1941504 1961984
885 1 4755456 4759552
294 1 2019328 2023424
485 1 10399744 10407936
71 1 69632 90112
89 1 10437120 10485760
90 1 0 475648
660 1 10330112 10338304
956 2 5046272 5242880 5242880 5570560
104 1 606208 610304
22 1 2211328 2215424
126 1 9256960 9261056
61 1 8691712 8695808
104 1 454656 458752
126 1 9224192 9228288
202 1 6336512 6340608
126 1 9273344 9277440
103 1 8646656 8650752
104 1 757760 761856
21 1 9121792 9125888
126 1 9240576 9244672
126 1 9293824 9297920
956 1 6619136 7143424
104 1 372736 376832
127 1 2142208 2146304
127 1 1990656 1994752
127 1 1839104 1843200
127 1 3371008 3375104
296 1 4272128 4280320
42 1 798720 815104
40 1 7086080 7094272
40 1 1781760 1794048
42 1 4546560 4567040
294 1 2007040 2011136
419 1 9154560 9158656
508 1 6610944 6631424
533 1 8056832 8060928
185 1 642560 970240
36 1 10235904 10244096
512 1 5480448 5484544
294 1 2072576 2076672
235 1 4734976 4759552
185 1 970240 974336
273 1 9875456 9879552
412 1 6475776 6483968
280 1 3809280 3813376
40 1 1781760 1785856
277 1 9224192 9228288
277 1 9134080 9146368
40 1 7032832 7041024
374 1 2768896 2772992
412 1 6467584 6471680
91 1 3989504 3993600
680 1 8695808 8699904
680 1 8740864 8744960
680 1 8728576 8732672
926 1 2105344 2109440
8 1 6901760 6905856
29 1 4878336 4882432
31 1 5398528 5402624
31 1 9932800 9936896
31 1 5349376 5357568
253 1 159744 163840
31 1 10215424 10223616
32 1 1310720 1314816
632 1 2228224 2232320
658 1 6148096 6152192
658 1 6160384 6164480
207 1 7999488 8003584
207 1 7987200 7991296
28 1 2072576 2076672
308 1 3178496 3182592
659 1 4321280 4329472
50 1 2617344 2621440
0 1 9781760 10043392
112 1 9411584 9412096
228 1 2256896 2269184
782 1 4403200 4407296
0 1 10047488 10310144
659 1 4329472 4333568
304 1 5888000 5949440
50 1 3276800 3289088
698 1 5144576 5148672
513 1 8073216 8077312
423 1 7918080 8290304
426 1 10158080 10223616
433 1 4440064 4526592
40 1 1794048 1802240
208 1 4120576 4124672
433 1 4526592 4767744
40 1 1863680 1867776
433 1 6545408 6631936
638 1 4767232 4783616
433 1 6348800 6545408
40 1 1798144 1802240
355 1 8941056 8945152
413 1 4357632 4402688
208 1 4120576 4124672
292 1 9830400 9834496
168 1 8306688 8310784
169 1 6549504 6553600
21 1 778240 794624
13 1 5251072 5271552
6 1 4714496 4722688
178 1 8433664 8454144
602 1 6770688 6778880
840 1 7565312 7569408
840 1 9023488 9027584
840 1 7540736 7544832
566 1 7942144 7946240
631 1 3805184 3809280
547 1 4734976 4743168
313 1 8306688 8310784
32 1 8093696 8097792
129 1 6754304 6791168
95 1 5181440 5185536
233 1 901120 905216
617 1 7008256 7012352
618 1 86016 94208
692 1 4784128 4788224
617 1 3371008 3375104
366 1 7016448 7020544
617 1 7827456 7831552
720 1 9891840 9895936
616 1 6348800 6352896
617 1 3760128 3764224
617 1 7864320 7868416
367 1 466944 471040
106 1 9527296 9535488
124 1 221184 225280
721 1 12288 16384
720 1 10059776 10063872
893 1 1470464 1474560
579 1 6651904 6660096
113 1 4816384 4820480
926 1 1629696 1633792
64 1 2248704 2326528
579 1 6660096 6664192
577 1 5652480 5664768
367 1 2666496 2670592
367 1 2666496 2674688
136 1 8085504 8105984
367 1 2670592 2674688
367 1 2670592 2674688
40 1 1773568 1777664
763 1 4947968 4960256
128 1 1392640 1396736
583 1 9826304 9830400
613 1 3641344 3645440
2 1 5009408 5013504
613 1 3710976 3715072
30 1 3297280 3317760
30 1 3317760 3321856
128 1 1392640 1404928
128 1 1400832 1404928
97 1 1380352 1413120
128 1 1400832 1413120
128 1 1409024 1413120
128 1 1409024 1417216
127 1 4935680 4939776
127 1 6328320 6332416
127 1 5087232 5091328
127 1 5529600 5533696
145 1 155648 159744
127 1 4784128 4788224
144 1 9797632 9801728
127 1 6782976 6787072
145 1 819200 823296
145 1 4513792 4517888
963 1 9211904 9216000
145 1 3829760 3833856
22 1 2215424 2219520
145 1 1269760 1273856
35 1 5746688 5750784
715 1 8454144 8470528
89 1 1126400 1130496
763 1 6399488 6400512
97 1 1347584 1351680
650 1 9482240 9490432
40 1 1847296 1851392
855 1 10219520 10223616
334 1 8286208 8288256
43 1 9400320 9408512
302 1 6365184 6367232
42 1 1015808 1028096
170 1 126976 131072
904 1 9998336 10002432
220 1 7565312 7569408
54 1 7540736 7553024
87 1 9945088 9949184
94 1 1462272 1470464
191 1 2387968 2478080
191 1 2478080 2482176
40 1 7020544 7024640
50 1 2879488 2883584
50 1 3276800 3293184
267 1 5345280 5349376
425 1 4902912 4907008
720 1 1282048 1290240
658 1 8564736 8568832
182 1 10145792 10149888
227 1 5660672 5664768
771 1 3940352 3948544
217 1 4567040 4665344
227 1 5668864 5672960
217 1 4665344 4669440
778 1 2932736 2936832
228 1 2269184 2273280
415 1 7614464 7618560
815 1 532480 536576
40 1 7020544 7024640
993 1 7761920 7766016
641 1 1871872 1875968
124 1 9273344 9277440
304 1 5949440 5984256
571 1 2772992 2777088
131 1 5128192 5136384
66 1 544768 548864
745 1 3399680 3403776
317 1 413696 417792
222 1 10080256 10084352
24 1 6959104 6963200
8 1 8691712 8695808
24 1 6938624 6942720
456 1 790528 794624
722 1 7995392 7999488
721 1 8626176 8630272
677 1 2326528 2330624
705 1 9113600 9117696
721 1 8503296 8507392
705 1 9129984 9134080
705 1 10256384 10260480
705 1 9043968 9048064
705 1 10424320 10428416
705 1 10473472 10477568
705 1 9154560 9162752
721 1 8765440 8769536
721 1 9060352 9064448
811 1 10391552 10395648
721 1 8638464 8642560
418 1 2056192 2060288
422 1 9961472 9969664
838 1 7737344 7741440
706 1 192512 196608
779 1 4087808 4091904
779 1 4153344 4157440
779 1 4304896 4308992
779 1 4354048 4358144
779 1 4476928 4481024
779 1 4177920 4186112
779 1 4390912 4395008
779 1 4440064 4444160
779 1 4542464 4546560
885 1 2936832 2969600
779 1 4751360 4755456
779 1 4845568 4849664
779 1 4763648 4767744
779 1 4554752 4558848
779 1 4886528 4890624
779 1 4792320 4796416
779 1 4911104 4919296
779 1 4898816 4902912
779 1 5005312 5009408
779 1 4976640 4980736
152 1 10440704 10441216
95 1 2310144 2351104
159 1 5611520 5645312
148 1 3407872 3473408
782 1 4735488 4736000
620 1 10108928 10113024
229 1 8921088 8925184
237 1 5922816 5926912
264 1 4767744 4784128
40 1 1855488 1859584
368 1 3158016 3174400
264 1 4714496 4763648
368 1 3424256 3457024
660 1 10338304 10342400
90 1 475648 569344
142 1 6258688 6266880
515 1 8028160 8036352
847 1 3883008 3981312
71 1 90112 102400
487 1 2887680 2891776
487 1 2887680 2891776
121 1 7401472 7405568
121 1 7233536 7241728
121 1 7155712 7176192
182 1 3165696 3169792
203 1 8806912 9331200
367 1 2670592 2682880
42 1 6868992 6881280
921 1 9945088 9949184
326 1 4182016 4186112
419 1 9158656 9191424
401 1 7815168 7819264
685 1 10473472 10477568
404 1 1084928 1089024
706 1 651264 655360
812 1 278528 282624
706 1 503808 507904
705 1 8916992 8921088
705 1 8597504 8601600
673 1 9580544 9588736
706 1 524288 528384
673 1 9773056 9777152
617 1 4988928 4993024
717 1 10186752 10190848
717 1 10338304 10342400
705 1 9068544 9072640
617 1 5419008 5423104
390 1 6340608 6344704
705 1 10027008 10031104
718 1 4096 8192
363 1 7454720 7458816
390 1 7098368 7102464
705 1 9314304 9318400
61 1 7872512 7873024
6 1 1875968 1892352
537 1 527872 531968
61 1 7873024 7878144
4 1 417792 421888
61 1 7878144 7880704
885 1 4755456 4759552
130 1 3891200 3899392
294 1 2084864 2093056
596 1 4067328 4071424
356 1 1982464 1986560
675 1 7991296 7995392
72 1 1249280 1250816
294 1 2048000 2052096
356 1 393216 417792
779 1 4997120 5001216
779 1 5054464 5062656
779 1 5074944 5079040
779 1 5066752 5070848
779 1 5124096 5128192
779 1 5177344 5181440
779 1 5492736 5496832
779 1 5251072 5255168
779 1 5738496 5742592
779 1 5595136 5603328
779 1 5775360 5779456
780 1 1486848 1490944
779 1 5472256 5476352
779 1 5611520 5615616
780 1 1921024 1933312
780 1 1908736 1912832
780 1 1994752 1998848
780 1 1937408 1941504
780 1 1986560 1990656
1 1 6774784 6778880
8 1 2818048 2834432
1 1 6709248 6721536
121 1 5980160 5984256
49 1 9699328 9715712
10 1 7770112 7774208
40 1 1777664 1789952
9 1 4952064 4956160
10 1 7774208 7778304
451 1 1400832 1403392
10 1 7770112 7774208
9 1 4952064 4956160
8 1 2834432 2854912
1 1 6782976 6791168
10 1 7774208 7778304
264 1 3723264 3727360
631 1 3837952 3846144
631 1 4132864 4136960
631 1 4141056 4145152
628 1 7376896 7380992
90 1 9670656 9675264
12 1 417792 430080
631 1 4395008 4399104
40 1 1855488 1867776
631 1 4165632 4173824
76 1 2379776 2416640
218 1 6393856 6422528
218 1 6488064 6541312
128 1 4034560 4036608
983 1 6668288 6669312
73 1 3014656 3018752
178 1 9895936 10350592
223 1 3035136 3039232
530 2 8380416 8388608 8388608 8404992
590 1 3985408 4050944
631 1 1372160 1433600
12 1 548864 552960
112 1 4538880 4620288
996 1 7827456 7835648
12 1 544768 548864
681 1 1875968 1880064
112 1 5144576 5173248
329 1 8908800 8925184
1 1 9220096 9261056
984 1 8290304 8343552
984 1 8691712 8740864
87 1 3694592 3760128
329 1 8581120 8904704
425 1 2170880 2183168
112 1 4620288 5034496
842 1 6086656 6090752
241 1 5980160 6062080
843 1 274432 282624
64 1 2326528 2330624
443 2 2891776 3145728 3145728 3407872
469 1 2252800 2260992
536 1 10481664 10485760
537 1 851968 856064
537 1 65536 217088
941 1 2252800 2256896
41 1 3776512 3780608
537 1 503808 565248
104 1 3534848 3555328
446 1 5795840 5799936
717 1 765952 770048
279 1 614400 622592
40 1 1847296 1851392
40 1 7102464 7106560
747 1 794624 798720
744 1 5193728 5201920
462 1 3416064 3420160
265 1 4575232 4579328
205 1 5529600 5533696
40 1 7036928 7041024
278 1 8089600 8093696
719 1 6082560 6086656
278 1 9392128 9396224
91 1 3989504 3993600
155 1 1306624 1310720
40 1 8519680 8523776
40 1 9949184 9953280
153 1 5451776 5455872
825 1 4771840 4775936
825 1 4792320 4800512
826 1 4460544 4464640
73 1 434176 581632
292 1 8159232 8163328
155 1 1310720 1318912
977 1 348160 643072
153 1 5386240 5398528
155 1 1318912 1323008
292 1 8159232 8163328
661 1 9719808 9728000
294 1 5819904 5832192
294 1 5737984 5742080
294 1 1978368 1982464
292 1 9834496 9838592
650 1 9490432 9494528
49 1 10346496 10354688
413 1 8826368 8830464
241 1 888832 890880
61 1 7725056 7729152
74 1 1884160 1892352
254 1 57344 60928
40 1 1843200 1859584
413 1 6790656 6807040
413 1 6749696 6766080
434 1 3796992 3862528
96 1 8629760 8654336
438 1 229376 294912
96 1 8654336 8658432
438 1 2723840 2789376
441 1 3129344 3133440
42 1 6164480 6184960
438 1 3772416 3785216
40 1 7020544 7028736
438 1 3785216 3837952
164 1 7737344 7770112
438 1 8036352 8101888
40 1 7020544 7024640
457 1 6586368 6651904
203 1 9331200 9359360
308 1 3182592 3190784
982 1 7487488 7491584
24 1 6967296 6971392
4 1 462848 475136
40 1 7020544 7024640
169 1 2490368 2494464
277 1 8753152 8761344
24 1 6979584 6987776
947 1 7536640 7540736
842 1 8192000 8196096
304 1 5984256 5988352
70 1 7028736 7032832
24 1 6991872 6995968
277 1 8876032 8880128
70 1 6696960 6701056
244 1 3371008 3375104
193 1 2273280 2277376
266 1 7045120 7049216
315 1 2097152 2101248
662 1 3018752 3026944
706 1 69632 73728
706 1 561152 565248
706 1 393216 397312
706 1 638976 643072
706 1 425984 458752
391 1 5873664 5877760
390 1 7114752 7118848
32 1 2772992 2781184
391 1 5177344 5189632
129 1 6791168 6795264
106 1 9535488 9539584
705 1 8642560 8646656
705 1 9224192 9228288
706 1 606208 610304
706 1 622592 626688
705 1 8613888 8638464
705 1 8650752 8679424
705 1 8843264 8847360
304 1 1843200 1847296
95 1 8830976 9196032
416 2 5156864 5242880 5242880 5246976
416 1 5246976 5251072
690 1 6160384 6250496
416 1 5251072 5300224
416 1 5300224 5304320
8 1 614400 618496
87 1 8228864 8232960
14 1 9678848 9699328
61 1 1966080 1970176
763 1 8474624 8478720
61 1 1961984 1966080
416 1 5304320 5361664
416 1 5361664 5365760
661 1 9867264 9875456
763 1 8478720 8486912
660 1 9043968 9052160
661 1 9875456 9879552
416 1 5365760 5410816
660 1 9052160 9056256
14 1 9809920 9822208
19 1 5976064 5980160
255 1 4927488 4931584
663 1 8273408 8302080
174 1 5643776 5676544
174 1 5676544 5680640
508 1 6868992 6873088
917 1 8441856 8445952
904 1 8134656 8138752
215 1 9584640 9691136
215 1 9691136 9695232
638 1 3661824 3674112
9 1 7106560 7110656
1 1 2621440 2625536
2 1 69632 73728
248 1 9482240 9498624
323 2 1020416 1048576 1048576 1544704
419 1 9191424 9195520
928 1 2265088 2273280
404 1 1613312 1691136
327 1 4300800 4304896
720 1 9805824 9809920
95 1 8404992 8421376
772 2 6258688 6291456 6291456 6324224
706 1 7577600 7835648
60 1 5029376 5033472
60 1 5029376 5033472
113 1 9805824 9838592
61 1 933888 937984
772 1 10457088 10485760
773 1 0 36864
773 1 233472 258048
61 1 929792 933888
307 1 9560064 9564160
683 1 7426048 7434240
7 1 8695808 8708096
647 1 987136 991232
681 1 6361088 6365184
95 1 2351104 2453504
452 1 617984 626176
98 1 2493952 2502144
110 1 286720 290816
110 1 36864 45056
118 1 9392128 9396224
39 1 10448896 10452992
61 1 1966080 1970176
144 1 9269248 9285632
695 1 9551872 9555968
203 1 9895936 9953280
41 1 4136960 4141056
208 1 2805760 2809856
371 1 9076224 9080320
537 1 217088 499712
105 1 2310144 2322432
749 1 10063872 10067968
105 1 4780032 4784128
70 1 5316608 5320704
840 1 5828608 5832704
263 1 4694016 4698112
464 1 8749056 8753152
688 1 6778880 6782976
448 1 7933952 7942144
928 1 10133504 10137600
189 1 5234688 5238784
4 1 7229440 7233536
464 1 9031680 9035776
24 1 9035776 9039872
276 1 3080192 3084288
189 1 5251072 5263360
24 1 9232384 9236480
228 1 2273280 2285568
2 1 4677632 4685824
294 1 1998848 2015232
4 1 6029312 6049792
267 1 8437248 8789504
267 2 7912960 8388608 8388608 8437248
652 1 598016 606208
652 1 606208 610304
713 2 1043968 1048576 1048576 1072640
713 1 1072640 1076736
4 1 6049792 6062080
138 1 5951488 5955584
905 1 8540160 8544256
83 1 4993024 5013504
528 1 5615616 5619712
300 1 7098368 7102464
528 1 5648384 5652480
300 1 7122944 7131136
88 1 7143424 7147520
40 1 7131136 7143424
88 1 7147520 7159808
780 1 2011136 2015232
780 1 2019328 2023424
780 1 2076672 2080768
780 1 2228224 2232320
790 1 6942720 6946816
789 1 7933952 7938048
789 1 5140480 5144576
789 1 4911104 4915200
780 1 2351104 2355200
789 1 7213056 7217152
790 1 7548928 7553024
798 1 290816 294912
799 1 4194304 4198400
799 1 4530176 4534272
798 1 1478656 1482752
791 1 9801728 9805824
798 1 573440 577536
799 1 4390912 4395008
799 1 4497408 4501504
799 1 4550656 4554752
413 1 8830464 8867328
657 1 10407936 10416128
50 1 131072 143360
657 1 10416128 10420224
763 1 6400000 6401024
413 1 8867328 8871424
89 1 1126400 1130496
61 1 3457024 3461120
15 1 4718592 5111808
841 1 7364608 7368704
841 1 3129344 3133440
257 1 1613824 1617920
842 1 974848 978944
290 1 7667712 7669248
420 1 8474624 8476160
147 1 8060928 8061440
152 1 9375744 9376256
152 1 2899968 2904064
152 1 9449472 9449984
153 1 2150400 2151424
153 1 2158592 2162688
154 1 4558848 4562944
154 1 4567040 4571136
154 1 8347648 8348672
154 1 4780032 4784128
152 1 3166208 3170304
148 1 8499200 8511488
158 1 2166784 2167296
156 1 5681152 5685248
156 1 3780608 3784704
98 1 2502144 2506240
154 1 4575232 4579328
153 1 2543616 2547712
155 1 1593344 1597440
413 1 4402688 4406784
433 1 6631936 6676480
433 1 6676480 6807552
40 1 1863680 1871872
177 1 5857280 5861376
422 1 6488576 7012864
638 1 4783616 4800000
432 1 7548928 7897600
123 1 10314752 10326016
369 1 3813376 3817472
413 1 4406784 4410880
413 1 4410880 4439552
104 1 1929216 1933312
23 1 8142848 8159232
573 1 2719744 2736128
40 1 1802240 1806336
413 1 4439552 4443648
432 1 7897600 7942144
148 1 4063232 4128768
148 1 4456448 4521984
148 1 4849664 4915200
368 2 3104768 3145728 3145728 3153920
368 1 3612672 3661824
368 1 3665920 3719168
42 1 10231808 10260480
272 1 1540096 1601536
96 1 2539520 2543616
42 1 10260480 10264576
356 1 6369280 6893568
102 1 3792896 3796992
272 1 1601536 1605632
40 1 1789952 1794048
42 1 10264576 10289152
40 1 7020544 7032832
290 1 3887104 3888640
281 1 3485696 3489792
511 1 7471104 7475200
511 1 7479296 7483392
511 1 7249920 7258112
65 1 6365184 6381568
40 1 7086080 7094272
367 1 2674688 2678784
367 1 2674688 2678784
367 1 2674688 2678784
897 1 4784128 4788224
72 1 1250816 1254912
271 1 10051584 10076160
356 1 2277376 2281472
68 1 1843200 1844736
72 1 1254912 1257472
537 1 527872 531968
271 1 10076160 10080256
68 1 1844736 1847296
72 1 1359872 1361408
885 1 4755456 4759552
72 1 1400832 1402368
72 1 1361408 1363968
294 1 2023424 2027520
72 1 1441792 1443328
72 1 1402368 1409024
72 1 1443328 1447424
40 1 7020544 7028736
42 1 3698688 3715072
61 1 5025792 5029888
61 1 3407872 3408384
61 1 3408384 3408896
61 1 3408896 3412992
61 1 3412992 3417088
61 1 1966080 1970176
61 1 5029888 5030400
10 1 6234112 6238208
61 1 1970176 1974272
61 1 5042176 5046272
61 1 5033984 5038080
61 1 1966080 1970176
258 1 4365824 4369920
61 1 5029888 5030400
61 1 1970176 1974272
235 1 5652480 5655552
161 1 9138176 9146368
63 1 5132288 5136384
63 1 5128192 5132288
799 1 4726784 4730880
799 1 4743168 4747264
799 1 4820992 4825088
799 1 4812800 4816896
799 1 4845568 4849664
799 1 4853760 4857856
799 1 4874240 4878336
48 1 9912320 9932800
799 1 4882432 4886528
799 1 5242880 5246976
799 1 5210112 5214208
799 1 5455872 5459968
799 1 5435392 5439488
799 1 5517312 5521408
799 1 5177344 5181440
799 1 5480448 5484544
799 1 5533696 5537792
799 1 5967872 5971968
804 1 4300800 4304896
799 1 6135808 6139904
404 1 1089024 1613312
235 1 4734976 4739072
486 1 4444160 4448256
297 1 8675328 8724480
164 1 9973760 9981952
431 1 9096704 9100800
740 1 8719872 8723968
24 1 9695232 9699328
42 1 1028096 1044480
487 1 9621504 9625600
472 1 7569408 7569920
308 1 3190784 3194880
52 1 7532544 7536640
106 1 4222976 4227072
40 1 1863680 1871872
304 1 5992448 6053888
0 1 10310144 10485760
1 1 0 348672
649 1 4063232 4067328
649 1 3874816 3878912
649 1 7229440 7233536
627 1 3473408 3477504
649 1 4710400 4714496
649 1 5038080 5042176
628 1 4288512 4292608
649 1 4415488 4419584
649 1 4743168 4747264
649 1 4460544 4464640
649 1 6111232 6115328
649 1 4939776 4943872
40 1 7045120 7053312
81 1 5148672 5150720
405 1 7315456 7317504
40 1 1855488 1867776
58 1 1478656 1481728
178 1 3952640 3956736
662 1 3026944 3031040
324 1 3284992 3289088
579 1 6664192 6672384
104 1 3555328 3559424
409 1 6356480 6397440
605 1 970752 978944
307 1 7147520 7151616
734 1 6688768 6692864
733 1 1122304 1126400
304 1 1839104 1843200
304 1 1843200 1847296
733 1 1179648 1183744
182 2 4063744 4194304 4194304 4588032
40 1 1781760 1785856
196 1 2240512 2248192
40 1 1847296 1855488
40 1 7102464 7110656
161 1 3493888 3502080
782 1 8925184 8929280
295 1 6688768 6696960
0 1 9129984 9134080
40 1 1785856 1789952
295 1 6696960 6701056
78 1 3977216 3981312
40 1 1851392 1859584
614 1 8367616 8371712
614 1 1891840 1895936
615 1 5836288 5840384
78 1 4190208 4194304
40 1 7041024 7045120
955 1 7733248 7798784
697 1 7360512 7364608
955 1 7798784 8323072
203 2 9359360 9437184 9437184 9798144
203 1 9798144 9895936
842 1 5095424 5099520
853 1 7028736 7061504
422 1 3399680 3403776
853 1 7061504 7065600
303 1 980480 981504
323 1 1544704 2068992
1 1 2650112 2654208
52 1 360448 380928
40 1 1777664 1785856
303 1 393216 397312
100 1 1130496 1135104
323 2 2068992 2097152 2097152 2159104
303 1 417792 421888
303 1 980992 982016
665 1 786432 787968
614 1 7860224 7861248
695 1 9560064 9561600
40 1 1843200 1851392
42 1 815104 835584
43 1 8708096 8712192
56 1 1245184 1249280
632 1 2240512 2244608
58 1 4268032 4272128
966 1 7819264 7823360
660 1 4943872 4952064
660 1 4952064 4956160
286 1 9015296 9019392
64 1 7286784 7340032
3 1 983040 991232
3 1 991232 995328
14 1 9932800 9953280
156 1 5615616 5619712
153 1 2142208 2143232
149 1 3624960 3629056
152 1 7778304 7782400
541 1 4550144 4554240
152 1 7471104 7476224
541 1 4554240 4566528
152 1 9392128 9396224
144 1 8474624 8478720
148 1 8314880 8318976
151 1 4931584 4935680
158 1 9814016 9818112
144 1 8716288 8720384
60 1 7897088 7901184
160 1 1499136 1691648
515 1 1519616 1536000
148 1 5242880 5308416
774 1 7958528 7962624
768 1 9670656 9674752
148 1 5636096 5701632
72 1 8704000 8728576
532 1 1404416 1408512
40 1 1777664 1781760
531 1 9035264 9039360
294 1 1966080 1970176
419 1 9195520 9203712
431 1 9100800 9256448
271 1 8593408 8650752
75 2 3026432 3145728 3145728 3325440
40 1 1875968 1884160
294 1 2043904 2048000
298 1 3469312 3473408
625 1 9776640 9780736
508 1 7753728 7755264
961 1 3858432 3862528
10 1 2801664 2805760
472 1 8420864 8429056
228 1 2285568 2289664
52 1 7929856 7942144
6 1 9883648 9887744
25 1 1503232 1507328
22 1 5861376 5865472
804 1 4931584 4935680
799 1 5754880 5758976
799 1 6156288 6160384
804 1 4988928 4993024
805 1 7970816 7974912
806 1 86016 90112
805 1 6447104 6451200
805 1 9314304 9318400
805 1 6791168 6795264
806 1 32768 36864
806 1 98304 102400
807 1 2904064 2908160
807 1 3403776 3407872
807 1 3383296 3387392
809 1 1437696 1441792
809 1 1069056 1073152
809 1 4026368 4030464
810 1 974848 978944
810 1 1163264 1167360
2 1 10428416 10432512
233 1 3002368 3031040
363 1 7512064 7520256
233 1 3031040 3035136
46 1 8167424 8167936
2 1 10432512 10436608
6 1 5914624 5918720
697 1 5640192 5643776
703 1 5416960 5419008
703 1 5419008 5419520
491 1 2932736 2945024
42 1 4984832 4988928
289 1 6918144 6919168
12 1 8564736 8568832
589 1 9956864 9960960
342 1 4325376 4341760
42 1 7176192 7192576
342 1 1155072 1159168
342 1 1159168 1171456
342 1 4329472 4341760
342 1 4325376 4329472
342 1 5062656 5066752
342 1 5066752 5079040
342 1 4325376 4329472
342 1 4329472 4341760
134 1 4415488 4423680
168 1 7344128 7348224
168 1 10321920 10326016
168 1 7733248 7737344
184 1 839680 843776
187 1 851968 856064
187 1 688128 692224
187 1 1683456 1687552
207 1 6094848 6098944
206 1 10387456 10391552
307 1 4784128 4788224
248 1 3399680 3403776
307 1 4845568 4849664
248 1 3428352 3432448
72 1 1447424 1455616
72 1 1455616 1458176
72 1 1560576 1562112
146 1 7229440 7249920
72 1 1562112 1566208
269 1 5111808 5177344
885 1 4755456 4759552
146 1 7249920 7254016
294 1 2088960 2093056
61 1 1970176 1974272
537 1 527872 531968
214 1 7438336 7447552
707 1 7987200 7991808
80 1 2408448 2424832
14 1 5869568 5873664
409 1 6397440 6401536
579 1 6672384 6676480
309 1 5341184 5378048
40 1 7020544 7028736
302 1 10059264 10063360
14 1 5799936 5804032
496 1 4747264 4751360
302 1 10145280 10157568
40 1 1843200 1855488
98 1 2506240 2534912
98 1 2534912 2539008
533 1 8056832 8060928
294 1 1957888 1961984
720 1 10092544 10096640
8 1 483328 487424
419 1 9203712 9207808
158 1 7008256 7012352
618 1 6549504 6860800
158 1 7995392 8032256
618 1 6860800 6864896
161 1 9236480 9285632
367 1 2674688 2682880
127 1 8650752 8716288
367 1 2678784 2682880
199 1 2691072 2715648
40 1 7020544 7024640
11 1 2580480 2584576
40 1 7012352 7016448
367 1 2678784 2682880
11 1 2506752 2510848
733 1 1167360 1171456
307 1 7151616 7159808
95 2 9261568 9437184 9437184 9785856
549 1 4788224 4792320
91 1 2932736 2936832
256 1 1335296 1359872
790 1 8208384 8216576
307 1 7159808 7163904
705 1 3162112 3166208
752 1 8364032 8368128
682 1 3690496 3698688
93 1 8052736 8056832
688 1 5955584 5959680
686 1 2744320 2748416
685 1 1417216 1421312
691 1 2387968 2392064
683 1 5496832 5500928
209 1 3702784 3837952
283 1 7593472 7597568
60 1 5029376 5033472
209 1 3837952 3842048
283 1 7593472 7597568
60 1 5029376 5033472
366 1 4206592 4214784
42 1 10289152 10293248
310 1 7278592 7282688
42 1 10293248 10321920
40 1 1855488 1863680
42 1 10321920 10326016
356 2 6893568 7340032 7340032 7417856
40 1 7032832 7069696
148 1 3088384 3092480
10 1 2805760 2809856
292 1 9830400 9834496
611 1 4304384 4312576
685 1 1113600 1117696
40 1 1814528 1822720
792 1 8871424 8875520
793 1 5037568 5041664
685 1 1117696 1129984
753 1 5373440 5381632
753 1 5381632 5422592
18 1 6565888 6569984
606 1 4771328 4775424
826 1 10169344 10170368
792 1 8875520 8920576
618 1 1154560 1166848
213 1 696320 700416
42 1 4485120 4501504
40 1 7086080 7094272
176 1 8777728 8781824
678 1 8089600 8093696
42 1 4501504 4521984
40 1 7024640 7032832
215 1 614400 618496
659 1 2007040 2015232
57 1 6930432 6942720
57 1 6942720 6946816
897 1 4784128 4788224
57 1 6946816 6959104
57 1 6959104 6963200
13 1 2617344 2621440
654 1 3289088 3297280
228 1 2289664 2301952
304 1 6053888 6066688
248 1 3371008 3375104
586 1 8576512 8580608
688 1 4542464 4546560
526 1 7052800 7056896
526 1 9043456 9047552
189 1 9089024 9093120
6 1 6221824 6225920
588 1 901120 905216
308 1 3194880 3203072
810 1 1044480 1048576
810 1 2088960 2093056
810 1 1482752 1486848
811 1 90112 94208
810 1 1548288 1552384
811 1 1126400 1130496
777 1 6471680 6475776
777 1 6496256 6500352
777 1 6549504 6557696
777 1 6737920 6742016
777 1 6770688 6774784
777 1 6586368 6590464
777 1 7127040 7131136
777 1 7180288 7184384
777 1 7188480 7192576
777 1 7151616 7155712
777 1 7196672 7200768
777 1 7249920 7254016
777 1 7258112 7262208
189 1 2043904 2048000
457 1 8749056 8762368
40 1 7012352 7016448
6 1 6631424 6635520
42 1 6184960 6197248
364 1 1265152 1273344
163 1 5562368 5566464
878 1 347648 351744
96 1 8658432 8670720
96 1 8670720 8674816
413 1 6860288 6864384
413 1 7245312 7257600
80 1 4128768 4153344
496 1 4775936 4804608
25 1 9007104 9039872
343 1 5308416 5337088
540 1 8794112 9310208
409 1 6401536 6405632
145 1 1716224 1720320
40 1 1843200 1847296
40 1 1777664 1781760
466 1 9928704 9932800
40 1 1843200 1847296
11 1 2514944 2519040
441 1 1724416 1728512
441 1 1695744 1699840
981 1 2015232 2019328
441 1 1691648 1695744
215 1 8577024 8585216
60 1 4714496 4718592
50 2 3141632 3145728 3145728 3162112
650 1 651264 659456
40 1 7086080 7094272
650 1 659456 663552
185 2 974336 1048576 1048576 1072640
40 1 1769472 1773568
294 1 2031616 2035712
647 1 1609728 1613824
271 1 8716288 8724480
810 1 1601536 1606656
452 1 9936896 9940992
185 1 1072640 1076736
104 1 1183744 1216512
15 1 835584 851968
384 1 4960256 4964352
384 1 4898816 4902912
1 1 2584576 2588672
50 1 3629056 3641344
303 1 981504 983040
155 1 1323008 1331200
155 1 1331200 1335296
292 1 8159232 8163328
301 1 10194944 10199040
155 1 1335296 1343488
3 1 2985984 3002368
571 1 6897664 6901760
661 1 9728000 9732096
155 1 1343488 1347584
3 1 3002368 3006464
292 1 8159232 8163328
770 1 6623232 6635520
155 1 1347584 1355776
36 1 10272768 10276864
155 1 1355776 1359872
292 1 8159232 8163328
187 1 1691648 1699840
175 1 5185536 5189632
195 1 2707456 2711552
195 1 2867200 2875392
195 1 3133440 3137536
955 1 8847360 9371648
955 2 9371648 9437184 9437184 9895936
955 2 8323072 8388608 8388608 8847360
957 1 4521984 4718592
955 1 9895936 10420224
543 2 5177344 5242880 5242880 5308416
955 1 10420224 10485760
956 1 0 335872
543 1 5373952 5439488
0 1 5017600 5018112
653 1 2306048 2314240
956 1 2752512 2949120
19 1 5971968 5976064
653 1 2314240 2318336
334 1 4239360 4243456
330 1 9805824 9809920
259 1 8683520 8685568
145 1 3198976 3203072
40 1 7090176 7094272
40 1 7024640 7028736
932 1 7266304 7270400
905 1 8540160 8544256
55 1 5156864 5160960
177 1 5963776 5980160
661 1 1081344 1089536
661 1 1089536 1093632
177 1 5980160 5984256
17 1 3641344 3661824
10 1 4808704 4812800
193 1 507904 512000
165 1 6725632 6729728
393 1 6475776 6483968
685 1 1129984 1142272
73 1 4124672 4128768
611 1 4312576 4328960
628 1 4861440 4869632
792 1 8920576 8961536
753 1 5422592 5467648
606 1 4775424 4824576
89 1 1126400 1130496
618 1 1166848 1170944
53 1 9392128 9396224
611 1 4328960 4337152
19 1 9728000 9732096
608 1 8592896 8728064
804 1 6623232 6627328
665 1 6553600 6569984
619 1 8920576 9055744
158 1 9732096 9733120
16 1 6512640 6524928
458 1 2674176 2706944
16 1 6524928 6529024
458 1 2706944 2711040
694 1 2990080 2994176
358 1 266240 270336
360 1 7606272 7618560
16 1 6529024 6537216
42 1 1863680 1884160
16 1 6537216 6541312
696 1 9079296 9080320
360 1 7618560 7622656
696 1 9080320 9088000
56 1 1175552 1179648
350 1 749568 753664
40 1 7020544 7057408
40 1 1777664 1794048
85 1 7557120 7622656
148 1 6029312 6094848
72 1 8728576 8732672
148 1 6422528 6488064
148 1 6815744 6881280
148 1 7208960 7274496
40 1 1769472 1773568
777 1 7524352 7528448
777 1 7278592 7286784
777 1 7561216 7565312
777 1 7639040 7643136
777 1 7630848 7634944
777 1 7647232 7651328
777 1 7905280 7909376
777 1 7811072 7815168
777 1 7970816 7974912
777 1 7725056 7729152
777 1 8077312 8081408
777 1 7913472 7917568
777 1 8290304 8294400
777 1 8085504 8093696
777 1 8335360 8343552
777 1 9490432 9498624
777 1 9187328 9191424
777 1 8298496 8302592
304 1 1839104 1843200
256 1 1359872 1363968
705 1 3182592 3194880
95 1 9785856 9814016
143 1 454656 458752
142 1 6529024 6533120
182 1 4588032 5112320
307 1 7163904 7168000
835 1 9777152 9781248
40 1 1867776 1875968
432 1 7942144 8335360
208 1 7827456 7831552
40 1 1806336 1814528
432 1 8425472 8512000
40 1 1875968 1880064
659 1 245760 253952
208 1 7827456 7831552
659 1 253952 258048
991 1 10055680 10063872
40 1 1810432 1814528
61 1 8876032 8892416
432 1 8512000 9015296
61 1 8978432 8982528
177 1 5857280 5861376
432 1 9277440 9298432
369 1 3813376 3817472
891 1 7421952 7430144
891 1 7376896 7380992
418 1 6291456 6295552
720 1 10096640 10158080
139 1 4636160 4640256
139 1 4640256 4652544
40 1 1777664 1781760
816 1 4702208 4703232
8 1 417792 421888
157 1 6307328 6356480
533 1 8056832 8060928
419 1 9207808 9216000
512 1 65536 131072
72 1 1974272 1974784
293 1 4935680 4943872
61 1 1966080 1970176
885 1 4755456 4759552
292 1 9830400 9834496
294 1 2023424 2027520
40 1 7024640 7032832
72 1 2695168 2699264
72 1 2703360 2707456
72 1 1978368 1982464
162 1 1409024 1413120
18 1 10104832 10108928
537 1 527872 531968
18 1 10113024 10117120
162 1 745472 753664
43 1 8200192 8204288
885 1 4755456 4759552
343 2 3796992 4194304 4194304 4280320
40 1 7090176 7094272
409 1 6405632 6442496
752 1 3112960 3137536
309 1 5378048 5382144
579 1 6676480 6709248
409 1 6442496 6446592
51 1 10158080 10174464
275 1 749568 753664
835 1 8347648 8351744
367 1 2678784 2682880
10 1 4677632 4681728
17 1 5029888 5046272
367 1 2678784 2682880
9 1 999424 1015808
10 1 4612096 4624384
654 1 3297280 3301376
304 1 7200768 7204864
304 1 6066688 6068736
228 1 2301952 2306048
328 1 3325952 3330048
582 1 5459968 5464064
308 1 3203072 3207168
40 1 1777664 1794048
304 1 6068736 6070784
597 1 10088448 10092544
228 1 7700480 7712768
98 1 2539008 2543104
320 1 7692288 7704576
40 1 1794048 1802240
274 1 4018176 4020224
274 1 4022272 4023296
585 1 1552384 1553920
42 1 10326016 10358784
356 1 8486912 8499200
42 1 10358784 10362880
40 1 1843200 1847296
40 1 1863680 1867776
356 1 7417856 7929856
398 1 204800 208896
270 1 7208960 7213056
415 1 2854912 2859008
255 1 8974336 8978432
767 1 4939776 4943872
801 1 10285056 10289152
623 1 3943936 4079104
761 1 6885376 6893568
625 1 3788288 3927552
294 1 1978368 1986560
975 1 1019392 1023488
5 1 7798784 7860224
356 1 5771264 5775360
341 1 3411968 3416064
626 1 10087936 10214912
632 1 8986112 9068032
20 1 684032 688128
976 1 1838592 1842688
0 1 5021696 5025792
330 1 9814016 9818112
7 1 9273344 9289728
286 1 9015296 9023488
1 1 2621440 2625536
3 1 995328 1015808
3 1 1015808 1019904
286 1 9019392 9023488
3 1 1019904 1036288
657 1 5947392 5955584
142 1 6365184 6369280
392 1 1527808 1531904
282 1 6418432 6422528
3 1 1036288 1040384
47 1 782336 786432
759 1 2317824 2321920
759 1 2498048 2502144
759 1 15872 19968
759 1 2858496 2862592
759 1 19968 24064
759 1 179712 187904
759 1 2285056 2289152
759 1 507392 515584
47 1 774144 778240
40 1 7086080 7090176
283 1 7593472 7597568
50 1 1765376 1769472
283 1 7593472 7597568
50 1 3002368 3006464
232 1 10264576 10266112
50 1 2228224 2244608
977 1 5906432 5907968
839 1 7647232 7655424
156 1 9662464 9666560
142 1 6971392 6975488
215 1 8650752 8654848
11 1 2510848 2514944
156 1 9691136 9699328
118 1 2064384 2068480
777 1 9797632 9801728
777 1 9551872 9555968
777 1 10014720 10018816
777 1 9912320 9916416
777 1 9400320 9404416
777 1 10371072 10375168
778 1 86016 94208
777 1 9867264 9871360
777 1 10145792 10149888
778 1 458752 462848
778 1 450560 454656
892 1 6340608 6344704
778 1 294912 299008
778 1 843776 847872
495 1 2949120 2953216
428 1 4042752 4046848
931 1 3231744 3239936
931 1 3510272 3514368
632 1 7516160 7520256
634 1 507904 512000
330 1 2629632 2633728
145 1 3198976 3203072
42 1 4567040 4571136
42 1 4603904 4612096
40 1 7090176 7094272
541 1 4619776 4636160
205 1 8597504 8609792
541 1 4566528 4615680
657 1 4693504 4697600
975 1 5111296 5115392
685 1 1142272 1154560
99 1 10407424 10419712
753 1 5467648 5504512
792 1 8961536 8998400
99 1 8027648 8039936
618 1 1170944 1195520
626 1 10214912 10219008
611 1 4337152 4386304
972 1 695808 699904
628 1 4869632 4910592
974 1 4136448 4144640
571 1 3825152 3829248
685 1 1154560 1179136
792 1 8998400 9068032
40 1 1884160 1892352
1 1 348672 872960
738 1 556032 556544
37 1 9195520 9199616
513 1 8097792 8122368
42 1 2134016 2138112
40 1 1855488 1859584
994 1 9826304 9830400
293 1 6598656 6610944
293 1 6594560 6598656
342 1 4329472 4341760
342 1 4325376 4329472
345 1 5521408 5525504
42 1 7192576 7208960
42 1 7602176 7606272
1 1 2555904 2560000
344 1 8417280 8421376
341 1 2756608 2768896
344 1 8421376 8454144
40 1 7020544 7028736
345 1 5525504 6049792
345 1 6049792 6291456
3 1 3973120 3993600
341 1 2752512 2756608
346 1 32768 507904
342 1 4325376 4329472
418 1 6320128 6324224
647 1 1613824 1617920
157 1 6716928 6979072
294 1 1966080 1970176
418 1 7376896 7380992
40 1 7106560 7114752
430 1 7090176 7094272
40 1 7045120 7053312
40 1 7114752 7118848
430 1 7090176 7094272
42 1 10362880 10387456
52 1 5832704 5849088
148 1 3088384 3092480
42 1 10387456 10391552
104 1 4390912 4431872
51 1 10244096 10276864
50 1 7532544 7536640
655 1 7909376 7917568
655 1 7917568 7921664
65 1 6381568 6402048
96 1 5799936 5812224
7 1 2846720 2850816
40 1 7127040 7131136
50 1 1568768 1572864
96 1 8674816 8703488
96 1 8703488 8707584
655 1 1105920 1114112
244 1 9228288 9244672
551 1 6598656 6602752
96 1 8707584 8711680
551 1 7598080 7599104
655 1 1114112 1118208
244 1 9244672 9248768
413 1 7388672 7396864
413 1 7360000 7384576
413 2 7331328 7340032 7340032 7355904
413 1 7679488 7687680
96 1 8711680 8715776
96 1 8715776 8748544
96 1 8748544 8752640
413 2 7331328 7340032 7340032 7347712
8 1 6094848 6115328
307 1 7168000 7172096
733 1 1183744 1187840
733 1 1134592 1138688
96 2 970752 1048576 1048576 1466880
835 1 9781248 9785344
88 1 4833280 4866048
733 1 1138688 1142784
307 1 7172096 7184384
40 1 1769472 1773568
40 1 7024640 7028736
714 1 1383936 1388032
652 1 6234112 6242304
59 1 8118272 8122368
49 1 2060288 2080768
204 1 3514368 3522560
205 1 4419584 4423680
7 1 2912256 2916352
54 1 8167424 8192000
45 1 225280 233472
54 1 8192000 8204288
49 1 2080768 2093056
45 1 5263360 5271552
40 1 1859584 1871872
12 1 8564736 8568832
5 1 2949120 3010560
623 1 7442432 7458816
257 1 4718592 4784128
89 1 9863168 9867264
160 1 4009984 4022272
88 1 9322496 9338880
16 1 6541312 6549504
192 1 598016 610304
623 1 7483392 7491584
623 1 8474624 8482816
16 1 6549504 6553600
623 1 10252288 10260480
358 1 266240 270336
623 1 9039872 9048064
16 1 6553600 6561792
623 1 9711616 9719808
848 1 9998336 10022912
16 1 6561792 6565888
50 1 3162112 3174400
497 1 3743744 3747840
569 1 9199616 9207808
421 1 5353472 5357568
430 1 229376 233472
431 1 2465792 2473984
430 1 9818112 9822208
433 1 65536 73728
430 1 6295552 6303744
308 1 3207168 3239936
586 1 8576512 8580608
526 1 9043456 9047552
228 1 7712768 7716864
731 1 9256960 9261056
678 1 1376256 1377280
731 1 9314304 9322496
245 1 6344704 6348288
40 1 1847296 1851392
226 2 4190208 4194304 4194304 4210688
215 1 8654848 8658944
531 1 3087872 3091968
936 1 9354752 9358848
248 1 9498624 9510912
1 1 2650112 2654208
323 1 2159104 2166784
323 1 2170880 2597376
755 1 5148672 5150720
303 1 982528 1015808
303 1 1212416 1228800
716 1 811008 815104
98 1 2543104 2547200
98 1 2547200 2579968
338 1 2174464 2178560
653 1 8626176 8634368
754 2 2920448 3145728 3145728 3407872
653 1 8634368 8638464
984 2 8347648 8388608 8388608 8507392
661 1 8634368 8642560
175 1 3309056 3362304
661 1 8642560 8646656
771 1 7245824 7278592
175 1 3362304 3366400
112 1 5034496 5144576
112 2 5173248 5242880 5242880 5587456
64 1 2736128 2740224
112 1 5587456 6111744
367 1 2678784 2691072
286 1 8499200 8503296
2 1 4677632 4689920
287 1 4186112 4188160
367 1 2682880 2686976
367 1 2682880 2686976
483 1 7942144 7944704
61 1 1966080 1970176
50 1 1294336 1298432
43 1 9211904 9216000
138 1 2809856 2813952
138 1 5173248 5177344
753 1 5504512 5570048
48 1 8265728 8269824
611 1 4386304 4406784
628 1 4910592 4922880
753 1 5570048 5598720
618 1 1195520 1240576
685 1 1179136 1187328
625 1 3927552 4025856
608 1 8723968 8728064
623 1 4079104 4173312
793 1 5012992 5037568
95 1 5382144 5390336
632 1 9068032 9178624
29 1 1392640 1396736
339 1 3854336 3858432
339 1 3645440 3649536
339 1 7757824 7761920
339 1 4718592 4722688
339 1 7401472 7430144
988 1 3137536 3141632
25 1 8196096 8200192
25 1 8765440 8769536
39 1 2506752 2510848
39 1 2654208 2658304
39 1 2646016 2650112
39 1 4001792 4005888
39 1 2818048 2822144
39 1 2666496 2670592
39 1 4042752 4046848
39 1 4030464 4034560
39 1 7811072 7815168
61 1 1961984 1966080
414 1 5636096 5640704
657 1 8105984 8114176
657 1 8114176 8118272
15 1 4087808 4104192
13 1 2555904 2560000
15 1 4104192 4124672
13 1 2621440 2625536
59 1 6643712 6660096
59 1 6660096 6664192
299 1 8007680 8011776
294 1 1642496 1646592
294 1 1634304 1638400
918 1 4571136 4572160
863 1 4104192 4106752
465 1 6029312 6049792
534 1 7794688 7811072
579 1 6709248 6713344
465 1 6815744 6860800
0 1 421888 438272
419 1 9285632 9289728
223 1 4341760 4345856
318 1 8908800 8912896
182 2 5112320 5242880 5242880 5636608
307 1 7184384 7192576
26 1 3235840 3239936
591 1 6094848 6123520
40 1 1798144 1802240
40 1 1777664 1785856
42 1 10391552 10416128
50 1 7929856 7958528
104 1 4431872 4435968
356 1 7929856 8388608
342 1 4329472 4341760
344 1 1052672 1056768
343 1 4722688 4751360
522 1 3162112 3166208
747 1 1884160 1892352
741 1 9797632 9801728
343 2 3112960 3145728 3145728 3166208
346 2 7200768 7340032 7340032 7696384
747 1 1908736 1916928
110 1 7159808 7225344
214 1 6922240 6938624
535 1 8925184 8929280
478 1 5906432 5914624
426 1 6168576 6172672
342 1 4325376 4329472
886 1 8253440 8257536
298 1 6189056 6193152
294 1 2088960 2093056
86 1 2215936 2220032
86 1 2187264 2191360
86 1 2150400 2158592
61 1 1970176 1974272
537 1 527872 531968
72 1 1974272 1974784
886 1 8253440 8257536
61 1 1966080 1970176
294 1 2023424 2027520
596 1 4067328 4071424
294 1 1982464 1986560
40 1 7024640 7028736
40 1 7024640 7028736
145 1 3198976 3203072
656 1 10231808 10240000
323 1 2597376 3056128
626 1 9404416 9408512
1 1 2584576 2588672
716 1 794624 811008
943 1 10469376 10473472
626 1 9392128 9404416
346 1 3907584 3911680
911 1 3158016 3178496
517 1 7680000 7684096
517 1 3190784 3194880
517 1 6111232 6115328
355 1 7417856 7421952
517 1 4677632 4681728
516 1 2203648 2207744
437 1 3141632 3145728
519 1 6373376 6377472
511 1 3214848 3218944
618 1 6864896 7106560
660 1 4362240 4370432
64 1 3170304 3182592
226 1 4210688 4214784
660 1 4374528 4378624
618 1 7106560 7110656
40 1 2232320 2236416
43 1 5840896 5844992
508 1 7020544 7021568
40 1 7049216 7053312
261 1 8138752 8146944
261 1 8146944 8151040
78 1 3977216 3981312
649 1 9117696 9121792
649 1 4431872 4435968
649 1 6893568 6897664
50 1 1445888 1462272
40 1 1843200 1847296
963 1 36864 40960
205 1 5750784 5758976
963 1 0 4096
205 1 5758976 5763072
654 1 8626176 8634368
654 1 8634368 8638464
161 1 4866048 4878336
155 1 1359872 1368064
814 1 9084928 9085952
40 1 7086080 7098368
155 1 1368064 1372160
794 1 9441280 9444864
716 1 10317824 10318848
292 1 8159232 8163328
155 1 1372160 1380352
155 1 1380352 1384448
87 1 5156864 5160960
121 1 8650752 8654848
13 1 8060928 8065024
0 1 401408 405504
317 1 9404416 9408512
295 1 2195456 2199552
14 1 6291456 6295552
40 1 7024640 7028736
42 1 4546560 4562944
148 1 7602176 7667712
148 1 7995392 8060928
650 1 2052096 2060288
148 1 8388608 8454144
650 1 2060288 2064384
148 1 8781824 8847360
148 1 9175040 9212928
141 1 9949184 9953280
27 1 294912 303104
526 1 7052800 7056896
653 1 9097216 9105408
308 1 3239936 3244032
0 1 8855552 8863744
4 1 8814592 8830976
652 1 6242304 6246400
98 1 2579968 2584064
493 1 1809920 1814016
493 1 4132352 4144640
210 1 6585856 6716928
219 1 4611584 4742656
533 1 8056832 8065024
40 1 1843200 1847296
657 1 6103040 6127616
432 1 10084352 10092544
117 1 8843264 8900608
42 1 4501504 4517888
685 1 1183232 1187328
89 1 1126400 1130496
611 1 4402688 4406784
40 1 1822720 1826816
763 1 6400512 6402560
619 1 9051648 9055744
95 1 5390336 5394432
294 1 2048000 2056192
292 1 9834496 9838592
801 1 10285056 10289152
655 1 10104832 10113024
111 1 786432 798720
655 1 10113024 10117120
967 1 8937472 8990720
182 1 5177344 5189632
974 1 1863680 1871872
103 1 577536 581632
103 1 643072 733184
40 1 7090176 7094272
50 1 5861376 5865472
43 1 5361664 5365760
61 1 1970176 1974272
221 1 8114176 8118272
47 1 36864 40960
981 1 2011136 2015232
218 1 3956736 3957760
40 1 2015232 2019328
487 1 2887680 2891776
40 1 3063808 3067904
61 1 1961984 1966080
405 1 12288 524288
534 1 7860224 7876608
752 1 3112960 3117056
535 1 6111232 6144000
19 1 5976064 5980160
0 1 5017600 5018112
19 1 5971968 5976064
177 1 10039296 10072064
42 1 4632576 4648960
50 1 2162688 2174976
111 1 7630848 7634944
111 1 7634944 7639040
126 1 4911104 4915200
126 1 5046272 5058560
294 1 10346496 10350592
40 1 1875968 1880064
116 1 983040 1044480
8 1 6721536 6725632
432 2 9298432 9437184 9437184 9757184
40 1 1810432 1822720
422 2 7012864 7340032 7340032 7537152
8 1 6651904 6656000
208 1 8060928 8065024
294 1 2031616 2052096
40 1 1884160 1888256
600 1 4881920 4898304
432 1 9822720 9867264
413 1 4443648 4476416
40 1 1818624 1822720
413 1 4476416 4480512
165 1 6680576 6721536
16 1 3317760 3334144
165 1 6729728 6733824
3 1 8626176 8642560
63 1 1667072 1667584
63 1 1667584 1683456
78 1 126976 128000
78 1 128000 132096
78 1 132096 136192
78 1 136192 140288
268 1 814592 835072
734 1 6701056 6705152
706 1 897024 901120
304 1 1843200 1847296
26 1 3239936 3244032
569 1 1277952 1282048
755 1 6553600 6557696
550 1 3633152 3637248
9 1 6205440 6209536
334 1 9506816 9560064
648 1 1294336 1310720
185 1 1076736 1097216
294 1 2031616 2039808
235 1 4759552 4784128
172 1 5689344 5692928
43 1 8200192 8204288
367 1 2682880 2691072
200 1 9740288 9744384
132 1 9240576 9244672
85 1 7958528 7979008
367 1 2686976 2691072
13 1 2613248 2617344
9 1 1015808 1036288
367 1 2686976 2691072
17 1 5046272 5066752
385 1 3231744 3235840
266 1 6365184 6369280
369 1 118784 122880
334 1 8507392 8515584
940 1 1994752 1998848
7 1 9289728 9310208
1 1 2555904 2560000
657 1 5955584 5959680
76 1 9613312 9637888
286 1 9019392 9023488
76 1 9637888 9641984
3 1 1040384 1048576
452 1 9375744 9379840
64 1 7405568 7409664
452 1 9412608 9416704
346 1 905216 909312
19 1 5345280 5349376
8 1 999424 1003520
78 1 4190208 4194304
40 1 7114752 7118848
40 1 1789952 1794048
492 1 6503936 6529024
0 1 421888 442368
656 1 10240000 10244096
10 1 8740864 8744960
1 2 872960 1048576 1048576 1397248
653 1 9105408 9109504
228 1 7684096 7696384
738 1 556032 558592
42 1 2191360 2195456
785 1 3874816 3883008
513 1 8097792 8101888
40 1 1789952 1794048
72 1 7811072 7815168
308 1 3244032 3252224
228 1 7696384 7700480
42 1 10416128 10420224
96 1 2539520 2543616
102 1 3792896 3796992
40 1 1863680 1867776
14 1 4661248 4665344
40 1 7086080 7090176
413 1 7687680 7699968
413 1 7704064 7724544
96 1 8752640 8777216
105 1 9629696 9633792
96 1 8777216 8781312
297 1 3977216 4050944
65 1 6787072 6791168
364 1 1269248 1281536
294 1 1966080 1970176
304 1 10407936 10412032
413 1 8887808 8891904
413 1 8089088 8093184
413 1 7831040 7839232
96 1 8781312 8809984
297 1 4050944 4055040
96 1 8809984 8814080
40 1 7020544 7024640
541 1 4566528 4582912
541 1 4636160 4668928
98 1 2584064 2608640
466 1 8995840 8996352
886 1 8253440 8257536
246 1 647168 655360
246 1 598016 622592
205 1 208896 212480
294 1 2088960 2097152
656 1 10194944 10203136
298 1 5697536 5698048
656 1 10203136 10207232
655 1 6230016 6238208
826 1 10169856 10170368
40 1 1888256 1892352
763 1 6402048 6402560
582 1 9895424 10108416
48 1 8261632 8265728
298 1 3473408 3477504
89 1 1126400 1130496
582 1 10108416 10112512
294 1 1986560 1994752
816 1 9252864 9256960
579 1 6713344 6721536
465 1 7909376 8355840
874 1 5242880 5259264
50 1 3932160 3952640
40 1 7090176 7102464
113 1 4845056 4849152
416 1 5410816 5414912
8 1 548864 552960
770 1 6623232 6627328
416 1 5414912 5480448
416 1 5480448 5484544
690 1 5505024 5603328
40 1 7020544 7024640
50 1 2682880 2686976
416 1 5484544 5533696
50 1 3342336 3358720
416 1 5533696 5537792
50 1 2813952 2818048
50 1 3211264 3219456
466 1 4993024 4994560
145 1 10412032 10420224
40 1 7086080 7106560
629 1 7270400 7274496
763 1 8486912 8491008
10 1 7155712 7200768
304 1 6070784 6077952
7 1 4915200 4935680
502 1 1933312 1937408
304 1 6077952 6086656
31 1 4526080 4530176
50 1 2494464 2510848
716 1 790528 794624
261 1 6762496 6930432
303 1 1225728 1226752
1 1 2650112 2658304
261 1 6930432 6934528
301 1 7618560 7622656
296 1 6623232 6627328
716 1 811008 815104
323 2 3121664 3145728 3145728 3645952
296 1 6610944 6615040
716 1 815104 827392
303 1 1226240 1227264
14 1 8318976 8323072
30 1 9609216 9613312
76 1 1167360 1171456
69 1 2777088 2781184
42 1 1241088 1245184
42 1 1703936 1720320
40 1 1777664 1785856
40 1 1843200 1847296
49 1 9887744 9895936
49 1 9961472 9973760
128 1 1413120 1417216
40 1 1777664 1794048
128 1 1413120 1425408
128 1 1421312 1425408
128 1 1421312 1425408
42 1 1720320 1732608
68 1 7077888 7086080
128 1 1421312 1433600
128 1 1429504 1433600
823 1 2433024 2437120
295 1 6701056 6705152
161 1 7913472 7933952
292 1 9830400 9834496
70 1 2830336 2846720
487 1 2887680 2891776
919 1 7589888 7593984
0 1 1126400 1130496
162 1 4296704 4300800
699 1 9760768 9762304
18 1 3108864 3125248
11 1 2580480 2588672
54 1 8204288 8224768
474 1 7938048 7942144
40 1 7020544 7028736
45 1 172032 176128
40 1 1802240 1806336
42 1 4415488 4431872
40 1 1867776 1871872
40 1 7090176 7098368
474 1 7938048 7942144
40 1 1802240 1806336
40 1 1867776 1871872
58 1 4608000 4628480
474 1 7938048 7942144
40 1 1802240 1806336
11 1 2514944 2527232
40 1 7024640 7028736
328 1 1929216 1933312
247 1 2052096 2056192
554 1 8675328 8716288
98 1 2608640 2612736
525 1 7471104 7495680
494 1 8314880 8318976
657 1 6127616 6131712
419 1 9289728 9322496
185 1 1097216 1101312
533 1 8060928 8065024
334 1 9560064 9564160
648 1 1310720 1323008
14 1 4587520 4591616
681 1 2994176 2998272
96 1 1466880 1991168
734 1 6705152 6709248
224 1 5746688 5754880
307 1 7192576 7221248
199 1 7307264 7311360
173 1 4755456 4784128
62 1 7557120 7558144
182 1 5636608 6160896
734 1 6709248 6713344
307 1 7221248 7233536
515 1 6676480 6680576
24 1 3604480 3670016
419 1 9322496 9326592
91 1 2420736 2437120
91 1 2510848 2527232
81 1 9203712 9207808
356 1 8499200 9023488
356 1 9023488 9060352
40 1 1798144 1810432
206 1 4944896 4945408
596 1 4067328 4071424
257 1 2994176 2998272
40 1 7020544 7036928
655 1 6238208 6242304
886 1 8253440 8257536
294 1 2048000 2052096
257 1 3010560 3014656
294 1 2027520 2031616
155 1 3571712 3574272
59 1 4210688 4214784
155 1 3268608 3271680
214 1 7446528 7454720
232 1 6443008 6447104
43 1 9191424 9195520
88 1 3260416 3264512
128 1 9232384 9236480
537 1 527872 531968
97 1 2875392 2879488
13 1 2625536 2633728
293 1 4943872 4956160
270 1 2019328 2023424
50 1 2174976 2179072
217 1 6004736 6017024
50 1 1699840 1703936
50 1 2359296 2371584
217 1 6017024 6021120
44 1 7307264 7311360
164 1 3198976 3205120
413 1 8515584 8519680
651 1 1892352 1900544
354 1 5574656 5575168
431 1 6094848 6098944
1 1 6623232 6627328
1 1 6696960 6705152
22 1 5111808 5115904
22 1 7393280 7397376
258 1 1875968 1880064
203 1 9953280 10145792
203 1 10207232 10441216
203 1 10441216 10485760
204 1 0 414208
204 1 479744 1004032
204 2 1004032 1048576 1048576 1528320
204 1 2002944 2056704
204 1 1528320 1998848
204 2 2056704 2097152 2097152 2580992
292 1 9830400 9834496
204 1 6103040 6107136
763 1 6402048 6403584
96 1 3104768 3137536
170 1 86016 90112
3 1 2580480 2584576
228 1 7778304 7790592
738 1 558080 558592
304 1 6086656 6089728
308 1 3252224 3256320
1 1 1397248 1856000
40 1 1855488 1859584
27 1 4517888 4521984
228 1 7790592 7794688
41 1 802816 806912
830 1 5410816 5414912
731 1 8753152 8757248
749 1 2457600 2461696
143 1 6594560 6692864
117 1 7143424 7151616
651 1 4222976 4231168
471 1 5824512 5828608
557 1 1966080 1974272
956 1 2686976 2752512
543 1 5570560 5701632
787 1 884736 888832
786 1 8863744 8867840
956 1 2162688 2686976
294 1 1970176 1974272
783 2 991232 1048576 1048576 1363968
452 1 1888256 1896448
579 1 6721536 6725632
409 1 6446592 6458880
605 1 978944 983040
783 1 5627904 5693440
409 1 6458880 6462976
941 1 2252800 2256896
342 1 4329472 4341760
106 1 9539584 9543680
106 1 9543680 9568256
110 1 7225344 7229440
695 1 9392128 9396224
106 1 9568256 9572352
695 1 9396224 9408512
106 1 9572352 9580544
346 1 7692288 7696384
106 1 9580544 9584640
346 1 7696384 8183808
343 1 3694592 4141056
343 1 3690496 3694592
344 1 1056768 1073152
294 1 2031616 2035712
96 1 8814080 8818176
95 1 10452992 10457088
105 1 9900032 9908224
413 1 8891904 8916480
413 1 9027072 9031168
413 1 8961536 8969728
413 1 8932864 8957440
413 1 9047552 9051648
294 1 1966080 1970176
96 1 8818176 8822272
96 1 8822272 8855040
96 1 8855040 8859136
413 1 8891904 8908288
105 1 9629696 9633792
413 1 9309696 9317888
413 1 9051648 9076224
294 1 2031616 2048000
10 1 4685824 4694016
367 1 2686976 2691072
73 1 4300800 4321280
654 1 2920448 2928640
367 1 2686976 2699264
40 1 7086080 7090176
654 1 2928640 2932736
367 1 2691072 2695168
40 1 7016448 7020544
367 1 2691072 2695168
656 1 9883648 9891840
656 1 9891840 9895936
13 1 2543616 2547712
238 1 5144576 5148672
238 1 5152768 5214208
238 1 4849664 4853760
238 1 5988352 6049792
238 1 5976064 5980160
239 1 8454144 8458240
557 1 1900544 1904640
40 1 7086080 7090176
40 1 7049216 7061504
40 1 7016448 7020544
430 1 7098368 7102464
40 1 7122944 7127040
298 1 3477504 3481600
89 1 1126400 1130496
823 1 7327744 7331840
697 1 1941504 1945600
655 1 8286208 8294400
294 1 2056192 2060288
796 1 1916928 1921024
76 1 585728 589824
103 1 733184 737280
139 1 2334720 2338816
190 1 3842048 3858432
181 1 5447680 5451776
660 1 5365760 5373952
0 1 6828032 6832128
88 1 3510272 3513344
54 1 1134592 1138688
307 1 4784128 4788224
248 1 3371008 3375104
248 1 3399680 3403776
307 1 4845568 4849664
304 1 6089728 6091264
248 1 3428352 3432448
40 1 7020544 7024640
11 1 3297280 3301376
304 1 6091264 6093312
308 1 3256320 3264512
996 1 8224768 8228864
658 1 10190848 10199040
658 1 10199040 10203136
42 1 4517888 4521984
42 1 5570560 5586944
117 1 8900608 8904704
40 1 7086080 7090176
156 1 2048000 2052096
275 1 6782976 6787072
213 1 5050368 5054464
41 1 4149248 4157440
41 1 4120576 4124672
309 1 5382144 5419008
774 1 3723264 3727360
40 1 7032832 7049216
339 1 4952064 4980736
515 1 7569408 7577600
96 2 1991168 2097152 2097152 2515456
307 1 7233536 7241728
591 1 2183168 2187264
67 1 9822208 9826304
67 1 9756672 9764864
205 1 1474560 1478656
307 1 7241728 7245824
734 1 6713344 6717440
665 1 401408 413696
36 1 10301440 10305536
14 1 4673536 4677632
53 1 8974336 8978432
484 1 10133504 10137600
682 1 1609728 1613824
40 1 3063808 3067904
40 1 7086080 7090176
60 1 5029376 5033472
300 1 10424320 10428416
60 1 5029376 5033472
283 1 7593472 7597568
283 1 7593472 7597568
113 1 2138112 2142208
60 1 5029376 5033472
60 1 5029376 5033472
1 1 6713344 6721536
40 1 7020544 7028736
40 1 7086080 7094272
218 1 6541312 6545408
18 1 2301952 2306048
185 2 3059712 3145728 3145728 3584000
185 1 2535424 3059712
200 1 8302592 8304640
860 1 3387392 3391488
860 1 3428352 3440640
185 1 3584000 3866624
177 1 6553600 6684672
185 1 3866624 3932160
116 1 8064512 8089088
204 1 8323072 8388608
593 1 5148160 5152256
557 1 323584 327680
238 1 3211264 3276800
199 1 6320128 6381568
557 1 1658880 1662976
749 1 2457600 2461696
105 1 7782400 7790592
36 1 483328 487424
112 1 1069056 1073152
356 2 9064448 9437184 9437184 9551872
40 1 1871872 1875968
304 1 6979072 6983168
408 1 359936 364032
293 1 2121216 2125312
277 1 4202496 4206592
240 1 7647232 7650304
416 1 5537792 5607424
416 1 5607424 5611520
87 1 7348224 7352320
690 1 5898240 5992448
150 1 8441856 8443904
416 1 5611520 5664768
416 1 5664768 5668864
38 1 5566464 5570560
57 1 5160960 5165056
390 1 5287936 5292032
841 1 3039232 3047424
721 1 10219520 10223616
591 1 9166848 9170944
44 1 3149824 3153920
993 1 5001216 5005312
338 1 6115328 6119424
286 1 9019392 9023488
64 1 7409664 7426048
64 1 7426048 7430144
286 1 9019392 9023488
262 1 7450624 7454720
64 1 7430144 7438336
382 1 5439488 5451776
939 1 7613952 7622144
64 1 7438336 7442432
382 1 5451776 5455872
283 1 8282624 8284160
53 1 4685824 4689920
78 1 140288 144384
540 1 1015296 1019392
593 1 6782464 6811136
3 1 8642560 8663040
78 1 144384 148480
593 1 6811136 6815232
13 1 6713344 6729728
63 1 106496 110592
660 1 9752576 9760768
78 1 458752 459264
660 1 9760768 9764864
63 1 102400 106496
45 1 229376 233472
45 1 241664 245760
42 1 4472832 4485120
42 1 4431872 4440064
944 1 9826304 9830400
494 1 5627904 5632000
341 1 6451200 6455296
45 1 176128 180224
40 1 1867776 1875968
45 1 241664 249856
505 1 8650752 8654848
944 1 9826304 9830400
58 1 4628480 4640768
40 1 1806336 1810432
494 1 5627904 5632000
505 1 8654848 8658944
45 1 180224 184320
505 1 8658944 8663040
598 1 6549504 6598656
231 1 9605120 9605632
213 1 3198976 3203584
40 1 7057408 7061504
295 1 6705152 6709248
42 1 4415488 4431872
452 1 9977856 9981952
810 1 1613824 1618944
235 1 4759552 4763648
271 1 8724480 8728576
208 1 8060928 8065024
432 1 9932800 10412544
40 1 1884160 1888256
61 1 8982528 8994816
422 1 7537152 8061440
42 1 3112960 3117056
432 1 10412544 10420224
374 2 5844992 6291456 6291456 6369280
432 1 10469376 10485760
433 1 0 20480
177 1 5857280 5861376
369 1 3813376 3817472
374 1 6369280 6893568
40 1 1818624 1826816
374 2 6893568 7340032 7340032 7417856
374 1 7417856 7942144
433 2 1925120 2097152 2097152 2404864
374 2 7942144 8388608 8388608 8466432
422 2 8228864 8388608 8388608 8524288
422 1 8061440 8224768
43 1 8003584 8007680
292 1 9834496 9838592
596 1 4067328 4071424
15 1 3964928 3985408
294 1 1982464 1986560
886 1 8253440 8257536
13 1 2564096 2572288
294 1 2093056 2097152
55 1 4268032 4288512
386 1 3096576 3100672
784 1 61440 135168
579 1 6725632 6733824
539 1 4317184 4689920
9 1 6918144 6922240
386 1 3112960 3117056
386 1 3080192 3092480
386 1 3121152 3129344
757 1 6946816 6950912
10 1 4575232 4579328
145 1 3198976 3203072
40 1 7090176 7094272
40 1 7028736 7032832
145 1 3198976 3203072
40 1 7094272 7098368
164 1 2396160 2400256
298 1 3481600 3485696
175 1 3809280 3817472
76 1 610304 630784
164 1 2457600 2469888
659 1 2015232 2019328
915 1 3969024 3973120
261 1 5599232 5603328
157 1 1949696 1953792
265 1 8368128 8372224
6 1 4059136 4063232
202 1 10067968 10072064
159 1 9318400 9379840
716 1 2707456 2711552
269 1 9580544 9584640
216 1 10170368 10174464
717 1 9072640 9076736
676 1 2256896 2257408
44 1 7507968 7512064
44 1 7536640 7540736
44 1 7770112 7774208
82 1 3428352 3432448
157 1 8798208 8802304
50 1 9994240 9998336
44 1 7262208 7266304
294 1 9117184 9121280
435 1 7777792 7781888
436 1 2924032 2928128
40 1 1806336 1810432
312 1 3932160 3936256
419 1 9326592 9334784
647 1 1609728 1613824
187 1 6848512 6946816
253 1 9760768 9764864
533 1 8060928 8065024
40 1 7028736 7032832
329 1 3481600 3486208
452 1 622080 634368
651 1 4231168 4235264
557 1 1974272 2031616
183 1 5386240 5451776
439 1 5963776 6041600
652 1 2543616 2568192
653 1 57344 65536
143 1 6692864 6696960
433 1 6422528 6488064
652 1 2568192 2572288
183 1 5451776 5455872
541 1 4734464 4750848
653 1 65536 69632
494 1 8314880 8318976
143 1 6696960 6709248
931 1 5640192 5644288
758 1 5017600 5021696
89 1 4915200 4943872
539 1 4694016 4833280
757 1 6930432 6942720
757 1 6975488 6979584
758 1 5042176 5050368
757 1 6959104 6971392
757 1 7008256 7012352
758 1 5029888 5038080
757 1 6991872 7000064
758 1 5025792 5029888
757 1 6983680 6987776
759 1 2363392 2371584
759 1 2396160 2404352
757 1 7016448 7020544
759 1 2252800 2260992
271 1 6586368 6588416
222 1 155648 188416
205 1 1937408 1961984
182 2 6160896 6291456 6291456 6685184
307 1 7245824 7249920
901 1 3358720 3366912
940 1 7933952 7942144
596 1 1396736 1400832
651 1 1900544 1904640
126 1 5058560 5070848
382 1 10276864 10278400
706 1 10235904 10254336
722 1 4005888 4009984
487 1 2887680 2895872
14 1 4608000 4616192
487 1 2891776 2895872
14 1 4677632 4681728
228 1 7794688 7806976
738 1 558080 559104
49 1 9973760 9990144
569 1 5423104 5427200
40 1 1789952 1794048
72 1 1527808 1531904
228 1 7806976 7811072
308 1 3264512 3268608
304 1 6093312 6095360
656 1 6963200 6971392
1 2 1872384 2097152 2097152 2396672
34 1 5017600 5029888
261 1 6934528 6950912
953 1 307200 311296
1 1 2588672 2592768
261 1 6950912 6955008
2 1 65536 69632
261 1 6955008 6975488
323 1 3645952 4170240
152 1 3088384 3092480
158 1 7901184 7906816
261 1 6975488 6979584
716 1 827392 835584
261 1 6979584 6995968
655 1 1204224 1212416
323 2 4170240 4194304 4194304 4694528
655 1 1212416 1216512
261 1 6995968 7000064
716 1 827392 831488
96 1 8859136 8883712
96 1 8883712 8887808
364 1 1277440 1289728
413 1 9408000 9424384
532 1 4759552 4763648
75 1 9175040 9183232
96 1 8887808 8891904
96 1 8891904 8916480
532 1 4767744 4771840
166 1 7708672 7710720
96 1 8916480 8920576
81 1 663552 667648
40 1 1777664 1781760
419 1 9334784 9338880
271 1 8728576 8736768
294 1 2035712 2039808
112 2 6111744 6291456 6291456 6636032
112 1 6636032 7160320
178 1 2838528 2854912
42 1 9146368 9150464
656 1 8220672 8228864
42 1 9142272 9146368
112 2 7160320 7340032 7340032 7684608
75 1 9842688 9846784
559 1 876544 880640
6 1 4710400 4714496
74 1 9928704 9932800
23 1 2179072 2187264
74 1 6500352 6504448
559 1 9744384 9748480
23 1 2191360 2195456
211 1 6750208 6754304
676 1 2252800 2256896
822 1 1462272 1465344
428 1 3162112 3166208
166 1 7331840 7335424
323 1 1163264 1171456
267 1 6881280 6885376
643 1 3751936 3756032
429 1 3596288 3598336
788 1 3911680 3944448
323 1 1171456 1175552
0 1 4206592 4210688
262 1 5439488 5447680
262 1 5447680 5451776
256 1 10301440 10302976
12 1 2965504 2985984
5 1 6709248 6717440
98 1 2612736 2616832
46 1 6426624 6430720
5 1 4718592 4784128
98 1 2616832 2641408
508 1 1732608 1736704
140 1 7364608 7372800
260 1 3379200 3383296
12 1 475136 479232
40 1 7024640 7041024
721 1 9555968 9564160
67 1 2723840 2732032
292 1 8159232 8167424
40 1 7090176 7102464
155 1 1384448 1392640
155 1 1392640 1396736
292 1 8163328 8167424
155 1 1396736 1404928
155 1 1404928 1409024
87 1 7356416 7364608
105 1 9371648 9433088
292 1 8163328 8167424
155 1 1409024 1417216
106 1 3072000 3141632
155 1 1417216 1421312
106 1 7266304 7335936
118 1 4517888 4518912
654 1 8888320 8896512
292 1 8163328 8167424
338 1 6123520 6127616
227 1 10395648 10399744
989 1 6823936 6828032
326 1 552960 557056
862 1 4390912 4395008
721 1 9932800 9936896
25 1 2072576 2088960
981 1 4681728 4685824
29 1 2387968 2396160
943 1 5349376 5351936
338 1 6135808 6139904
981 1 4726784 4730880
989 1 6840320 6844416
721 1 9957376 9961472
40 1 1814528 1830912
213 1 5427200 5431296
858 1 4042752 4046848
721 1 10149888 10153984
39 1 2678784 2682880
40 1 1843200 1847296
52 1 5046272 5062656
340 1 9138176 9142272
356 1 9551872 10076160
398 1 2936832 2945024
352 1 7577600 7581696
413 1 204800 212992
403 1 49152 53248
482 1 9072640 9076736
249 1 10120704 10124800
713 1 4845568 4849664
651 1 782336 790528
76 1 1875968 1896448
89 1 1126400 1130496
42 1 3756032 3760128
655 1 8294400 8298496
1 1 290816 294912
651 1 790528 794624
294 1 1990656 1994752
45 1 2469888 2486272
759 1 2375680 2383872
759 1 2670592 2674688
759 1 2240512 2248704
757 1 7028736 7036928
759 1 2412544 2416640
29 1 8039936 8044032
759 1 2273280 2281472
757 1 7086080 7094272
759 1 2289664 2293760
757 1 7049216 7073792
759 1 2543616 2555904
759 1 2564096 2572288
759 1 2580480 2584576
759 1 2588672 2592768
758 1 5050368 5058560
367 1 2691072 2695168
13 1 5066752 5083136
367 1 2691072 2695168
114 1 7643136 7782400
50 1 3514368 3538944
114 1 7847936 7868416
6 1 4612096 4616192
53 1 5894144 5926912
639 1 3117056 3133440
367 1 2691072 2699264
581 1 2633728 2637824
13 1 6729728 6750208
78 1 532480 536576
78 1 520192 524288
165 1 9580544 9584640
165 1 9515008 9519104
16 1 6717440 6737920
14 1 4599808 4603904
53 1 4620288 4624384
20 1 7897088 7901184
63 1 106496 110592
155 1 6103040 6107136
145 1 3198976 3203072
45 1 6475776 6479872
132 1 7131136 7135232
430 1 7098368 7102464
292 1 9834496 9838592
52 1 8949760 8970240
650 1 679936 688128
40 1 7028736 7036928
40 1 7122944 7127040
40 1 7020544 7024640
78 1 3977216 3981312
204 1 2760704 2764800
78 1 4190208 4194304
40 1 7057408 7061504
867 1 106496 110592
875 1 7798784 7802880
470 1 1089536 1092096
470 1 843776 853504
875 1 7815168 7831552
470 1 1019904 1024000
445 1 4972544 4974080
49 1 10407936 10420224
470 1 917504 921600
470 1 905216 917504
470 1 921600 1019904
470 2 1024000 1048576 1048576 1089536
470 1 1097728 1155584
470 1 1163264 1203712
50 1 393216 397312
40 1 1777664 1781760
86 1 10248192 10252288
593 1 5152256 5176832
184 1 7405568 7450624
593 1 5176832 5180928
160 1 9129984 9162752
278 1 3600384 3604480
160 1 9170944 9207808
278 1 2555904 2560000
160 1 10375168 10395648
278 1 3108864 3112960
278 1 3448832 3452928
194 1 6340608 6422528
204 1 6553600 6619136
49 1 9973760 9986048
128 1 1429504 1433600
68 1 7016448 7020544
40 1 1855488 1863680
68 1 7081984 7086080
823 1 2433024 2437120
662 1 3620864 3629056
68 1 7016448 7020544
662 1 3629056 3633152
916 1 7065600 7069696
413 1 847872 851968
68 1 7081984 7086080
68 1 7016448 7028736
330 1 3293184 3297280
719 1 4534272 4538368
68 1 7090176 7094272
202 1 6340608 6348800
544 1 5832704 5963776
544 1 6094848 6160384
956 2 9175040 9437184 9437184 9699328
202 1 6348800 6352896
544 1 6225920 6291456
956 2 3014656 3145728 3145728 3276800
544 1 6356992 6422528
891 1 7376896 7380992
765 1 7872512 7873536
412 1 2179072 2183168
205 1 2838528 2842624
205 1 1417216 1421312
656 1 8228864 8232960
80 1 8691712 8695808
563 1 7540736 7544832
75 1 9641984 9646080
775 1 5693440 5697536
75 1 9637888 9641984
46 1 7573504 7577600
531 1 1265664 1269760
74 1 6230016 6242304
221 1 9134080 9138176
207 1 5885952 5894144
205 1 1384448 1392640
80 1 8183808 8187904
112 1 7684608 8208896
318 1 4784128 4788224
8 1 6029312 6045696
476 1 4546560 4554752
195 1 3145728 3149824
197 1 6197248 6201344
197 1 6205440 6209536
197 1 6213632 6217728
197 1 6221824 6225920
197 1 6242304 6254592
143 1 4861952 4866048
91 1 1245184 1253376
91 1 1257472 1261568
118 1 7139328 7143424
255 1 5824512 5828608
255 1 5832704 5853184
255 1 5861376 5865472
319 1 0 512
660 1 5373952 5378048
683 1 4939776 4943360
54 1 5021696 5038080
18 1 10166272 10182656
12 1 618496 622592
638 1 3670016 3682304
9 1 7041024 7045120
75 1 10285056 10289152
75 1 8503296 8507392
310 1 2584576 2588672
96 1 8920576 8924672
76 1 1052672 1056768
75 1 10280960 10285056
413 1 9612800 9620992
413 1 9649664 9653760
413 1 9756160 9764352
413 2 9424384 9437184 9437184 9457152
413 1 9637376 9645568
413 1 9793024 9797120
96 1 8924672 8928768
96 1 8928768 8961536
105 1 9629696 9633792
96 1 8961536 8965632
294 1 1978368 1998848
40 1 7020544 7028736
40 1 7090176 7098368
96 1 8929280 8933376
656 1 3186688 3194880
40 1 7028736 7032832
656 1 3194880 3198976
40 1 7094272 7102464
96 1 8929280 8933376
40 1 7032832 7036928
76 1 1167360 1171456
757 1 7098368 7102464
758 1 5120000 5124096
758 1 5165056 5173248
758 1 5083136 5115904
758 1 5152768 5156864
758 1 5062656 5079040
758 1 5132288 5144576
40 1 7110656 7114752
51 1 10174464 10194944
351 1 5906432 5909504
50 1 2793472 2809856
143 1 6709248 6713344
98 1 2641408 2645504
199 1 6381568 6385664
98 1 2645504 2649600
687 1 7168000 7245824
40 1 1777664 1785856
944 1 9826304 9830400
45 1 245760 249856
40 1 1871872 1875968
505 1 8663040 8667136
494 1 5627904 5632000
505 1 8667136 8671232
45 1 180224 184320
505 1 8671232 8675328
45 1 245760 249856
505 1 8675328 8679424
494 1 5627904 5632000
45 1 180224 184320
384 1 4960256 4964352
271 1 8736768 8740864
384 1 4898816 4902912
648 1 1323008 1339392
891 1 7421952 7430144
40 1 1777664 1789952
40 1 1769472 1773568
1 1 6823936 6832128
419 1 9404416 9408512
419 1 9338880 9342976
20 1 81920 86016
17 1 4399104 4403200
10 1 4751360 4755456
254 1 1187840 1191424
917 1 524288 585728
10 1 6365184 6369280
836 1 10035200 10039296
40 1 7094272 7098368
173 1 5222400 5226496
803 1 4231168 4235264
173 1 5287936 5349376
173 2 5226496 5242880 5242880 5287936
235 1 3096576 3100672
722 1 4005888 4009984
14 1 4612096 4616192
18 1 3125248 3145728
218 1 3957760 3958784
487 1 2891776 2899968
11 1 2519040 2531328
14 1 4677632 4681728
989 1 6848512 6856704
210 1 6262784 6291456
275 1 5750784 5782016
431 1 8433664 8437760
989 1 6864896 6873088
308 1 8257536 8259584
442 1 10059776 10063872
989 1 6881280 6885376
822 1 4710400 4718592
0 1 4296192 4300288
0 1 32256 36352
0 1 4361728 4365824
3 1 6458880 6462976
989 1 6889472 6893568
626 1 2101248 2105344
770 1 6627328 6631424
0 1 36352 40448
799 1 3547136 3551232
581 1 2494464 2572288
965 1 5083136 5087232
42 1 3813376 3817472
40 1 1822720 1835008
3 1 2506752 2510848
89 1 1126400 1134592
294 1 2056192 2060288
286 1 9019392 9027584
64 1 7442432 7450624
124 1 7876608 7884800
64 1 7450624 7454720
124 1 7884800 7888896
286 1 9023488 9027584
228 1 7811072 7823360
653 1 2347008 2355200
656 1 6971392 6975488
738 1 558592 560640
25 1 3768320 3772416
40 1 1855488 1859584
31 1 1048576 1052672
653 1 2355200 2359296
228 1 7823360 7827456
1 1 2396672 2424832
186 1 8603648 8605184
34 1 1908736 1912832
403 1 8400896 8409088
112 1 1069056 1073152
853 2 1048064 1048576 1048576 1052160
463 1 3108352 3112448
363 1 9007104 9011200
40 1 1871872 1875968
101 1 10162176 10211328
107 1 1544192 1550848
107 1 1892352 1904640
107 1 1552384 1556480
107 1 3649536 3652096
214 1 2654208 2658304
214 1 2658304 2674688
110 1 5943296 5951488
214 1 2674688 2678784
12 1 2940928 2961408
12 1 2961408 2973696
263 1 3014656 3080192
153 1 5601280 5666816
552 1 9875456 9879552
964 1 5562368 5570560
399 1 3792896 3795456
747 1 892928 909312
886 1 8253440 8257536
596 1 4067328 4071424
294 1 2027520 2031616
294 1 2048000 2052096
15 1 3985408 3997696
886 1 8253440 8257536
466 1 8996352 8996864
294 1 2093056 2097152
596 1 4067328 4071424
294 1 1982464 1990656
205 1 1961984 1966080
734 1 6717440 6721536
96 1 2515456 3039744
307 1 7249920 7258112
772 2 1946112 2097152 2097152 2470400
50 1 966656 978944
503 1 520192 524288
541 1 4750848 4779520
541 1 4804096 4820480
541 1 4779520 4800000
544 1 6815744 6881280
957 2 6225920 6291456 6291456 6422528
10 1 7143424 7163904
44 1 7876608 7880704
177 1 7192576 7196672
278 1 909312 917504
44 1 8835072 8839168
374 1 8466432 8990720
374 1 10039296 10104832
5 1 6774784 6778880
374 2 8990720 9437184 9437184 9515008
797 1 10276864 10289152
433 1 2404864 2449408
40 1 1888256 1896448
374 1 9515008 10039296
374 1 10104832 10485760
375 1 0 143360
375 1 143360 667648
375 2 667648 1048576 1048576 1191936
12 1 2899968 2916352
422 1 8589824 8835072
36 1 10301440 10309632
422 1 9371648 9428992
375 2 1716224 2097152 2097152 2240512
375 1 1191936 1716224
422 1 8835072 9056768
967 1 8937472 8990720
257 1 6037504 6041600
330 1 7360512 7364608
512 1 1478656 1490944
182 1 5177344 5189632
54 1 5038080 5046272
56 1 4243456 4255744
77 1 6561792 6565888
31 1 10375168 10379264
966 1 8830976 8835072
320 1 8290304 8294400
91 1 3227648 3231744
91 1 3235840 3244032
124 1 2887680 2891776
91 1 3244032 3248128
203 1 7872512 7884800
36 1 10235904 10240000
179 1 3084288 3088384
553 1 6098944 6148096
24 1 1433600 1957888
24 2 1957888 2097152 2097152 2482176
24 2 3006464 3145728 3145728 3481600
24 1 2482176 3006464
25 1 10309632 10311680
42 1 5758976 5767168
848 1 10088448 10096640
623 1 9736192 9744384
42 1 1884160 1896448
623 1 8900608 8925184
623 1 9416704 9424896
696 1 9088000 9088512
696 1 8085504 8093696
623 1 7507968 7516160
38 1 339968 344064
659 1 5808128 5816320
659 1 5816320 5820416
43 1 6574080 6578176
164 1 6901760 6909952
693 1 7156224 7156736
693 1 7156736 7157248
693 1 7157248 7157760
693 1 7157760 7158272
3 1 2580480 2584576
253 1 9760768 9764864
647 1 1613824 1617920
166 1 6983680 6987776
382 1 2899968 2900992
533 1 8060928 8065024
7 1 4136960 4141056
419 1 9408512 9412608
534 1 1495040 1548288
271 1 8740864 8749056
810 1 1634304 1643520
294 1 1970176 1974272
581 1 9383936 9392128
826 1 10169856 10170368
121 1 5984256 5992448
227 1 5013504 5038080
658 1 7606272 7614464
10 1 7770112 7774208
957 1 5701632 6225920
544 1 7077888 7208960
92 1 6668288 6681088
107 1 3301376 3304960
107 1 3133440 3144192
107 1 3076096 3079680
313 1 5849088 5853184
96 1 2539520 2543616
356 1 10076160 10485760
357 1 0 114688
107 1 3653632 3656192
313 1 5857280 5861376
51 1 4730880 4734976
52 1 5062656 5083136
630 2 7265792 7340032 7340032 7790080
630 1 7790080 8113664
173 1 5349376 5353472
73 1 8552448 8556544
917 1 581632 585728
647 1 1609728 1613824
29 1 2875392 2879488
271 1 8749056 8753152
534 1 1544192 1548288
854 1 9105408 9109504
24 1 1253376 1257472
228 1 7827456 7839744
6 1 1892352 1908736
1 1 2473984 2970112
738 1 560128 561152
13 1 2547712 2555904
36 1 8654848 8658944
40 1 1789952 1798144
228 1 7839744 7843840
757 1 4694016 4698112
142 1 6074368 6075392
200 1 3756032 3760128
282 1 3846144 3850240
201 1 7778304 7794688
282 1 3072000 3080192
758 1 5193728 5210112
758 1 5246976 5251072
759 1 1167360 1175552
758 1 5226496 5234688
759 1 1146880 1150976
759 1 1179648 1183744
759 1 1159168 1163264
758 1 5238784 5242880
579 1 6733824 6737920
29 1 9666048 9674240
759 1 1208320 1220608
89 1 5746176 5750272
772 2 4043264 4194304 4194304 4567552
772 1 2470400 2994688
772 2 2994688 3145728 3145728 3518976
772 1 3518976 4043264
772 1 5939712 5963776
772 1 5616128 5939712
772 1 4567552 5091840
272 1 2043904 2052096
716 1 2658304 2662400
904 1 5292032 5300224
427 1 1048576 1056768
61 1 32768 36864
83 1 1499136 1556480
82 1 10272768 10301440
82 1 10301440 10305536
284 1 9269248 9273344
82 1 10305536 10334208
82 1 10334208 10338304
3 1 2580480 2584576
52 1 8970240 8978432
9 1 9191424 9207808
52 1 9568256 9572352
40 1 7122944 7135232
276 1 7163904 7168000
650 1 684032 692224
211 1 5435392 5439488
49 1 10133504 10153984
42 1 4431872 4440064
42 1 4472832 4485120
661 1 3022848 3031040
98 1 2649600 2653696
98 1 2653696 2686464
98 1 2686464 2690560
661 1 3031040 3035136
541 1 4750848 4767232
541 1 4820480 4853248
47 1 6074368 6078464
89 1 1130496 1134592
48 1 8265728 8269824
294 1 1990656 1994752
3 1 2580480 2584576
487 1 2895872 2899968
722 1 4005888 4009984
14 1 4612096 4616192
653 1 995328 1003520
14 1 4677632 4681728
653 1 1003520 1007616
759 1 1277952 1286144
29 1 7228928 7233024
29 1 9788928 9793024
29 1 5193216 5205504
29 1 9534976 9539072
759 1 1200128 1204224
30 1 445952 450048
759 1 1257472 1265664
759 1 1314816 1323008
69 1 2346496 2350592
759 1 1187840 1196032
759 1 1228800 1245184
759 1 1290240 1298432
184 1 4435968 4440064
840 1 4767744 4771840
842 1 909312 918528
566 1 6549504 6840320
309 1 5419008 5423104
566 1 6844416 7065600
630 1 3616768 3620864
45 1 245760 249856
494 1 5627904 5632000
505 1 8679424 8683520
505 1 8691712 8695808
505 1 8704000 8708096
505 1 8683520 8687616
505 1 8695808 8699904
505 1 8708096 8712192
505 1 8687616 8691712
45 1 180224 184320
505 1 8699904 8704000
40 1 7081984 7094272
45 1 245760 249856
3 1 8126464 8142848
42 1 4546560 4567040
40 1 7090176 7098368
50 1 5173248 5193728
40 1 7024640 7032832
927 1 8253440 8257536
60 1 5029376 5033472
60 1 5029376 5033472
3 1 8142848 8163328
42 1 4603904 4612096
42 1 4567040 4571136
1 1 6782976 6787072
50 1 5304320 5316608
60 1 5029376 5033472
60 1 5029376 5033472
81 1 9203712 9207808
659 1 10235904 10244096
40 1 7098368 7102464
659 1 10244096 10248192
40 1 7032832 7041024
726 1 10084352 10087936
96 1 4718592 4722688
668 1 9854976 9859072
895 1 8192 12288
894 1 10481664 10485760
294 1 2035712 2039808
413 2 9424384 9437184 9437184 9440768
75 1 3502080 3518464
413 1 9797120 9801216
413 1 9915904 9944576
294 1 2060288 2068480
96 1 8965632 8990208
673 1 10407936 10412032
96 1 8990208 8994304
105 1 9912320 9924608
294 1 1998848 2002944
364 1 1285632 1297920
4 1 6258688 6275072
105 1 9629696 9633792
606 1 7360512 7368704
294 1 2064384 2080768
173 1 5353472 5365760
113 1 9363456 9371648
886 1 8253440 8257536
55 1 4288512 4300800
294 1 2027520 2031616
47 1 9228288 9232384
5 1 6717440 6733824
596 1 4067328 4071424
6 1 1892352 1912832
733 1 4403200 4440064
886 1 8253440 8257536
294 1 2052096 2056192
4 1 483328 495616
733 1 737280 765952
296 1 1323008 1388544
40 1 1806336 1814528
295 1 7397376 7450624
655 1 753664 761856
313 1 7352320 7356416
78 1 458752 459264
88 1 4734976 4739072
63 1 102400 106496
16 1 6737920 6750208
657 1 4927488 4935680
14 1 4792320 4796416
35 1 9179136 9183232
657 1 4935680 4939776
35 1 9195520 9199616
100 1 9752576 9754112
310 1 909312 925696
294 1 2043904 2048000
576 1 4808704 4810240
695 1 1015808 1029120
673 1 172032 175104
3 1 8675328 8695808
1 1 6803456 6815744
204 1 2580992 3105280
204 1 3105280 3133440
204 1 3670016 3727360
204 2 3133440 3145728 3145728 3572224
3 1 8695808 8708096
204 1 3572224 3670016
204 1 3735552 4162048
204 2 4162048 4194304 4194304 4583424
422 1 2654208 2666496
435 1 315392 319488
435 1 212992 217088
112 1 2588672 2637824
227 1 5038080 5042176
658 1 7614464 7618560
9 1 4952064 4956160
10 1 7774208 7778304
282 1 4358144 4370432
730 1 5816320 5881856
4 1 8781824 8785920
402 1 10272768 10276864
228 1 7892992 7905280
403 1 2654208 2658304
230 1 5734400 5738496
738 1 560640 561152
113 1 6176768 6201344
649 1 10313728 10321920
13 1 5083136 5103616
367 1 2695168 2699264
113 1 6201344 6205440
649 1 10321920 10326016
50 1 3604480 3616768
367 1 2695168 2699264
367 1 2695168 2699264
367 1 2695168 2699264
293 1 9203712 9240576
130 1 5914624 5980160
130 1 5980160 5984256
112 2 8208896 8388608 8388608 8404992
112 1 8409088 8671744
241 1 5980160 6045696
820 1 1064960 1069056
112 1 8737280 8818688
485 1 573440 577536
112 1 9371648 9400320
820 1 6045696 6049792
112 1 8818688 9232896
12 1 6455296 6479872
522 1 9719808 9723904
126 1 5070848 5083136
50 1 397312 417792
40 1 7061504 7073792
515 1 802816 806912
77 1 548864 552960
73 1 7532544 7536640
175 1 2490368 2494464
73 1 8368128 8372224
40 1 7135232 7139328
387 1 2146304 2150400
40 1 7069696 7073792
716 1 815104 819200
651 1 5808128 5816320
716 1 835584 843776
323 1 4694528 5201408
651 1 5816320 5820416
261 1 7000064 7016448
261 1 7016448 7020544
191 1 1871872 1875968
692 1 438272 442368
261 1 7020544 7041024
261 1 7041024 7045120
463 1 7110656 7114752
49 1 10326016 10350592
586 1 5992448 5996544
586 1 6029312 6033408
49 1 10350592 10354688
5 1 3932160 3948544
826 1 10169856 10170880
656 1 2035712 2043904
89 1 1130496 1134592
710 1 7503360 7536128
710 1 7536128 7540224
98 1 2690560 2694656
98 1 2694656 2715136
140 1 7372800 7376896
64 1 7454720 7462912
64 1 7462912 7467008
40 1 1777664 1781760
17 1 4456448 4476928
536 1 8708096 8712192
245 1 278528 376832
70 1 1908736 1910272
654 1 8896512 8900608
155 1 1421312 1429504
155 1 1429504 1433600
292 1 8163328 8167424
661 1 4653056 4661248
155 1 1433600 1441792
661 1 4661248 4665344
155 1 1441792 1445888
376 1 6352896 6356992
292 1 8163328 8167424
155 1 1445888 1454080
155 1 1454080 1458176
42 1 4562944 4571136
42 1 4603904 4616192
292 1 8163328 8167424
49 1 10027008 10043392
40 1 7102464 7110656
132 1 282624 286720
40 1 7041024 7045120
132 1 4259840 4263936
50 1 1462272 1482752
5 1 6733824 6754304
294 1 2031616 2035712
151 1 4276224 4280320
459 1 6017024 6025216
150 2 8368128 8388608 8388608 8413184
151 1 4288512 4341760
344 1 7618560 7622656
788 1 5292032 5296128
116 1 286720 327680
813 1 4902912 4968448
151 1 4407296 4415488
357 1 114688 638976
40 1 1875968 1884160
315 1 1736704 1740800
6 1 10272768 10293248
135 1 2793472 2797568
101 1 10211328 10215424
10 1 7163904 7176192
855 1 4444160 4456448
457 1 6647808 6650368
49 1 8589312 8593408
171 1 8900608 8945664
176 1 1302528 1306624
375 1 2240512 2764800
375 1 3289088 3612672
991 1 10088448 10198016
433 1 2514944 2994688
375 2 4136960 4194304 4194304 4661248
375 2 2764800 3145728 3145728 3289088
375 1 4661248 5185536
40 1 1826816 1830912
5 1 6709248 6713344
375 1 3612672 4136960
375 2 5185536 5242880 5242880 5709824
375 1 5709824 6234112
375 1 6758400 7282688
375 2 6234112 6291456 6291456 6758400
375 2 7282688 7340032 7340032 7606272
375 1 7606272 8130560
235 1 5652480 5655552
63 1 5132288 5136384
63 1 5128192 5132288
106 1 2138112 2142208
106 1 2187264 2191360
48 1 257536 261632
63 1 5132288 5136384
12 1 483328 491520
14 1 6045696 6062080
12 1 421888 430080
14 1 6062080 6082560
72 1 6012928 6025216
40 1 7016448 7020544
71 1 7942144 7962624
225 1 2191360 2195456
225 1 2113536 2117632
125 1 618496 647168
173 1 5365760 5369856
157 1 9994240 9994752
157 1 9994752 9995264
157 1 10006528 10007552
157 1 9995264 9998336
157 1 10007552 10010624
722 1 4005888 4009984
14 1 4612096 4616192
719 1 4972544 4976640
48 1 8261632 8265728
44 1 8527872 8536064
294 1 2056192 2064384
104 1 3829760 3833856
98 1 2715136 2719232
649 2 1978368 2097152 2097152 2146304
661 1 7479296 7647232
452 1 630272 642560
534 1 1544192 1548288
648 1 1339392 1355776
271 1 8753152 8761344
979 1 10080256 10084352
50 1 2732032 2752512
8 1 1355264 1371648
40 1 7090176 7094272
8 1 1371648 1375744
258 1 1626112 1630208
190 1 3858432 3866624
103 1 737280 761856
189 1 8060928 8073216
181 1 5382144 5394432
103 1 761856 765952
50 1 3145728 3158016
40 1 7024640 7028736
521 1 8773632 8777728
842 1 7823360 7831552
970 2 3866624 4194304 4194304 4378624
288 1 159232 163328
456 1 7962112 7966208
142 1 7949824 7953920
357 1 6626816 6630912
456 1 7945728 7958016
142 1 8007168 8011264
375 1 10432000 10436096
759 1 1327104 1331200
759 1 1351680 1363968
759 1 1388544 1396736
759 1 1417216 1421312
713 1 2633216 2637312
632 1 4317184 4325376
124 1 7376896 7380992
15 1 2293760 2318336
545 1 983040 1048576
157 1 10125312 10126336
656 1 9121792 9129984
656 1 9129984 9134080
693 1 7158272 7158784
9 1 9244672 9261056
693 1 7158784 7159296
693 1 7159296 7159808
895 1 10199040 10219520
683 1 4049920 4050432
807 1 9766400 9768448
667 1 1462272 1466368
895 1 10219520 10276864
192 1 303104 385024
9 1 9261056 9281536
667 1 1470464 1470976
3 1 2514944 2523136
683 1 4050432 4050944
699 2 2056192 2097152 2097152 2121728
667 1 1470976 1471488
670 1 9625600 9629696
995 1 3411968 3416064
228 1 7905280 7909376
40 1 1859584 1863680
50 1 2748416 2752512
50 1 3289088 3293184
786 1 8552448 8556544
50 1 3211264 3223552
473 1 9920512 9924608
228 1 7909376 7921664
105 2 7315456 7340032 7340032 7380992
759 1 1458176 1462272
759 1 1449984 1454080
759 1 1368064 1380352
40 1 1843200 1851392
759 1 1433600 1441792
17 1 5488640 5492736
281 1 3132928 3137024
469 1 2256896 2260992
855 1 6970880 6974976
11 1 6970880 6974976
609 1 4931072 4935168
759 1 2461696 2465792
759 1 2682880 2686976
7 1 5021184 5025280
466 1 9928704 9932800
759 1 2453504 2457600
759 1 2486272 2490368
40 1 7045120 7049216
759 1 2781184 2785280
551 1 3722752 3726848
772 2 5091840 5242880 5242880 5616128
772 2 6001152 6291456 6291456 6412288
734 1 6721536 6725632
307 1 7258112 7266304
182 1 6685184 7209472
43 1 9457664 9469952
157 1 10153984 10155008
157 1 10126336 10129408
62 1 9924608 9949184
647 1 5287936 5292032
740 1 36864 40960
580 1 1085440 1089536
374 1 2162688 2170880
765 1 696320 704512
773 1 1101824 1110016
62 1 10014720 10039296
646 1 684032 692224
643 1 7839744 7843840
12 1 6479872 6483968
89 1 5013504 5038080
112 1 9232896 9371648
7 1 2523136 2543616
150 1 9932800 9937408
70 1 8388608 8413184
92 1 5586944 5591040
10 1 7770112 7774208
42 1 4632576 4648960
92 1 5935104 5943296
88 1 4341760 4344320
44 1 6074368 6076928
9 1 4952064 4956160
40 1 7086080 7090176
416 1 6479872 6483968
416 1 6156288 6160384
416 1 6586368 6590464
133 1 8073216 8093696
44 1 8466432 8470528
85 1 6327808 6331904
541 1 4918784 4935168
554 1 8675328 8716288
627 2 1941504 2097152 2097152 2105344
652 1 5382144 5541888
40 1 7086080 7090176
40 1 7065600 7069696
40 1 1859584 1863680
40 1 7131136 7135232
650 1 688128 696320
0 1 442368 454656
211 1 5435392 5439488
120 1 8663040 8671232
40 1 1855488 1859584
40 1 7065600 7073792
9 1 9207808 9228288
117 1 372736 376832
40 1 7020544 7024640
78 1 3977216 3981312
78 1 4190208 4194304
117 1 376832 380928
40 1 7135232 7139328
494 1 5627904 5632000
402 1 7856128 7860224
45 1 180224 188416
14 1 6098944 6115328
12 1 421888 425984
8 1 3633152 3686400
40 1 7131136 7139328
1 1 1564672 1593344
315 1 1798144 1802240
655 1 761856 765952
315 1 7491584 7495680
40 1 1814528 1818624
315 1 8019968 8024064
357 2 638976 1048576 1048576 1163264
54 1 10424320 10428416
956 1 3276800 3342336
771 1 6692864 6696960
798 1 6938624 6942720
14 1 4677632 4681728
656 1 2523136 2531328
25 1 4415488 4431872
656 1 2531328 2535424
722 1 4005888 4009984
103 1 1953792 1961984
448 1 7938048 7942144
144 1 9633792 9641984
567 1 8220672 8228864
567 1 2990080 2998272
857 1 6352896 6356992
822 1 10473472 10477568
681 1 5996544 6000640
203 1 3698688 3702784
857 1 6418432 6422528
203 1 3633152 3637248
125 1 8982528 8986624
96 1 1761280 1830912
96 1 1830912 1835008
294 1 1970176 1978368
647 1 1613824 1617920
271 1 8761344 8765440
329 1 589824 592896
599 1 6504448 6508544
810 1 1654784 1664000
245 1 3178496 3211264
136 1 1798144 1802240
647 1 1609728 1613824
40 1 7086080 7090176
9 1 3186688 3190784
538 1 6836224 6901760
201 1 7942144 7962624
7 1 8175616 8196096
32 1 7258112 7262208
14 1 5341184 5345280
1 2 2970112 3145728 3145728 3494400
228 1 7921664 7925760
304 1 6095360 6098432
11 1 8175616 8196096
560 1 9355264 9359360
204 1 5963776 6029312
272 1 9568256 9633792
204 1 6619136 6660096
160 1 9314304 9347072
160 1 7704576 7708672
175 1 3600384 3624960
175 2 2977792 3145728 3145728 3416064
175 1 3698688 3719168
148 1 10305536 10310656
175 1 3731456 3747840
175 1 3788800 3796992
175 1 3547136 3584000
175 1 3633152 3657728
201 1 4337664 4784128
17 1 6766592 6782976
42 1 6225920 6230016
40 1 7086080 7094272
40 1 7127040 7139328
235 1 3944448 3948544
40 1 7069696 7073792
16 1 5992448 6012928
40 1 7135232 7139328
14 1 4665344 4673536
235 1 3944448 3948544
40 1 7069696 7073792
42 1 6230016 6246400
40 1 7135232 7139328
235 1 3944448 3948544
40 1 7069696 7073792
407 1 319488 323584
2 1 4677632 4681728
660 1 9560064 9568256
592 1 3018752 3019776
105 1 9629696 9633792
660 1 9568256 9572352
294 1 2011136 2015232
45 1 5033984 5038080
655 1 6234112 6242304
655 1 6242304 6246400
5 1 6717440 6733824
105 1 9629696 9633792
294 1 2076672 2084864
19 1 1519616 1536000
431 1 6569984 6574080
416 1 5668864 5722112
519 1 8806400 8810496
641 1 6668288 6672384
416 1 5722112 5726208
626 1 7041024 7049216
690 1 5767168 5861376
416 1 5726208 5775360
416 1 5775360 5779456
770 1 6631424 6635520
116 1 1114112 1118208
537 1 527872 531968
537 1 531968 536064
151 1 110592 131072
261 1 4263936 4276224
5 1 7122944 7127040
116 1 1118208 1122304
596 1 4067328 4157440
768 1 4210688 4259840
201 1 10067968 10084352
760 2 6209536 6291456 6291456 6365184
654 1 9420800 9428992
294 1 1986560 1990656
654 1 9428992 9433088
201 1 10084352 10088448
768 1 4255744 4259840
294 1 2052096 2060288
12 1 1810432 1814528
40 1 7102464 7110656
40 1 7041024 7045120
96 1 4718592 4722688
40 1 7106560 7110656
112 1 5521408 5525504
76 1 1167360 1171456
934 1 10321920 10326016
935 1 163840 167936
28 1 8003584 8032256
66 1 704512 708608
525 1 7471104 7495680
98 1 2719232 2747904
98 1 2747904 2752000
598 1 8724480 8884224
335 1 2567680 2571776
88 1 8437248 8441344
269 1 7626240 7630336
940 1 9162240 9166336
346 1 5787136 5819904
209 1 9133568 9137664
133 1 8093696 8097792
47 1 6070272 6074368
836 1 10252288 10260480
656 1 2043904 2048000
89 1 1130496 1134592
44 1 8531968 8536064
5 1 3948544 3969024
245 1 9388032 9404416
175 1 2453504 2457600
246 1 1261568 1277952
534 1 1544192 1548288
588 1 6217728 6220800
695 1 1085440 1097728
4 1 8871936 8892416
946 1 2162688 2163712
4 1 8822784 8826880
155 1 5632000 5636096
437 1 2113024 2117120
4 1 8888320 8900608
651 1 4218880 4227072
651 1 4227072 4231168
4 1 8830976 8839168
160 1 3592192 3596288
50 1 2994176 3010560
155 1 5632000 5636096
649 1 8904704 8912896
860 1 1523200 1527296
759 1 1466368 1470464
759 1 2473984 2478080
759 1 2772992 2777088
184 1 4489216 4497408
759 1 4628480 4632576
759 1 4661248 4665344
759 1 4616192 4620288
759 1 4653056 4657152
759 1 4997120 5001216
759 1 4980736 4984832
772 2 6946816 7340032 7340032 7471104
772 1 6422528 6946816
96 2 3039744 3145728 3145728 3564032
772 1 7471104 7995392
307 1 7266304 7274496
722 1 3350528 3366912
772 2 7995392 8388608 8388608 8519680
717 1 4755456 4771840
772 1 8519680 9043968
772 2 9043968 9437184 9437184 9568256
772 1 9568256 10092544
772 1 10092544 10354688
304 1 1839104 1843200
809 1 6164480 6168576
246 1 475136 479232
73 1 8556544 8560640
487 1 1343488 1355776
264 1 6901760 6955008
12 1 483328 487424
753 1 7241728 7245824
19 1 819200 839680
12 1 417792 425984
296 1 3354624 3358720
294 1 3670016 3674112
294 1 3600384 3604480
19 1 839680 851968
84 1 4411392 4427776
61 1 1970176 1974272
61 1 1957888 1961984
560 1 9412608 9421824
158 1 6840320 6881280
5 1 6709248 6717440
304 1 6098432 6100992
9 1 6713344 6717440
579 1 9129984 9131008
304 1 6107648 6108160
304 1 6100992 6107648
228 1 7925760 7938048
40 1 1777664 1781760
304 1 6108160 6111744
304 1 6111744 6113280
662 1 2666496 2674688
10 1 7774208 7778304
64 1 7655424 7704576
662 1 2674688 2678784
64 1 7704576 7708672
10 1 7770112 7774208
562 1 2629632 2646016
874 1 6090752 6094848
661 1 10424320 10432512
661 1 10432512 10436608
116 1 7299072 7307264
655 1 10276864 10285056
650 1 3149824 3158016
66 1 9027584 9035776
655 1 10285056 10289152
384 1 69632 72192
386 1 1363968 1368576
68 1 6840320 6860800
16 1 7684096 7688192
66 1 2342912 2347008
122 1 4268032 4284416
650 1 3158016 3162112
66 1 7274496 7278592
424 1 5698048 5699072
424 1 5699072 5700096
424 1 5700096 5700608
32 1 2502656 2510848
32 1 2514944 2519040
32 1 2527232 2531328
83 1 2310144 2318336
110 1 5722112 5726208
83 1 3014656 3018752
110 1 9228288 9232384
315 1 8589312 8593408
40 1 1880064 1888256
81 1 4247552 4294144
81 1 3203072 3264512
6 1 10293248 10305536
315 1 9125888 9129984
135 1 2793472 2797568
4 1 8806400 8810496
357 1 2228224 2240512
40 1 7020544 7024640
294 1 2039808 2043904
11 1 2961408 2977792
648 1 1355776 1372160
367 1 2695168 2699264
43 1 4411392 4419584
95 1 3223552 3239936
367 1 2695168 2699264
367 1 2699264 2707456
164 1 4390912 4403200
367 1 2699264 2703360
164 1 4403200 4407296
40 1 7020544 7028736
367 1 2699264 2703360
263 1 3137536 3141632
367 1 2699264 2703360
40 1 7090176 7094272
650 1 7045120 7053312
98 1 2752000 2756096
656 1 6569984 6713344
637 1 8040448 8179712
541 1 4935168 4963840
541 1 4963840 4984320
416 1 5779456 5832704
416 1 5832704 5836800
690 1 6291456 6385664
294 1 1994752 1998848
21 1 6025216 6029312
344 1 7024128 7077376
88 1 4759552 4808704
788 1 9375744 9383936
414 1 2523648 3047936
813 1 7458816 7467008
69 1 9363456 9379840
193 1 3309568 3448832
193 2 2785280 3145728 3145728 3309568
650 1 3002368 3010560
180 1 1138688 1142784
650 1 3010560 3014656
196 1 9732096 9818112
197 1 7823360 7827456
197 1 1449984 1470464
110 1 7970816 7974912
154 1 4726784 4730880
154 1 4780032 4784128
437 1 3284992 3289088
544 1 2215936 2220032
83 1 2297856 2306048
600 1 4255744 4259840
110 1 7979008 7983104
83 1 5001216 5005312
154 1 4743168 4747264
805 1 1388544 1392640
21 1 4349952 4354048
58 1 6963200 6967296
83 1 6590464 6594560
649 1 688128 692224
294 1 3665920 3670016
83 1 10166272 10170368
485 1 7168000 7180288
655 1 1097728 1101824
25 1 5939200 5955584
14 1 4612096 4616192
6 1 4677632 4681728
14 1 4677632 4681728
6 1 4603904 4608000
56 1 8833536 8834048
722 1 4005888 4009984
487 1 2895872 2904064
40 1 1843200 1847296
40 1 1777664 1781760
40 1 1843200 1851392
51 1 2641920 2670592
40 1 1781760 1785856
40 1 1847296 1855488
3 1 2514944 2519040
9 1 9191424 9207808
25 1 3620864 3629056
3 1 2580480 2592768
3 1 2523136 2527232
3 1 2588672 2592768
82 1 5423104 5427200
515 1 802816 806912
435 1 3624960 3649536
6 1 3956736 3964928
40 1 7135232 7139328
40 1 7020544 7041024
40 1 7069696 7073792
140 1 9924096 9928192
435 1 3624960 3629056
515 1 802816 806912
40 1 7135232 7139328
920 1 2113536 2183168
772 1 5963776 6001152
53 1 2736128 2740224
304 1 1843200 1847296
5 1 3985408 4001792
182 2 7209472 7340032 7340032 7733760
43 1 9408512 9412608
734 1 6725632 6729728
771 1 6729728 6737920
54 1 10436608 10473472
291 1 2445312 2478080
811 1 970752 983040
112 2 9400320 9437184 9437184 9785856
89 1 5038080 5042176
811 1 1048576 1101824
12 1 6483968 6488064
295 1 2998272 3084288
432 1 9240576 9244672
293 1 9240576 9244672
112 1 9785856 10310144
432 1 9244672 9248768
775 1 5832704 5840896
647 1 1613824 1617920
271 1 8765440 8781824
42 1 4546560 4562944
271 1 1789952 1806336
810 1 1675264 1684480
158 1 196608 197120
7 1 2605056 2613248
561 1 5312512 5316608
40 1 1777664 1794048
198 1 8249344 8257536
9 1 4952064 4956160
378 1 7311360 7313920
555 1 6279168 6283264
105 1 9629696 9633792
5 1 6733824 6754304
506 1 8334848 8347136
294 1 2015232 2019328
45 1 4976640 4980736
948 1 8457728 8461824
948 1 8420864 8424960
234 1 10108416 10112512
234 1 9559552 9563648
235 1 6635008 6643200
235 1 6528512 6532608
53 1 3489280 3501568
235 1 6614528 6622720
655 1 10448384 10452480
189 1 2560000 2568192
189 1 1941504 1949696
327 1 1667072 1671168
373 1 7385088 7389184
759 1 4636672 4640768
759 1 4952064 4960256
469 1 2256896 2260992
759 1 5218304 5222400
759 1 5210112 5214208
759 1 5242880 5246976
759 1 5234688 5238784
759 1 5251072 5255168
759 1 5271552 5275648
7 1 4837376 4845568
759 1 2424832 2428928
759 1 5259264 5263360
752 2 3137536 3145728 3145728 3162112
23 1 8826880 8839168
58 1 3510272 3514368
1 1 3494400 3756032
4 1 4964352 4968448
228 1 7938048 7942144
651 2 2093056 2097152 2097152 2101248
1 1 3760128 4022784
40 1 1843200 1847296
304 1 6113280 6115840
541 1 4988416 5004800
643 1 860160 917504
654 1 5365760 5373952
98 1 2756096 2760192
98 1 2760192 2792960
238 1 4399104 4403200
238 1 5976064 5980160
238 1 5144576 5148672
557 1 1966080 1974272
238 1 4407296 4456448
238 1 4849664 4853760
238 1 5152768 5214208
238 1 5988352 6049792
276 1 7163904 7168000
117 1 372736 376832
463 1 839680 864256
463 1 999424 1024000
196 1 2244608 2250240
40 1 1789952 1798144
43 1 9027584 9031680
69 1 3534848 3547136
295 1 6709248 6725632
110 1 7540736 7544832
40 1 1859584 1863680
40 1 3940352 3960832
292 1 9830400 9834496
650 1 692224 700416
117 1 376832 380928
40 1 7069696 7077888
636 1 1572864 1966080
40 1 1794048 1798144
316 1 2547712 2551808
93 1 5373440 5377536
234 1 8134144 8138240
311 1 8421376 8425472
234 1 8392192 8396288
234 1 8609280 8613376
234 1 9473536 9481728
344 1 782336 786432
234 1 8125952 8130048
93 1 4660736 4664832
233 1 1752576 1756672
53 1 3501568 3538432
234 1 8175104 8179200
234 1 9715200 9719296
234 1 8482304 8486400
234 1 9268736 9272832
234 1 9633280 9637376
235 1 6303232 6307328
235 1 6532608 6540800
235 1 6602240 6614528
155 1 1458176 1466368
702 1 4947968 4952064
40 1 1777664 1785856
229 1 5165056 5168640
42 1 5087232 5103616
155 1 1466368 1470464
40 1 7020544 7024640
292 1 8163328 8167424
155 1 1470464 1478656
155 1 1478656 1482752
292 1 8163328 8167424
155 1 1482752 1490944
49 1 10043392 10063872
40 1 1847296 1855488
155 1 1490944 1495040
343 1 3166208 3690496
88 1 8286208 8298496
40 1 1843200 1847296
40 1 1773568 1777664
664 1 3739648 3825664
418 1 9351168 9363456
418 1 9363456 9367552
40 1 7020544 7024640
133 1 4308992 4321280
50 1 2486272 2490368
40 1 7077888 7081984
465 1 5860864 5861376
505 1 8712192 8716288
505 1 8716288 8720384
402 1 7856128 7860224
14 1 6115328 6135808
40 1 7135232 7139328
12 1 487424 491520
505 1 8720384 8724480
40 1 7077888 7081984
402 1 7856128 7860224
505 1 8724480 8728576
40 1 4915200 4927488
249 1 6291456 6295552
36 1 10240000 10244096
5 1 6713344 6721536
40 1 7135232 7143424
578 1 1433600 1441792
40 1 5210112 5214208
5 1 73728 77824
825 1 9031680 9034752
249 1 6291456 6295552
537 1 1507328 1511424
4 1 8769536 8773632
801 1 9203712 9207808
11 1 3428352 3432448
960 1 4235264 4237824
4 1 10022912 10027008
40 1 7073792 7077888
40 1 5210112 5218304
27 1 10309632 10313728
316 1 1490944 1495040
299 1 2744320 2777088
40 1 1818624 1822720
