#StripeID,rangenumber,BlockOffsetStart,BlockOffsetEnd
3 1 161300480 161366016
37 1 523272192 523796480
39 1 122646528 122654720
39 1 117243904 117391360
42 1 31821824 31830016
7 1 222445568 222453760
79 1 441823232 441827328
39 1 118272000 118288384
7 1 198668288 198672384
41 1 308924416 308932608
2 1 613101568 613105664
1 1 34123776 34140160
1 1 232992768 232996864
1 1 579289088 579309568
42 1 2891776 2895872
37 1 68403200 68411392
53 1 659505152 659509248
55 1 588025856 588029952
0 1 241496064 241500160
3 1 109203456 109248512
3 1 52035584 52129792
0 1 618876928 618881024
41 1 368820224 368828416
41 1 368828416 368832512
102 1 60481536 60485632
178 1 611360768 611364864
22 1 471040000 471044096
28 1 190271488 190276608
199 1 654209024 654217216
27 1 504594432 504659968
1 1 572223488 572231680
1 1 572231680 572235776
12 1 15040512 15043584
3 1 55386112 55387136
2 1 481492992 481497088
18 1 92229632 92262400
13 1 527728640 527794176
66 1 72855552 72953856
40 1 62255104 62320640
70 1 508805120 508936192
77 1 644476928 644608000
44 1 479137792 479236096
64 1 281772032 281853952
39 1 364904448 365166592
22 1 641110016 641175552
64 1 281522176 281767936
76 1 391798784 391864320
14 1 46956544 46964736
22 1 667045888 667103232
18 1 268206080 268214272
14 1 46891008 46948352
78 1 330457088 330502144
70 1 508276736 508538880
22 1 653922304 653987840
22 1 656420864 656429056
18 1 268136448 268193792
34 1 552660992 552665088
22 1 599363584 599367680
23 1 8716288 8720384
596 1 522579456 523103744
34 1 552665088 552677376
596 1 523103744 523329024
31 1 408371200 408375296
56 1 669372416 669376512
57 1 143360 151552
1 1 370425856 370450432
188 1 78974464 79306240
9 1 206532608 206536704
285 1 412143104 412610048
9 1 206688256 206692352
188 1 79314432 79838720
707 1 470081024 470085120
707 1 486723072 486727168
708 1 325606912 325611008
707 1 470199808 470203904
188 1 80887296 81194496
710 1 274312704 274316800
708 1 325639680 325643776
708 1 201534976 201539072
1 1 370450432 370454528
188 1 79838720 80363008
13 1 180961280 180969472
0 1 473808896 473812992
0 1 473743360 473747456
2 1 614055936 614060032
22 1 149090816 149615104
0 1 421236736 421244928
0 1 95969280 95977472
3 1 340615168 340635648
3 1 365514752 365539328
0 1 268075008 268079104
3 1 374669312 374681600
2 1 519659520 519663616
0 1 268066816 268070912
799 1 456179200 456183296
1 1 400502784 400510976
1 1 550699008 550703104
3 1 180813824 180822016
1 1 393764864 393768960
1 1 444055552 444063744
7 1 411824128 411828224
0 1 8945664 8949760
0 1 76820480 76824576
17 1 71442432 71444480
0 1 10559488 10563584
35 1 57479168 57479680
17 1 597049344 597061632
18 1 363716608 363720704
189 1 340328448 340329984
6 1 654843904 654852096
41 1 316444672 316452864
41 1 316452864 316456960
12 1 301801472 301809664
0 1 662999040 663003136
1 1 144830464 144834560
4 1 149454848 149458944
1 1 110440448 110497792
0 1 421236736 421240832
2 1 35614720 35676160
21 1 126423040 126459904
0 1 25632768 25636864
0 1 241426432 241434624
0 1 241819648 241823744
0 1 241848320 241852416
1 1 29319168 29323264
2 1 415629312 415633408
0 1 243515392 243519488
45 1 583512064 583516160
4 1 416165888 416169984
3 1 27918336 27922432
53 1 532344832 532348928
1 1 579309568 579313664
0 1 246870016 246878208
4 1 416153600 416157696
0 1 128258048 128262144
0 1 143478784 143482880
69 1 605495296 605499392
98 1 553438720 553442816
41 1 375951360 375955456
71 1 272006656 272023040
98 1 540335616 540343808
98 1 544525824 544534016
98 1 550403584 550428160
0 1 153787904 153837056
98 1 553442816 553459200
0 1 153837056 153841152
0 1 276496384 276500480
0 1 278269952 278270464
0 1 278270464 278270976
0 1 278270976 278275072
0 1 278275072 278279168
0 1 650489856 650493952
0 1 276500480 276504576
797 1 90341376 90345472
2 1 561790976 561807360
33 1 253505536 253509632
7 1 396828672 396861440
0 1 645468160 645472256
1 1 478175232 478179328
0 1 646459392 646463488
1 1 54374400 54378496
1 1 203862016 203866112
0 1 641597440 641601536
0 1 662937600 662941696
4 1 175464448 175468544
4 1 238596096 238600192
4 1 268234752 268238848
1 1 93609984 93614080
1 1 65961984 65966080
26 1 248844288 248848384
22 1 164839424 164844032
91 1 644378624 644382720
4 1 543563776 543567872
29 1 374890496 374893056
4 1 543744000 543748096
4 1 400465920 400470016
4 1 544555008 544559104
3 1 350756864 350760960
41 1 359108608 359116800
103 1 46002176 46006272
30 1 93286400 93290496
34 1 492908544 492912640
39 1 359464960 359469056
19 1 332693504 332713984
34 1 513904640 513908736
37 1 599826432 599830528
1 1 313028608 313090048
22 1 163176448 163180544
15 1 414605312 414609408
13 1 362094592 362098688
0 1 8769536 8773632
28 1 382115840 382119936
0 1 441155584 441167872
1 1 413204480 413270016
17 1 13615104 14103040
5 1 40849920 41374208
1 1 414056448 414179328
14 1 439246848 439255040
13 1 377909248 377921536
1 1 414179328 414187520
1 1 589619200 589623296
3 1 619581440 619585536
39 1 253378560 253444096
31 1 164036608 164102144
0 1 426545152 426557440
1 1 284082176 284086272
0 1 426487808 426491904
0 1 426553344 426557440
1 1 284082176 284086272
0 1 426487808 426491904
1 1 150777856 150781952
1 1 150843392 150847488
0 1 311508992 311513088
80 1 253132800 253136896
0 1 87146496 87150592
80 1 253136896 253435904
0 1 580358144 580362240
0 1 144674816 144678912
0 1 657588224 657592320
3 1 568078336 568602624
1 1 163651584 163655680
0 1 548868096 548872192
3 1 568602624 569126912
0 1 548876288 548880384
5 1 457453568 457457664
1 1 126996480 127000576
27 1 172367872 172371968
1 1 187461632 187465728
0 1 426508288 426516480
19 1 359067648 359071744
16 1 290250752 290254848
23 1 286093312 286097408
34 1 552677376 552681472
14 1 442605568 442611200
2 1 305348608 305352704
24 1 157093888 157097984
31 1 115445760 115453952
34 1 552681472 552693760
31 1 534806528 534810624
0 1 26574848 26578944
0 1 33718272 33718784
42 1 31297536 31821824
39 1 113020928 113381376
0 1 94380032 94384128
11 1 373792768 373796864
1 1 406142976 406145536
0 1 165724160 165728256
11 1 136916992 136918528
0 1 92786688 92790784
0 1 165150720 165154816
3 1 557875200 557879296
42 1 332410880 332513280
42 1 34570240 34578432
1 1 594567168 594575360
10 1 75010048 75014144
4 1 400457728 400461824
27 1 504856576 504922112
673 1 272715776 272719872
70 1 635002368 635006464
248 1 176602624 176606720
27 1 505184256 505249792
159 1 541027840 541040128
673 1 272719872 272723968
159 1 541040128 541044224
0 1 497664000 497729536
43 1 243728384 243732480
43 1 243851264 243855360
64 1 432762880 432766976
45 1 398123008 398127104
36 1 185200640 185204736
59 1 457187328 457191424
59 1 457695232 457699328
75 1 116932608 116936704
6 1 333025280 333029376
55 1 109686784 109690880
75 1 117059584 117063680
0 1 197992448 197996544
6 1 349609984 349614080
25 1 305704960 305709056
77 1 408817664 408821760
25 1 307396608 307400704
9 1 367783936 367792128
81 1 289169408 289173504
9 1 361873408 361877504
80 1 62849024 62853120
41 1 393232384 393240576
41 1 393240576 393244672
10 1 21348352 21352448
710 1 560320000 560332288
285 1 419462656 419511808
707 1 477961728 477965824
285 1 420040192 420044288
188 1 80363008 80887296
710 1 577187328 577191424
710 1 273255936 273260032
707 1 460742144 460746240
285 1 453017088 453066240
708 1 324218368 324222464
285 1 487587328 487636480
285 1 453070336 453295616
285 1 419515904 420040192
285 1 488603136 488652288
707 1 463404544 463408640
710 1 226549248 226553344
2 1 515588096 515592192
3 1 632459264 632463360
4 1 120569856 120578048
252 1 234610176 235134464
17 1 248295936 248414208
252 1 235134464 235658752
252 1 235658752 235990528
18 1 349507584 349511680
1 1 209555456 209559552
252 1 235994624 236342784
10 1 392601600 392605696
2 1 556339200 556343296
17 1 248442880 248848896
2 1 554098688 554103808
11 1 574545920 574550016
17 1 248848896 249373184
3 1 571498496 571502592
1 1 32223232 32288768
0 1 255545344 255545856
4 1 531451904 531456000
0 1 251297792 251301888
1 1 42348544 42364928
1 1 41906176 41922560
1 1 42676224 42692608
1 1 42545152 42561536
4 1 531386368 531390464
0 1 255549440 255553536
0 1 255557632 255561728
32 1 200589312 200622080
0 1 251301888 251305984
1 1 32223232 32272384
4 1 531451904 531456000
0 1 255545344 255545856
1 1 43446272 43462656
3 1 43003904 43020288
0 1 251297792 251301888
42 1 71569408 71573504
75 1 116891648 116895744
75 1 117272576 117280768
73 1 647270400 647274496
79 1 13156352 13160448
68 1 81174528 81178624
56 1 571031552 571035648
53 1 311193600 311197696
55 1 588161024 588165120
77 1 227102720 227106816
53 1 299606016 299610112
51 1 371261440 371265536
38 1 207409152 207413248
25 1 320323584 320327680
51 1 376139776 376143872
66 1 540323840 540327936
21 1 565882880 565886976
47 1 469909504 469913600
0 1 459132928 459137024
36 1 250192384 250716672
36 1 250716672 251240960
41 1 322117632 322125824
237 1 58208256 58216448
41 1 322125824 322129920
237 1 58216448 58220544
36 1 251621376 251732480
36 1 251756544 251789312
36 1 251240960 251621376
36 1 251732480 251756544
36 1 251789312 251883520
36 1 252014592 252080128
1 1 154222592 154234880
36 1 252772352 252784640
36 1 252440576 252506112
9 1 289595392 289603584
36 1 252506112 252694528
36 1 252698624 252760064
14 1 639834624 639835648
708 1 323972608 323976704
188 1 81194496 81198592
12 1 471052288 471060480
125 1 554610688 555134976
125 1 554086400 554610688
125 1 555704320 556228608
41 1 276156416 276160512
125 1 556228608 556736512
23 1 119996416 120061952
12 1 593686528 593752064
62 1 659161088 659423232
23 1 120455168 120586240
70 1 408735744 408748032
1 1 323198976 323203072
24 1 250544128 251068416
24 1 251068416 251592704
23 1 665976832 666501120
24 1 267517952 267583488
24 1 252116992 252641280
24 1 251592704 252116992
24 1 277348352 277856256
24 1 276824064 277348352
62 1 646402048 646406144
31 1 594161664 594162688
80 1 253435904 253440000
3 1 195821568 195883008
5 1 495468544 495472640
149 1 601255936 601260032
3 1 35762176 35766272
138 1 5251072 5255168
14 1 7434240 7438336
153 1 352985088 352989184
6 1 342499328 342503424
0 1 421273600 421277696
62 1 646402048 646410240
83 1 516149248 516153344
0 1 421302272 421314560
71 1 409252864 409253888
17 1 299257344 299258368
18 1 592633856 592637952
21 1 126464000 126951424
66 1 235500032 235502080
25 1 489847296 489848320
71 1 409253888 409257472
600 1 144375808 144392192
17 1 299258368 299259392
2 1 152276992 152281088
78 1 330506240 330588160
26 1 262840320 262930432
65 1 338698240 339222528
5 1 436760576 436764160
44 1 543461376 543526912
83 1 274804224 274808320
30 1 169287680 169455616
43 1 374980608 375111680
39 1 668205056 668233728
51 1 655400960 655466496
59 1 551768064 551833600
55 1 318009344 318140416
58 1 108335104 108400640
66 1 488038400 488300544
12 1 208654336 208658432
18 1 315092992 315101184
30 1 168763392 169287680
5 1 115998720 116064256
22 1 639930368 639995904
40 1 337211392 337215488
40 1 337211392 337215488
85 1 479027200 479031296
52 1 273571840 273575936
133 1 194023424 194027520
85 1 479027200 479031296
61 1 94941184 94949376
133 1 194015232 194019328
79 1 518295040 518352384
79 1 518352384 518356480
4 1 544083968 544100352
0 1 641597440 641601536
0 1 641589248 641593344
0 1 585912320 585916416
1 1 184139776 184143872
2 1 379559936 379568128
0 1 585936896 585957376
0 1 421208064 421212160
0 1 593887232 593891328
41 1 308043776 308051968
41 1 308051968 308056064
1 1 581861376 581865472
1 1 583249920 583254016
11 1 445472768 445476864
25 1 420167680 420171776
84 1 320032768 320053248
1 1 485580800 485642240
1 1 485642240 485646336
5 1 312782848 312786944
5 1 279486464 279490560
5 1 615870464 615874560
1 1 508719104 508739584
1 1 508739584 508743680
4 1 545280000 545284096
0 1 643088384 643092480
1 1 2539520 2543616
2 1 23752704 23756800
5 1 364539904 364544000
49 1 96088064 96092160
13 1 392749056 392753152
3 1 484261888 484265984
4 1 396103680 396107776
3 1 488992768 489000960
4 1 157986816 157990912
4 1 636014592 636018688
42 1 34045952 34570240
0 1 92655616 92659712
4 1 561000448 561012736
42 1 336310272 336363520
5 1 364560384 364568576
0 1 415555584 415559168
5 1 41374208 41385984
1 1 418054144 418185216
17 1 14103040 14627328
1 1 421724160 421789696
5 1 41398272 41910784
27 1 517914624 517980160
1 1 36073472 36085760
49 1 527388672 527392768
55 1 666558464 666562560
27 1 518307840 518373376
50 1 371646464 371671040
1 1 36085760 36089856
673 1 181665792 181669888
14 1 421281792 421347328
43 1 349880320 350011392
0 1 458944512 458948608
12 1 208719872 208744448
16 1 609681408 609746944
76 1 613982208 614047744
12 1 208961536 209027072
31 1 128610304 128675840
16 1 218832896 218836992
22 1 652886016 652951552
6 1 135565312 135630848
12 1 208764928 208801792
16 1 222658560 222720000
57 1 29499392 29630464
70 1 494030848 494292992
29 1 584413184 584478720
18 1 287088640 287154176
69 1 660815872 661114880
21 1 496619520 496685056
18 1 309678080 309710848
11 1 284528640 284532736
4 1 359276544 359278080
0 1 421273600 421277696
49 1 392859648 392863744
50 1 484995072 484999168
49 1 392040448 392048640
10 1 656199680 656203776
0 1 426790912 426803200
50 1 485195776 485203968
6 1 488771584 488833024
10 1 656220160 656224256
2 1 581021696 581025792
48 1 320155648 320159744
4 1 475455488 475459584
6 1 508313600 508314112
13 1 422699008 422703104
0 1 427282432 427286528
0 1 426921984 426926080
1 1 4857856 4861952
1 1 237346816 237350912
3 1 447422464 447426560
3 1 653045760 653049856
4 1 120578048 120582144
3 1 632459264 632463360
4 1 120582144 120590336
4 1 120590336 120594432
1 1 65966080 65970176
1 1 65961984 65966080
1 1 419123200 419160064
4 1 51056640 51060736
9 1 532979712 533012480
4 1 545239040 545247232
4 1 400494592 400502784
4 1 545259520 545267712
91 1 644378624 644382720
4 1 545292288 545308672
4 1 400531456 400535552
8 1 262667776 262671872
4 1 545652736 545681408
2 1 24858624 24866816
41 1 542765056 542769152
4 1 545689600 545693696
3 1 229490688 229492736
4 1 167309312 167333888
4 1 543014912 543019008
103 1 46002176 46010368
0 1 292900864 292904960
1 1 373555200 373559296
2 1 466911232 466915328
0 1 141459456 141463552
5 1 461807616 461811712
5 1 461791232 461803520
3 1 98766848 98775040
3 1 102670336 102674432
1 1 392617984 392642560
1 1 392642560 392646656
1 1 35692544 35693056
2 1 378712064 378732544
0 1 421273600 421277696
0 1 421203968 421208064
35 1 485883904 485949440
3 1 263426048 263430144
18 1 357580800 357581312
4 1 404516864 404553728
4 1 400429056 400433152
4 1 400420864 400424960
4 1 145362944 145367040
0 1 641597440 641601536
0 1 641601536 641605632
24 1 278380544 278904832
24 1 277856256 278380544
24 1 279429120 279953408
23 1 119537664 119668736
10 1 17362944 17367040
161 1 382271488 382275584
29 1 67690496 67710976
157 1 90095616 90120192
157 1 90120192 90140672
2 1 426266624 426344448
1 1 519954432 519974912
157 1 90140672 90144768
0 1 421199872 421203968
15 1 331202560 331206656
3 1 161955840 162021376
0 1 421285888 421294080
3 1 162611200 162632192
2 1 138362368 138366464
4 1 417067008 417071104
3 1 532508672 532516864
9 1 106340352 106344448
3 1 532516864 532520960
12 1 236269568 236281856
8 1 166961152 166969344
41 1 336916480 336924672
3 1 162632192 162676736
41 1 307314688 307322880
0 1 421224448 421228544
41 1 336924672 336928768
41 1 307322880 307326976
3 1 163135488 163201024
3 1 163856384 163921920
2 1 216395776 216399872
97 1 649052160 649056256
800 1 170106880 170119168
57 1 517936128 517942784
18 1 323105280 323321856
18 1 323325952 323633664
58 1 223588352 223592448
18 1 324501504 324509696
6 1 182345728 182349824
28 1 17903616 17907712
18 1 324055040 324149760
18 1 323633664 324055040
6 1 182398976 182407168
28 1 17924096 17936384
18 1 324493312 324501504
6 1 417513472 417517568
8 1 402230784 402231296
8 1 402234880 402235392
0 1 466944 471040
8 1 402238976 402239488
0 1 458752 462848
0 1 6234112 6238208
5 1 669900800 669917184
0 1 4984832 4988928
0 1 4788224 4792320
0 1 4853760 4857856
0 1 56160256 56164352
5 1 669810688 669822976
0 1 551059456 551092224
0 1 4206592 4210688
41 1 316420096 316428288
34 1 552693760 552697856
31 1 117682176 117686272
41 1 316428288 316432384
23 1 145846272 145850368
34 1 552697856 552710144
89 1 285736448 285740544
89 1 285740544 285785600
89 1 310410752 310414848
251 1 605064704 605588992
10 1 299823104 299827200
6 1 512495616 512503808
251 1 605588992 606113280
9 1 474480640 474484736
251 1 606617088 607096320
251 1 606113280 606617088
6 1 512503808 512507904
9 1 353730560 353734656
10 1 461819904 461824000
2 1 453054464 453058560
17 1 249373184 249897472
10 1 83832832 83836928
9 1 116744192 116748288
3 1 571498496 571502592
1 1 43266048 43282432
4 1 531386368 531390464
4 1 323584000 323588096
472 1 573681664 573685760
4 1 531451904 531456000
0 1 32432128 32440320
240 1 236044288 236048384
240 1 236048384 236089344
50 1 145129472 145133568
50 1 151932928 151937024
6 1 166375424 166383616
1 1 213139456 213184512
0 1 421281792 421289984
8 1 433217536 433221632
0 1 579301376 579303424
45 1 40435712 40439808
45 1 50372608 50376704
1 1 626921472 626962432
45 1 50569216 50573312
45 1 50454528 50458624
13 1 598888448 598892544
13 1 610377728 610381824
45 1 50606080 50610176
41 1 342327296 342335488
1 1 626962432 626966528
1 1 213184512 213188608
41 1 342335488 342339584
0 1 523251712 523272192
0 1 625147904 625164288
66 1 235502080 235504640
1 1 401514496 401517568
17 1 299259392 299262976
400 1 162676224 162677760
71 1 409257472 409258496
25 1 489848320 489850880
0 1 421244928 421249024
157 1 505942016 505946112
66 1 235504640 235505664
0 1 641601536 641605632
0 1 646311936 646316032
0 1 646303744 646307840
0 1 641597440 641601536
0 1 646299648 646300160
0 1 641601536 641605632
2 1 118063104 118067200
5 1 622166016 622170112
22 1 149615104 150139392
0 1 421306368 421310464
0 1 421240832 421249024
22 1 150139392 150663680
4 1 363282432 363286528
0 1 106225664 106233856
0 1 421310464 421318656
5 1 660664320 660668416
3 1 648380416 648384512
38 1 26542080 26656768
15 1 312008704 312009216
3 1 641646592 641650688
3 1 215285760 215289856
10 1 646270976 646275072
6 1 340094976 340099072
3 1 331558912 331579392
2 1 581091328 581169152
0 1 130809856 130813952
6 1 43274240 43278336
1 1 93134848 93138944
6 1 219680768 219684864
0 1 494903296 494907392
15 1 312004608 312008704
6 1 633827328 633831424
3 1 331579392 331583488
20 1 463048704 463052800
6 1 190738432 190803968
1 1 313090048 313094144
0 1 77783040 77787136
30 1 96964608 96968704
15 1 291086336 291086848
5 1 90173440 90178048
41 1 317321216 317329408
1 1 422051840 422109184
18 1 287350784 287416320
51 1 266629120 266760192
18 1 310460416 310517760
6 1 135561216 135565312
39 1 364118016 364642304
27 1 571375616 571400192
27 1 573341696 573382656
6 1 135475200 135536640
7 1 372654080 372719616
39 1 212312064 212377600
45 1 212459520 212525056
22 1 655405056 655470592
50 1 84762624 84828160
77 1 641724416 642183168
67 1 228114432 228179968
7 1 373592064 373657600
14 1 551432192 551497728
38 1 441372672 441401344
18 1 388874240 388939776
2 1 641671168 641675264
0 1 75960320 75972608
0 1 294014976 294019072
0 1 93515776 93519872
0 1 291790848 291799040
91 1 644378624 644382720
2 1 466923520 466931712
11 1 55930880 55934976
2 1 658550784 658554880
41 1 292728832 292737024
4 1 400433152 400437248
9 1 70828032 70832128
3 1 408113152 408117248
41 1 359116800 359120896
0 1 291860480 291864576
3 1 592818176 592819200
4 1 400465920 400474112
1 1 497999872 498003968
41 1 292737024 292741120
4 1 167333888 167337984
2 1 496353280 496357376
2 1 60198912 60207104
2 1 567054336 567083008
2 1 596856832 596860928
2 1 605364224 605368320
0 1 144678912 144683008
2 1 665255936 665497600
2 1 605384704 605388800
2 1 605405184 605413376
3 1 569651200 569716736
2 1 617734144 617738240
2 1 60207104 60219392
3 1 569126912 569651200
35 1 652070912 652083200
123 1 381276160 381280256
1 1 495239168 495325184
2 1 208433152 208437248
2 1 201437184 201441280
1 1 495325184 495329280
113 1 195383296 195390464
2 1 210055168 210063360
2 1 201449472 201457664
27 1 518897664 518963200
27 1 519356416 519421952
27 1 519618560 519684096
1 1 639107072 639110144
10 1 85086208 85106688
0 1 33718784 33721344
0 1 33721344 33722368
0 1 33738752 33741824
0 1 33741824 33745920
0 1 33745920 33750016
0 1 33750016 33754112
0 1 300572672 300613632
0 1 33754112 33758208
0 1 33758208 33762304
24 1 197394432 197459968
0 1 33762304 33766400
23 1 563216384 563240960
0 1 33766400 33770496
24 1 220524544 220528640
24 1 221859840 221863936
12 1 670728192 670732288
4 1 145367040 145375232
285 1 487640576 488107520
707 1 460406272 460410368
285 1 488656384 488947200
20 1 167342080 167346176
708 1 323972608 323976704
707 1 460406272 460410368
707 1 470199808 470203904
707 1 486723072 486727168
708 1 325606912 325611008
285 1 419462656 419466752
708 1 325639680 325643776
3 1 10993664 10997760
41 1 354578432 354586624
41 1 354586624 354590720
0 1 538898432 538902528
1 1 537968640 537972736
5 1 669917184 669974528
3 1 134414336 134479872
0 1 377880576 377892864
41 1 308932608 308936704
8 1 78925824 78938112
42 1 331059200 331436032
19 1 30986240 31010816
4 1 561012736 561016832
8 1 79175680 79200256
8 1 76451840 76767232
8 1 85327872 85508096
0 1 377958400 377982976
103 1 662232576 662236672
1 1 479047680 479080448
0 1 4206592 4210688
31 1 124944384 124948480
89 1 285789696 285949440
24 1 418610688 418614784
26 1 359087616 359091712
85 1 195493376 195497472
89 1 285244928 285294080
79 1 606363136 606367232
748 1 296713728 296926720
2 1 648720384 648724480
8 1 18493440 18518016
89 1 310464000 310636032
0 1 34037760 34041856
89 1 310902272 310951424
89 1 310414848 310459904
34 1 552710144 552714240
89 1 352353792 352402944
89 1 285298176 285539840
3 1 632459264 632471552
14 1 9580544 9584640
4 1 120594432 120602624
15 1 373985280 373989376
16 1 445005824 445009920
1 1 538370048 538386432
1 1 538390528 538439680
1 1 538439680 538443776
0 1 280743936 280744448
41 1 391680000 391684096
41 1 391675904 391680000
0 1 276496384 276500480
41 1 391684096 391688192
0 1 280748032 280752128
0 1 446054400 446070784
0 1 280756224 280760320
0 1 276500480 276504576
0 1 280743936 280744448
0 1 276496384 276500480
1 1 9936896 9969664
2 1 516272128 516288512
1 1 498065408 498069504
1 1 497991680 497995776
17 1 299262976 299264000
71 1 409258496 409262080
25 1 489850880 489851904
66 1 235505664 235508736
17 1 299264000 299266560
5 1 267661312 267669504
1 1 29581312 29582336
5 1 267665408 267669504
36 1 583303168 583307264
27 1 14270464 14278656
7 1 293105664 293126144
7 1 293126144 293130240
0 1 666746880 666750976
41 1 317329408 317333504
13 1 67866624 67870720
13 1 67874816 67878912
17 1 14627328 15151616
1 1 422109184 422182912
3 1 79687680 79716352
0 1 33770496 33774592
2 1 640983040 640985088
10 1 616538112 616542208
0 1 33774592 33778688
1 1 277917696 277921792
3 1 79716352 79720448
9 1 654184448 654188544
0 1 33778688 33782784
0 1 166903808 166916096
26 1 476430336 476434432
0 1 13107200 13115392
27 1 520273920 520339456
14 1 460025856 460029952
14 1 251301888 251305984
41 1 354009088 354017280
102 1 60481536 60485632
10 1 75014144 75018240
26 1 476459008 476463104
3 1 647528448 647536640
41 1 354017280 354021376
0 1 421314560 421339136
23 1 378355712 378357248
14 1 460693504 460697600
1 1 666365952 666368000
27 1 520798208 520863744
4 1 400527360 400531456
3 1 109314048 109367296
97 1 649056256 649117696
800 1 170119168 170123264
97 1 256069632 256135168
2 1 216395776 216399872
0 1 426553344 426557440
54 1 505282560 505286656
45 1 432041984 432046080
2 1 24338432 24350720
2 1 24350720 24354816
0 1 426487808 426500096
1 1 284160000 284164096
61 1 636321792 636329984
0 1 426561536 426565632
5 1 538083328 538112000
4 1 248651776 248709120
0 1 47935488 47939584
11 1 625053696 625055232
0 1 33935360 33939456
4 1 443834368 443850752
4 1 271749120 271751680
36 1 253464576 253477376
3 1 302800896 302886912
36 1 253526016 253534208
36 1 253477376 253497344
16 1 246546432 246554624
3 1 444866560 444869632
36 1 253243392 253464576
3 1 73814016 73875456
3 1 73940992 73994240
36 1 284356608 284487680
14 1 639835648 639836672
1 1 26632192 26693632
3 1 73994240 73998336
36 1 297377792 297456128
0 1 514019328 514031616
1 1 26693632 26697728
6 1 265633792 265637888
14 1 639836672 639837696
0 1 513970176 513974272
1 1 7208960 7217152
240 1 236089344 236093440
1 1 32223232 32387072
4 1 531386368 531394560
1 1 7217152 7221248
58 1 61501440 61505536
1 1 36122624 36139008
1 1 35467264 35500032
1 1 35500032 35532800
1 1 35532800 35565568
1 1 35565568 35581952
1 1 35844096 35860480
1 1 36073472 36089856
4 1 103120384 103157248
31 1 134303744 134385664
4 1 531456000 531460096
62 1 612876288 612880384
157 1 89607680 89628160
10 1 21348352 21352448
1 1 65966080 65970176
4 1 430075904 430104576
4 1 402128896 402132992
1 1 65961984 65966080
4 1 402059264 402063360
10 1 21348352 21352448
0 1 421310464 421314560
21 1 126951424 127475712
6 1 525164544 525176832
71 1 409262080 409263104
110 1 541507584 541540352
0 1 233938944 234004480
1 1 378101760 378106368
0 1 444264448 444268544
7 1 411824128 411828224
2 1 581169152 581173248
0 1 428261376 428265472
0 1 494919680 494927872
0 1 130813952 130818048
0 1 427024384 427028480
0 1 495468544 495472640
0 1 560234496 560238592
3 1 619581440 619593728
0 1 425754624 425762816
1 1 208941056 208945152
0 1 495800320 495804416
38 1 26656768 26673152
3 1 427814912 427819008
0 1 489689088 489693184
0 1 495968256 495972352
0 1 130818048 130842624
5 1 414244864 414248960
9 1 261644288 261648384
5 1 175902720 175951872
41 1 269340672 269348864
5 1 175951872 175955968
41 1 269348864 269352960
9 1 37859328 37888000
3 1 557875200 557879296
18 1 516156928 516165120
142 1 482790912 482803200
76 1 4386304 4406784
146 1 300469760 300473856
20 1 201252864 201256960
6 1 304336896 304340992
0 1 557961216 557973504
0 1 564228096 564232192
0 1 284405760 284409856
1 1 203292672 203362304
2 1 146264064 146268160
0 1 426516480 426520576
0 1 265166336 265178624
3 1 368939008 368947200
9 1 249311232 249315328
602 1 404790784 404798976
10 1 180584448 180588544
602 1 404807168 404848128
602 1 404852224 404856320
602 1 411074048 411123200
628 1 650661376 650669568
231 1 669167104 669515264
6 1 512507904 512516096
41 1 365137920 365146112
10 1 377933824 377937920
602 1 411127296 411422208
11 1 52195328 52199424
18 1 231190528 231194624
64 1 579899392 579903488
231 1 669515264 670039552
231 1 670563840 670862848
17 1 325255168 325257728
31 1 133541888 133545984
89 1 310955520 311246336
89 1 352407040 352714240
4 1 548147200 548188160
32 1 406560256 406564352
997 1 151428608 151432704
9 1 642990080 642994176
79 1 618257920 618262016
997 1 411811328 411815424
32 1 14843904 14848000
63 1 360627712 360631808
20 1 257500672 257503232
85 1 185970176 185974272
85 1 190729728 190733824
289 1 8441344 8445440
4 1 120602624 120606720
157 1 12460032 12505088
157 1 12505088 12509184
14 1 9580544 9584640
3 1 632463360 632467456
157 1 12509184 12533760
62 1 666615808 666619904
0 1 455540736 455548928
0 1 421302272 421306368
285 1 419466752 419470848
49 1 162172928 162185216
49 1 162201600 162205696
49 1 164683776 164687872
49 1 164651008 164655104
51 1 7081984 7086080
49 1 164700160 164704256
51 1 7196672 7200768
51 1 15040512 15044608
51 1 15077376 15081472
51 1 15114240 15118336
799 1 524381696 524385792
51 1 15126528 15130624
51 1 15716352 15720448
24 1 279953408 280477696
24 1 278904832 279429120
24 1 68452352 68681728
23 1 120193024 120455168
24 1 280477696 280952832
242 1 660188672 660192768
62 1 653852672 654376960
24 1 10485760 11010048
244 1 250764800 250768896
24 1 11010048 11534336
24 1 12058624 12517376
24 1 55050240 55574528
28 1 190283776 190288896
22 1 471064576 471068672
2 1 475734016 475737088
14 1 480624640 480626176
27 1 521256960 521322496
10 1 75010048 75014144
9 1 593752064 593756160
0 1 421445632 421449728
0 1 421466112 421470208
0 1 507817984 507822080
14 1 398319616 398323712
3 1 227282944 227290112
0 1 522416128 522420224
14 1 417198080 417202176
3 1 647499776 647503872
11 1 342749184 342751744
13 1 136757248 136761344
27 1 521519104 521569792
79 1 411750400 411815936
22 1 670527488 670593024
22 1 654671872 654737408
31 1 662810624 662876160
6 1 460996608 461033472
69 1 660357120 660590592
42 1 168198144 168263680
18 1 309121024 309186560
19 1 468643840 468709376
31 1 550391808 550457344
3 1 490352640 490418176
14 1 22306816 22323200
40 1 60940288 61005824
14 1 22253568 22302720
76 1 113795072 113864704
1 1 519974912 519979008
2 1 426344448 426348544
12 1 535126016 535130112
12 1 536350720 536354816
12 1 535400448 535404544
12 1 535810048 535818240
14 1 7434240 7438336
72 1 32956416 32960512
12 1 536702976 536707072
6 1 434483200 434532352
5 1 495468544 495472640
157 1 90144768 90169344
6 1 434532352 434536448
157 1 90169344 90173440
10 1 652517376 652521472
9 1 300429312 300437504
5 1 495468544 495472640
9 1 300437504 300441600
5 1 392790016 392794112
5 1 392818688 392822784
0 1 377982976 377987072
3 1 542711808 542715904
38 1 450756608 450760704
148 1 7663104 7679488
0 1 560467968 560472064
142 1 482803200 482815488
8 1 72171520 72175616
148 1 7679488 7687680
0 1 4329472 4333568
76 1 4406784 4427264
67 1 134082560 134086656
0 1 0 8192
0 1 37883904 37888000
2 1 650448896 650461184
1 1 562840064 563364352
21 1 585093120 585096704
1 1 495742976 495747072
1 1 496156672 496160768
91 1 644378624 644382720
0 1 59473920 59482112
74 1 156385280 156393472
70 1 323158016 323162112
19 1 465317888 465321984
3 1 170385408 170414080
4 1 400535552 400539648
0 1 59543552 59547648
3 1 170414080 170418176
0 1 59478016 59482112
103 1 46006272 46010368
7 1 649031680 649043968
4 1 646107136 646111232
91 1 644378624 644382720
128 1 422542848 422546944
748 1 298126848 298130944
127 1 581574144 581578240
998 1 56688128 56692224
988 1 552738304 552742400
79 1 623099392 623107584
988 1 428092928 428097024
748 1 296926720 297451008
73 1 29781504 29785600
76 1 360328704 360332800
3 1 174993408 174997504
85 1 194977280 194981376
85 1 200031744 200035840
997 1 159456768 159460864
73 1 95596032 95600128
89 1 271642112 271887872
85 1 199998976 200003072
25 1 489851904 489853952
66 1 235508736 235509760
0 1 387727360 387731456
3 1 409575424 409591808
10 1 14131200 14135296
17 1 299266560 299268096
71 1 409263104 409264128
2 1 152276992 152281088
51 1 15925248 15929344
51 1 15179776 15183872
51 1 15912960 15917056
51 1 15159296 15163392
51 1 15867904 15872000
51 1 15945728 15949824
51 1 16175104 16183296
51 1 16310272 16314368
51 1 16113664 16117760
51 1 16216064 16220160
51 1 16396288 16400384
51 1 16142336 16146432
51 1 16224256 16232448
51 1 16449536 16453632
58 1 119169024 119173120
51 1 16515072 16519168
51 1 16474112 16482304
51 1 16556032 16560128
51 1 16408576 16412672
51 1 16486400 16490496
26 1 262930432 262979584
7 1 372916224 372981760
55 1 318402560 318664704
38 1 441401344 441405440
24 1 61419520 61681664
27 1 523661312 523665408
55 1 319451136 319565824
13 1 186155008 186220544
55 1 319569920 319717376
50 1 386543616 386609152
50 1 308400128 308465664
76 1 392654848 392691712
41 1 351178752 351186944
0 1 339767296 339775488
9 1 256307200 256315392
4 1 323584000 323588096
31 1 87261184 87326720
472 1 573681664 573685760
56 1 115822592 115871744
157 1 89628160 89632256
1 1 32223232 32272384
0 1 644718592 644812800
1 1 7221248 7229440
240 1 236093440 236105728
4 1 531390464 531394560
0 1 644812800 644816896
1 1 7229440 7233536
240 1 236105728 236109824
0 1 263675904 263692288
2 1 41857024 41873408
1 1 36597760 36614144
58 1 61501440 61505536
800 1 170123264 170135552
0 1 526016512 526028800
0 1 527114240 527118336
800 1 170135552 170139648
41 1 393244672 393269248
41 1 393269248 393273344
209 1 542539264 542543360
73 1 29814272 29818368
31 1 538779648 538783744
748 1 297975296 298126848
748 1 297451008 297975296
41 1 632610816 632614912
85 1 181583360 181587456
988 1 411192832 411196928
85 1 200203776 200207872
988 1 552902144 552906240
3 1 5718016 5718528
4 1 548188160 548192256
89 1 271588864 271638016
0 1 307814400 307818496
20 1 257503232 257504768
30 1 22261760 22265856
1 1 58691584 58712064
231 1 670039552 670563840
10 1 377946112 377950208
41 1 365146112 365150208
11 1 87912448 87916544
4 1 293113856 293117952
602 1 412089856 412139008
602 1 413826560 413830656
602 1 405347840 405356032
602 1 430898688 430947840
602 1 413597184 413609472
602 1 404856320 405343744
602 1 413830656 413875712
6 1 512516096 512520192
602 1 412450304 412581376
602 1 427875840 427920896
157 1 12533760 12537856
4 1 120606720 120619008
4 1 120619008 120623104
3 1 632463360 632471552
0 1 641601536 641605632
2 1 261353472 261877760
2 1 262930432 263323648
2 1 260829184 261353472
2 1 262406144 262930432
0 1 523497472 523501568
0 1 421249024 421253120
22 1 150663680 150827008
0 1 641597440 641601536
22 1 150831104 151126528
2 1 252362752 252370944
0 1 523698176 523726848
13 1 188252160 188256256
2 1 252370944 252375040
4 1 363282432 363286528
22 1 151977984 152035328
5 1 629997568 630005760
22 1 151192064 151437312
22 1 151437312 151659008
0 1 518914048 518930432
5 1 495468544 495480832
2 1 586731520 586735616
2 1 485883904 485888000
1 1 659701760 659705856
1 1 659681280 659685376
24 1 557293568 557297664
2 1 409796608 409804800
4 1 346546176 346558464
2 1 355262464 355266560
2 1 355303424 355307520
2 1 416239616 416243712
1 1 670638080 670642176
2 1 658206720 658210816
2 1 658571264 658575360
0 1 144674816 144678912
3 1 483274752 483328000
2 1 658579456 658583552
0 1 144678912 144683008
4 1 20250624 20316160
2 1 662781952 662786048
3 1 4239360 4243456
3 1 429654016 429719552
3 1 4653056 4657152
3 1 4661248 4665344
6 1 423911424 423915520
3 1 483786752 484179968
6 1 474951680 474955776
4 1 288501760 288522240
10 1 583282688 583286784
0 1 30093312 30097408
0 1 30097408 30117888
0 1 30117888 30121984
77 1 417882112 417935360
18 1 319750144 319762432
1 1 409456640 409460736
4 1 265515008 265523200
5 1 538112000 538116096
0 1 426496000 426500096
69 1 530051072 530055168
9 1 636256256 636260352
2 1 106450944 106483712
9 1 646254592 646258688
1 1 284160000 284164096
2 1 106483712 106487808
0 1 426561536 426565632
1 1 150777856 150781952
1 1 150843392 150847488
41 1 366444544 366452736
44 1 590934016 591065088
3 1 490663936 490786816
61 1 258490368 258686976
51 1 16691200 16695296
799 1 524385792 524635648
58 1 122605568 122609664
72 1 131375104 131379200
58 1 121552896 121556992
72 1 131346432 131350528
58 1 119189504 119193600
72 1 131338240 131342336
72 1 131391488 131395584
0 1 514863104 514867200
72 1 131424256 131428352
72 1 131452928 131457024
72 1 131579904 131584000
72 1 131461120 131465216
72 1 131657728 131661824
72 1 131747840 131751936
72 1 131739648 131743744
72 1 131502080 131506176
72 1 131678208 131682304
50 1 371642368 371646464
0 1 456527872 456531968
6 1 375889920 375943168
3 1 115179520 115183616
102 1 60481536 60485632
0 1 456540160 456544256
43 1 52854784 52871168
24 1 441241600 441245696
4 1 400461824 400465920
6 1 375943168 375947264
186 1 166592512 166596608
0 1 188755968 188760064
0 1 456548352 456556544
17 1 301748224 301756416
24 1 441262080 441266176
147 1 303062528 303066624
20 1 200728576 201252864
0 1 564195328 564199424
0 1 262467584 262479872
4 1 99504128 99508224
4 1 561016832 561025024
89 1 136994304 136998400
0 1 559206400 559210496
2 1 455192576 455196672
0 1 4263936 4268032
9 1 37888000 37892096
38 1 450232320 450756608
41 1 328339456 328347648
0 1 426520576 426524672
66 1 235509760 235511808
267 1 295944192 295968768
0 1 421244928 421249024
17 1 299268096 299269120
25 1 489853952 489854976
332 1 399020032 399024128
0 1 171114496 171118592
0 1 109576192 109580288
4 1 387321856 387325952
0 1 110702592 110718976
15 1 297205760 297271296
0 1 42491904 42496000
1 1 54943744 54972416
1 1 54972416 54976512
0 1 92889088 92897280
10 1 212328448 212331520
9 1 400465920 400468480
5 1 101490688 101494784
5 1 493998080 494002176
0 1 220938240 220954624
1 1 313094144 313139200
1 1 313139200 313143296
6 1 639238144 639240704
6 1 190738432 190742528
1 1 65966080 65970176
31 1 375353344 375361536
1 1 361316352 361336832
85 1 199998976 200003072
988 1 411192832 411196928
89 1 310902272 310906368
85 1 200031744 200035840
988 1 428092928 428097024
997 1 159456768 159460864
73 1 95596032 95600128
8 1 18493440 18497536
89 1 310906368 310910464
1 1 361336832 361340928
20 1 257504768 257506816
31 1 561565696 561569792
6 1 90370048 90427392
4 1 385642496 385646592
6 1 90427392 90431488
2 1 284241920 284250112
2 1 284250112 284254208
4 1 385642496 385646592
8 1 87003136 87007232
8 1 87437312 87445504
8 1 86986752 86999040
8 1 87035904 87040000
8 1 87449600 87453696
8 1 87019520 87031808
8 1 85835776 85843968
8 1 85848064 85852160
2 1 284254208 284262400
6 1 360017920 360034304
75 1 83038208 83042304
75 1 83247104 83271680
5 1 41910784 42143744
5 1 42147840 42439168
1 1 422313984 422502400
1 1 422502400 422510592
41 1 269795328 269803520
1 1 425721856 425787392
41 1 269803520 269807616
1 1 426835968 426901504
5 1 42439168 42950656
1 1 427294720 427360256
5 1 546848768 546861568
22 1 303083520 303099904
49 1 372011008 372027392
49 1 455483392 455499776
49 1 360824832 360841216
47 1 246300672 246317056
49 1 453951488 453984256
49 1 367304704 367321088
0 1 421314560 421318656
49 1 401707008 401723392
49 1 409772032 409788416
49 1 406851584 406867968
18 1 214065152 214097920
49 1 410591232 410607616
49 1 397373440 397389824
49 1 407617536 407633920
49 1 416886784 416903168
49 1 420827136 420843520
49 1 417935360 417951744
49 1 383184896 383201280
18 1 665935872 665952256
46 1 89403392 89661440
2 1 62746624 62750720
7 1 411312128 411320320
13 1 498692096 498728960
4 1 531456000 531460096
4 1 323584000 323588096
4 1 531390464 531394560
1 1 7233536 7241728
1 1 545435648 545456128
5 1 219287552 219328512
5 1 219709440 219742208
5 1 220372992 220405760
5 1 220176384 220209152
5 1 220741632 220774400
5 1 220823552 220856320
5 1 221306880 221343744
4 1 542097408 542117888
4 1 542285824 542289920
901 1 3604480 3608576
4 1 542248960 542281728
4 1 542294016 542367744
4 1 542179328 542244864
4 1 542715904 542720000
4 1 542740480 542756864
4 1 542371840 542375936
4 1 577302528 577335296
41 1 347664384 347672576
41 1 347672576 347676672
2 1 612483072 612515840
0 1 82780160 82788352
2 1 612749312 612753408
0 1 524337152 524353536
2 1 601972736 601989120
19 1 605667328 605668864
62 1 666615808 666619904
4 1 120623104 120635392
1 1 563364352 563888640
1 1 563888640 564412928
1 1 564412928 564937216
1 1 566833664 566886400
11 1 445472768 445480960
1 1 485646336 485666816
1 1 485666816 485670912
1 1 224559104 224563200
1 1 224579584 224583680
0 1 104435712 104439808
36 1 341655552 341671936
128 1 185462784 185466880
128 1 16064512 16072704
8 1 198197248 198209536
0 1 646721536 646725632
8 1 202547200 202612736
0 1 669941760 669945856
8 1 202612736 202616832
0 1 641601536 641605632
1 1 43261952 43266048
5 1 485892096 485896192
0 1 665731072 665735168
0 1 665735168 665739264
9 1 62844928 62849024
9 1 62926848 62930944
0 1 26578944 26583040
9 1 62857216 62881792
0 1 36573184 36577280
9 1 62930944 62935040
0 1 33067008 33071104
0 1 36638720 36639232
0 1 26574848 26578944
2 1 559030272 559034368
0 1 32972800 32976896
4 1 400498688 400502784
41 1 353542144 353550336
34 1 340549632 340570112
42 1 476262400 476299264
4 1 400470016 400474112
41 1 353550336 353554432
42 1 472596480 472625152
0 1 59543552 59547648
69 1 457252864 457256960
30 1 512778240 512782336
17 1 340164608 340168704
1 1 545513472 545542144
69 1 457146368 457150464
23 1 152649728 152653824
91 1 644378624 644386816
1 1 545542144 545546240
43 1 666836992 666853376
49 1 441487360 441520128
49 1 436314112 436346880
49 1 422940672 422973440
19 1 304943104 304959488
19 1 288006144 288038912
19 1 241864704 241897472
49 1 447623168 447639552
19 1 322727936 322744320
49 1 390324224 390356992
49 1 508633088 508649472
49 1 464003072 464019456
19 1 13131776 13148160
49 1 501796864 501813248
49 1 468340736 468406272
49 1 494907392 494923776
49 1 385826816 385859584
0 1 641601536 641605632
49 1 392495104 392511488
49 1 509448192 509464576
2 1 485646336 485650432
26 1 131919872 131923968
1 1 413265920 413278208
27 1 325984256 325988352
2 1 355348480 355352576
27 1 61644800 61648896
5 1 495472640 495476736
2 1 593043456 593047552
2 1 485122048 485126144
5 1 495472640 495476736
72 1 131772416 131776512
72 1 229511168 229515264
72 1 226529280 226533376
16 1 642392064 642396160
15 1 289951744 289955840
72 1 227381248 227385344
72 1 230006784 230014976
17 1 536453120 536457216
799 1 524635648 524639744
25 1 452030464 452034560
21 1 135086080 135090176
21 1 135114752 135118848
26 1 144027648 144031744
26 1 143994880 143998976
25 1 453107712 453111808
26 1 144486400 144490496
26 1 605114368 605118464
3 1 86040576 86044672
3 1 409591808 409628672
813 1 115015680 115052544
66 1 235511808 235512832
71 1 409264128 409265152
17 1 299269120 299270144
332 1 399020032 399024128
602 1 427863552 427867648
602 1 412143104 412360192
602 1 428375552 428424704
602 1 430951936 431300096
602 1 510115328 510164480
602 1 427924992 428285440
17 1 249897472 250421760
1 1 58712064 58716160
602 1 520138240 520187392
627 1 103529984 103534080
627 1 364514816 364518912
627 1 446062080 446066176
627 1 445963776 445967872
10 1 390488064 390492160
602 1 413879808 414236160
4 1 293122048 293126144
602 1 428428800 428785152
3 1 571498496 571502592
627 1 384359936 384364032
24 1 501964800 501968896
3 1 193880064 193904640
10 1 85106688 85123072
199 1 515796992 515870720
50 1 371646464 371650560
372 1 93323264 93605888
69 1 385474560 385478656
0 1 421326848 421330944
0 1 422625280 422629376
5 1 212508672 212512768
4 1 642588672 642666496
4 1 642666496 642670592
5 1 212512768 212520960
18 1 590745600 590749696
4 1 642670592 642703360
89 1 136994304 136998400
76 1 4423168 4427264
4 1 561025024 561029120
41 1 328347648 328351744
19 1 30986240 30990336
0 1 527233024 527237120
39 1 405176320 405204992
9 1 37892096 37900288
39 1 405254144 405364736
1 1 392597504 392601600
79 1 528784896 528788992
0 1 528089088 528101376
7 1 292175872 292179968
19 1 65986560 65990656
20 1 12984320 12988416
19 1 71737344 71741440
2 1 576720896 576753664
2 1 576753664 576757760
0 1 115888128 115904512
9 1 561905664 561922048
4 1 548192256 548200448
799 1 491941376 491945472
0 1 594583552 594587648
31 1 247959552 247963648
4 1 34672640 34676224
31 1 248098816 248102912
4 1 548200448 548204544
34 1 552738816 552751104
5 1 299302912 299368448
8 1 402243072 402243584
18 1 304738304 305000448
0 1 551092224 551096320
0 1 379224064 379228160
2 1 417370112 417374208
2 1 417357824 417361920
2 1 513921024 513925120
2 1 513933312 513937408
0 1 379232256 379236352
4 1 478978048 478982144
4 1 478961664 478969856
8 1 402247168 402247680
4 1 655564800 655568896
5 1 32178176 32186368
0 1 569733120 569753600
51 1 517038080 517562368
56 1 645935104 645971968
3 1 51113984 51118080
22 1 652492800 652558336
20 1 120868864 121065472
13 1 569806848 569810944
14 1 196468736 196472832
13 1 508297216 508309504
13 1 500396032 500445184
13 1 500449280 500461568
14 1 197574656 197582848
4 1 472215552 472223744
14 1 197898240 197902336
2 1 595136512 595137024
133 1 93106176 93110272
4 1 531456000 531460096
1 1 531554304 531570688
1 1 7241728 7245824
52 1 463761408 463765504
133 1 93102080 93106176
38 1 412368896 412372992
133 1 92745728 92749824
133 1 81924096 81928192
58 1 497721344 497729536
121 1 340045824 340058112
1 1 546897920 546942976
7 1 611131392 611147776
7 1 611098624 611115008
9 1 501174272 501256192
7 1 611672064 611688448
1 1 32223232 32239616
2 1 595132416 595136512
0 1 524484608 524488704
6 1 111796224 111861760
0 1 109948928 109965312
2 1 588238848 588247040
0 1 421277696 421294080
75 1 109178880 109187072
3 1 10334208 10350592
0 1 166559744 166580224
9 1 439959552 439984128
3 1 109367296 109371392
25 1 329859072 329863168
4 1 577368064 577376256
4 1 577261568 577282048
5 1 217784320 217817088
4 1 577339392 577343488
4 1 577388544 577396736
4 1 577351680 577363968
4 1 577400832 577404928
901 1 3608576 3743744
5 1 220266496 220311552
4 1 542724096 542736384
397 1 114192384 114204672
4 1 542912512 542916608
4 1 542875648 542883840
4 1 577241088 577245184
4 1 542760960 542765056
4 1 542834688 542842880
4 1 542769152 542810112
4 1 542814208 542818304
4 1 542822400 542826496
20 1 365293568 365297664
29 1 121446400 121450496
26 1 608702464 608706560
31 1 4366336 4370432
31 1 4771840 4775936
31 1 2617344 2621440
31 1 4763648 4767744
31 1 3411968 3416064
31 1 4399104 4403200
7 1 291328000 291344384
31 1 5173248 5177344
72 1 137142272 137146368
1 1 588529664 588546048
0 1 426520576 426524672
30 1 113573888 113577984
59 1 385331200 385335296
1 1 77152256 77164544
0 1 25780224 25784320
2 1 472633344 472633856
2 1 472629248 472633344
0 1 146669568 146677760
0 1 157683712 157700096
0 1 216821760 216825856
49 1 510967808 510984192
0 1 421208064 421216256
49 1 470220800 470253568
49 1 516001792 516034560
49 1 528838656 528855040
49 1 512901120 512933888
49 1 528003072 528035840
49 1 524300288 524316672
49 1 529506304 529522688
49 1 532537344 532553728
49 1 546598912 546615296
49 1 539140096 539172864
49 1 547024896 547041280
49 1 542720000 542752768
49 1 548634624 548651008
49 1 571527168 571539456
49 1 547528704 547545088
49 1 588013568 588029952
49 1 575070208 575086592
49 1 545718272 545734656
21 1 127475712 128000000
0 1 441249792 441253888
25 1 489854976 489856000
813 1 115052544 115056640
7 1 248303616 248307712
7 1 248246272 248262656
66 1 235512832 235514880
7 1 248332288 248369152
1 1 338083840 338087936
71 1 409265152 409266176
17 1 299270144 299271168
332 1 399020032 399024128
10 1 220024832 220028928
0 1 426496000 426504192
41 1 366452736 366456832
4 1 45281280 45285376
25 1 377683968 377692160
15 1 318844928 318877696
38 1 265953280 265957376
2 1 24354816 24399872
6 1 399343616 399347712
602 1 510168576 510516736
602 1 520191488 520551936
628 1 637910528 637914624
708 1 419933696 419937792
708 1 563338752 563342848
628 1 93212160 93220352
628 1 101420544 101424640
628 1 637726208 637730304
708 1 503938560 503942656
628 1 67960320 67964416
711 1 13508096 13512192
628 1 662162944 662167040
231 1 670862848 671088640
232 1 0 32256
709 1 293715456 293719552
628 1 639548928 639553024
6 1 512520192 512528384
2 1 158216192 158220288
0 1 84303872 84312064
11 1 625054720 625056256
7 1 368828416 368832512
0 1 34611200 34615296
26 1 614088704 614092800
0 1 361140224 361143296
0 1 165105664 165126144
0 1 157757440 157761536
0 1 216813568 216817664
4 1 216293376 216297472
0 1 217448448 217452544
6 1 444092416 444096512
4 1 191365120 191369216
4 1 191377408 191381504
1 1 164364288 164368384
5 1 86310912 86315008
6 1 494669824 494673920
4 1 203403264 203411456
5 1 86339584 86343680
5 1 86441984 86446080
7 1 294150144 294154240
7 1 290234368 290238464
7 1 536387584 536391680
5 1 337698816 337702912
38 1 24203264 24207360
0 1 216727552 216731648
0 1 218505216 218509312
0 1 523042816 523063296
0 1 528330752 528351232
0 1 559874048 559886336
1 1 579670016 579678208
1 1 581435392 581443584
1 1 209084416 209088512
1 1 436936704 436994048
1 1 436994048 436998144
5 1 150192128 150196224
0 1 523063296 523075584
0 1 421208064 421212160
26 1 472559616 472563712
26 1 467656704 467657216
4 1 290704896 290708992
4 1 290704896 290708992
0 1 41177088 41222144
0 1 88801280 88829952
24 1 617263104 617267200
372 1 86044672 86331392
6 1 375947264 375955456
0 1 4206592 4210688
69 1 268435456 268439552
0 1 12288 16384
3 1 193904640 193908736
0 1 0 4096
102 1 60481536 60485632
10 1 75014144 75018240
24 1 617807872 617811968
199 1 515870720 515874816
5 1 495472640 495476736
9 1 275935232 275936768
5 1 495472640 495476736
0 1 59478016 59490304
4 1 400535552 400539648
103 1 46006272 46010368
3 1 116035584 116076544
8 1 262667776 262675968
1 1 375848960 375853056
4 1 400433152 400437248
5 1 106147840 106151936
0 1 426450944 426455040
0 1 77099008 77115392
5 1 113487872 113490944
0 1 72458240 72462336
1 1 65961984 65966080
10 1 21348352 21352448
0 1 421208064 421216256
1 1 93614080 93618176
0 1 421888 438272
6 1 190742528 190803968
0 1 426450944 426459136
0 1 646787072 646791168
0 1 444817408 444833792
19 1 332709888 332718080
0 1 528797696 528809984
1 1 427753472 427810816
5 1 546861568 546914304
5 1 547504128 547569664
17 1 15151616 15675904
0 1 442368 458752
3 1 513765376 513798144
1 1 427810816 428072960
1 1 566510080 566833664
2 1 88359424 88408064
1 1 564937216 565461504
1 1 565461504 565985792
0 1 426450944 426455040
1 1 565985792 566510080
41 1 351186944 351191040
1 1 566895104 567345152
0 1 265178624 265182720
0 1 78569472 78585856
4 1 120635392 120639488
3 1 632467456 632471552
4 1 120639488 120647680
4 1 120647680 120651776
0 1 489697280 489701376
0 1 489725952 489730048
0 1 130842624 130846720
0 1 427065344 427069440
1 1 670158848 670171136
3 1 619585536 619589632
0 1 130846720 130854912
0 1 641597440 641601536
0 1 575008768 575025152
0 1 130854912 130859008
0 1 109875200 109879296
0 1 641593344 641597440
3 1 619585536 619589632
26 1 230957056 230961152
0 1 130859008 130871296
0 1 641597440 641601536
4 1 145375232 145387520
0 1 641601536 641605632
41 1 287686656 287694848
41 1 287694848 287698944
0 1 641597440 641601536
5 1 333594624 333619200
0 1 641601536 641605632
0 1 73953280 73961472
4 1 145387520 145395712
0 1 641597440 641601536
14 1 558276608 558280704
5 1 462729216 462731776
0 1 58990592 58994688
0 1 150212608 150216704
0 1 59068416 59072512
1 1 36061184 36065280
0 1 59375616 59379712
0 1 188592128 188596224
0 1 189005824 189009920
31 1 519479296 519487488
799 1 491945472 492281344
2 1 648720384 648724480
34 1 552751104 552755200
3 1 590487552 590491648
3 1 590548992 590553088
3 1 590610432 590614528
4 1 539619328 539623424
4 1 539557888 539561984
31 1 248152064 248188928
799 1 492281344 492285440
4 1 548204544 548212736
2 1 284262400 284266496
0 1 92487680 92516352
75 1 83234816 83247104
9 1 185499648 185630720
0 1 387788800 387796992
5 1 262279168 262283264
0 1 92516352 92520448
0 1 387727360 387735552
4 1 385642496 385646592
0 1 92536832 92540928
2 1 284266496 284274688
0 1 92520448 92532736
0 1 387796992 387801088
1 1 312909824 312926208
2 1 284274688 284278784
1 1 312926208 312930304
0 1 33067008 33071104
2 1 559095808 559108096
0 1 36827136 36831232
0 1 37171200 37175296
0 1 36732928 36737024
0 1 38993920 38998016
0 1 38981632 38985728
0 1 43364352 43368448
0 1 40488960 40493056
0 1 42913792 42917888
0 1 42389504 42393600
0 1 42442752 42446848
0 1 646295552 646299648
0 1 644808704 644809216
0 1 644809216 644809728
0 1 644809728 644813824
0 1 644813824 644817920
0 1 641597440 641601536
7 1 548823040 548827136
7 1 567906304 567914496
39 1 612061184 612081664
39 1 612081664 612085760
0 1 646299648 646300160
0 1 641601536 641605632
4 1 25337344 25341440
0 1 646311936 646316032
0 1 646303744 646307840
1 1 24424448 24440832
0 1 641597440 641601536
0 1 646299648 646300160
0 1 641601536 641605632
12 1 182374400 182423552
4 1 542855168 542871552
4 1 542945280 542949376
4 1 542846976 542851072
4 1 542937088 542941184
4 1 542920704 542932992
4 1 542953472 542957568
4 1 540225536 540266496
4 1 541401088 541462528
4 1 542887936 542892032
4 1 542896128 542908416
4 1 542171136 542175232
4 1 577413120 577449984
5 1 217706496 217751552
397 1 114204672 114208768
4 1 541515776 541650944
901 1 3739648 3743744
4 1 541708288 541716480
4 1 541306880 541310976
4 1 541822976 541827072
49 1 575856640 575873024
49 1 547430400 547463168
49 1 560140288 560173056
1 1 620871680 620888064
49 1 599785472 599801856
49 1 590106624 590123008
49 1 601104384 601120768
49 1 595533824 595566592
49 1 619192320 619225088
49 1 593285120 593301504
2 1 519659520 519663616
9 1 138915840 138932224
49 1 599932928 599949312
49 1 619487232 619503616
49 1 627707904 627724288
22 1 152035328 152240640
49 1 640503808 640536576
14 1 43831296 43847680
49 1 620294144 620310528
18 1 617308160 617324544
24 1 11534336 12058624
157 1 33734144 33795584
24 1 56098816 56623104
24 1 56623104 57147392
24 1 55574528 56098816
24 1 57671680 58195968
24 1 57147392 57671680
24 1 58195968 58720256
24 1 58720256 59113472
11 1 146657280 146661376
24 1 32768000 33292288
24 1 33292288 33816576
157 1 33795584 33799680
24 1 71999488 72220672
0 1 67534848 67555328
4 1 531390464 531394560
9 1 501256192 501260288
4 1 323584000 323592192
10 1 325599232 325603328
1 1 7245824 7254016
0 1 207310848 207327232
3 1 11583488 11595776
9 1 439984128 439988224
3 1 600334336 600342528
3 1 164974592 164978688
0 1 421220352 421236736
79 1 528788992 528891392
3 1 557875200 557879296
7 1 222449664 222457856
0 1 426455040 426459136
9 1 37900288 37904384
2 1 301715456 301716480
39 1 408911872 408977408
7 1 198668288 198672384
79 1 528891392 528895488
0 1 123174912 123179008
4 1 561029120 561037312
1 1 65966080 65970176
6 1 375955456 375959552
24 1 617824256 617828352
4 1 400527360 400531456
28 1 190296064 190301184
22 1 471101440 471105536
24 1 617959424 617963520
0 1 40361984 40378368
10 1 85123072 85127168
0 1 92758016 92762112
21 1 523653120 523669504
28 1 7643136 7659520
48 1 475643904 475660288
26 1 600969216 600985600
22 1 151659008 151977984
672 1 181837824 181841920
21 1 515887104 515919872
49 1 640569344 640585728
49 1 627445760 627462144
48 1 494931968 494948352
6 1 523427840 523440128
48 1 493363200 493379584
48 1 513228800 513245184
48 1 363913216 363929600
21 1 443183104 443199488
25 1 573595648 573628416
16 1 529141760 529158144
48 1 538611712 538628096
48 1 358940672 358973440
19 1 600027136 600031232
3 1 10993664 10997760
54 1 241426432 241430528
0 1 514863104 514871296
64 1 592658432 592662528
1 1 523165696 523169792
0 1 444817408 444837888
0 1 514875392 514879488
20 1 365293568 365297664
3 1 10993664 10997760
72 1 208064512 208068608
72 1 206823424 206827520
36 1 78958592 78962688
72 1 207769600 207777792
414 1 605064704 605474304
10 1 259571712 259575808
10 1 260599808 260603904
14 1 639837696 639838720
0 1 514027520 514031616
36 1 297521664 298045952
6 1 265633792 265637888
14 1 639838720 639839744
0 1 527826944 527859712
8 1 50237440 50241536
2 1 130265088 130266112
14 1 639839744 639840768
0 1 513970176 513978368
36 1 298045952 298570240
14 1 639840768 639841792
14 1 639841792 639842816
36 1 299069440 299098624
36 1 298570240 299065344
14 1 639842816 639843840
14 1 639843840 639844864
267 1 281329664 281350144
25 1 489856000 489857024
157 1 505921536 505925632
1 1 478466048 478470144
0 1 42983424 42987520
17 1 299271168 299272192
2 1 339169280 339173376
71 1 409266176 409267200
332 1 399020032 399024128
66 1 235514880 235516928
31 1 248123392 248143872
2 1 648720384 648724480
34 1 552755200 552767488
4 1 400429056 400437248
31 1 525225984 525234176
4 1 548212736 548216832
0 1 604635136 604636160
5 1 548093952 548159488
0 1 421212160 421224448
13 1 9052160 9056256
13 1 376217600 376221696
0 1 106938368 106942464
239 1 460529664 460562432
5 1 548622336 548687872
0 1 218537984 218542080
30 1 46661632 46669824
10 1 203452416 203460608
41 1 287240192 287248384
10 1 203501568 203505664
10 1 203485184 203497472
41 1 287248384 287252480
41 1 317345792 317353984
10 1 203505664 203509760
20 1 3237888 3239424
41 1 317353984 317358080
6 1 377286656 377290752
5 1 485896192 485904384
41 1 313876480 313884672
41 1 313884672 313888768
0 1 665731072 665735168
5 1 485904384 485916672
4 1 443850752 443858944
1 1 263282688 263286784
3 1 262885376 262889472
0 1 59203584 59211776
0 1 110718976 110739456
9 1 343941120 343944704
7 1 467611648 467614720
3 1 635330560 635375616
1 1 263290880 263294976
24 1 617971712 617975808
0 1 17375232 17379328
13 1 626094080 626102272
6 1 4960256 4964352
6 1 4898816 4902912
26 1 564367360 564371456
10 1 75010048 75014144
24 1 622596096 622600192
0 1 42864640 42868736
0 1 26578944 26583040
0 1 32972800 32976896
4 1 541802496 541806592
4 1 541749248 541753344
4 1 541671424 541679616
4 1 541696000 541700096
4 1 541761536 541765632
4 1 539500544 539533312
4 1 541466624 541499392
0 1 426516480 426520576
5 1 218611712 218644480
4 1 541786112 541794304
4 1 541773824 541777920
4 1 542154752 542158848
4 1 542539776 542556160
0 1 426450944 426455040
8 1 137646080 137654272
3 1 656551936 656556032
9 1 625045504 625049600
9 1 282083328 282087424
0 1 426516480 426520576
9 1 496807936 496812032
12 1 301805568 301809664
3 1 486834176 486854656
3 1 486854656 486858752
2 1 572461056 572469248
2 1 572526592 572555264
1 1 639127552 639139840
3 1 164851712 164855808
0 1 109965312 109985792
6 1 496295936 496300032
4 1 21102592 21299200
0 1 144674816 144678912
2 1 60219392 60227584
0 1 141549568 141565952
3 1 427753472 428027904
0 1 528367616 528388096
0 1 144678912 144683008
0 1 200192000 200208384
2 1 32530432 32571392
20 1 229855232 229859328
15 1 259866624 259870720
3 1 428552192 428617728
0 1 426516480 426520576
16 1 525860864 525864960
3 1 428027904 428552192
91 1 644382720 644386816
0 1 426446848 426450944
4 1 400470016 400474112
0 1 72388608 72392704
0 1 651186176 651202560
91 1 644382720 644386816
61 1 441540608 441606144
2 1 641671168 641675264
13 1 570728448 570761216
13 1 509296640 509313024
13 1 500989952 501055488
50 1 386609152 386740224
13 1 501776384 501841920
16 1 92086272 92151808
2 1 641671168 641679360
13 1 502657024 502669312
13 1 502562816 502616064
38 1 441405440 441421824
15 1 481341440 481406976
13 1 503783424 503824384
38 1 441421824 441425920
61 1 484102144 484167680
4 1 540647424 540651520
1 1 42991616 42995712
0 1 528941056 528945152
0 1 444268544 444309504
0 1 426520576 426524672
1 1 103976960 103981056
0 1 444309504 444313600
1 1 180621312 180625408
242 1 357682688 357686784
20 1 65617408 65621504
242 1 365354496 365358592
15 1 86003712 86528000
39 1 405372928 405389312
30 1 222453760 222457856
58 1 653840384 653844480
0 1 123179008 123183104
4 1 561037312 561041408
39 1 405364736 405372928
0 1 433856512 433860608
0 1 426516480 426520576
0 1 434061312 434065408
39 1 405389312 405495808
0 1 433745920 433750016
8 1 318402560 318914560
36 1 123695104 123699200
64 1 27049984 27054080
64 1 349315072 349319168
1 1 362639360 362643456
1 1 362692608 362704896
64 1 3756032 3760128
67 1 138653696 138657792
66 1 524730368 524734464
4 1 568578048 568647680
0 1 522424320 522432512
0 1 522399744 522407936
0 1 549888000 549904384
4 1 568647680 568651776
2 1 204550144 204554240
5 1 600989696 601006080
1 1 362704896 362708992
0 1 441729024 441745408
0 1 421273600 421277696
0 1 409280512 409284608
0 1 438272 458752
0 1 115904512 115924992
1 1 555548672 555573248
18 1 590352384 590356480
4 1 642703360 642707456
43 1 603430912 603435008
30 1 70451200 70451712
0 1 480124928 480129024
1 1 555573248 555577344
0 1 421208064 421212160
41 1 393666560 393674752
0 1 441663488 441679872
41 1 393674752 393678848
0 1 421273600 421281792
18 1 324509696 324620800
18 1 324149760 324489216
0 1 59445248 59465728
18 1 324686336 324911104
0 1 426516480 426520576
18 1 346890240 347021312
0 1 426442752 426446848
18 1 347045888 347090944
18 1 346697728 346821120
18 1 347021312 347045888
18 1 346821120 346890240
18 1 347635712 347676672
18 1 347111424 347501056
6 1 112439296 112447488
18 1 347676672 347701248
18 1 347501056 347635712
18 1 444870656 445235712
79 1 397611008 397611520
79 1 429363200 429367296
2 1 176553984 176898048
2 1 179060736 179077120
2 1 179404800 179421184
2 1 179552256 179568640
2 1 179175424 179191808
2 1 182009856 182026240
2 1 170307584 170323968
0 1 523272192 523284480
0 1 421273600 421277696
5 1 495472640 495480832
0 1 446795776 446816256
0 1 135266304 135282688
0 1 426545152 426557440
5 1 495476736 495480832
5 1 495476736 495480832
5 1 495476736 495489024
813 1 115056640 115085312
25 1 489857024 489858048
1 1 245235712 245239808
17 1 299272192 299273216
332 1 399020032 399024128
0 1 441253888 441257984
0 1 421310464 421314560
34 1 552767488 552771584
595 1 597274112 597278208
31 1 559812608 559816704
8 1 18518016 18538496
4 1 419495936 419508224
595 1 597802496 597945856
34 1 552771584 552783872
48 1 479969280 479985664
48 1 495767552 495783936
5 1 630005760 630013952
5 1 622166016 622170112
48 1 520429568 520445952
16 1 391512064 391516160
48 1 561467392 561483776
0 1 387727360 387731456
0 1 421249024 421253120
672 1 181837824 181846016
0 1 641597440 641601536
2 1 252375040 252383232
672 1 181841920 181846016
0 1 166510592 166526976
2 1 252383232 252387328
6 1 523436032 523448320
0 1 421314560 421326848
5 1 630013952 630018048
672 1 181841920 181846016
0 1 387792896 387796992
252 1 236338688 236559872
232 1 2162176 2678272
708 1 446811648 446819840
17 1 250421760 250946048
627 1 446062080 446066176
252 1 236559872 236563968
708 1 446815744 446819840
628 1 637726208 637730304
627 1 384359936 384364032
628 1 67960320 67964416
6 1 512528384 512532480
232 1 3726848 3923456
232 1 2678272 3202560
232 1 3202560 3726848
152 1 498524160 498528256
3 1 571498496 571506688
799 1 424103424 424107520
17 1 250946048 251212288
3 1 164319232 164384768
3 1 177373184 177438720
3 1 178159616 178225152
0 1 421289984 421298176
3 1 178618368 178683904
3 1 179077120 179098112
41 1 308711424 308719616
41 1 308719616 308723712
3 1 179687936 179732480
3 1 180314112 180379648
3 1 183140352 183205888
3 1 183730176 183795712
9 1 501260288 501297152
0 1 579395584 579411968
4 1 531456000 531460096
1 1 7254016 7258112
9 1 501297152 501301248
1 1 32223232 32305152
41 1 342827008 342835200
4 1 531390464 531394560
41 1 342835200 342839296
4 1 323588096 323592192
1 1 38514688 38531072
1 1 38924288 38940672
6 1 375959552 375967744
0 1 422494208 422498304
1 1 65961984 65966080
10 1 21348352 21352448
0 1 33067008 33071104
9 1 561922048 561942528
0 1 171520000 171524096
0 1 176717824 176726016
0 1 176730112 176734208
0 1 176783360 176787456
0 1 177545216 177549312
4 1 484323328 484327424
0 1 178249728 178253824
12 1 377815040 377819136
21 1 171577344 171581440
3 1 634933248 634937344
13 1 122822656 122826752
13 1 122748928 122753024
239 1 460562432 460566528
1 1 428072960 428081152
5 1 601878528 601944064
17 1 15675904 16200192
1 1 428146688 428212224
5 1 602402816 602468352
1 1 567345152 567869440
1 1 567869440 568393728
1 1 568393728 568918016
1 1 568918016 569442304
1 1 28061696 28078080
4 1 107876352 107917312
2 1 88735744 88801280
1 1 569442304 569966592
2 1 24399872 24403968
0 1 426565632 426573824
1 1 284172288 284176384
0 1 426504192 426508288
0 1 426569728 426573824
0 1 451936256 451940352
7 1 620904448 620908544
1 1 284172288 284176384
0 1 25583616 25587712
0 1 524488704 524500992
0 1 166580224 166592512
0 1 25579520 25583616
3 1 26284032 26288128
0 1 421224448 421228544
2 1 634433536 634437632
0 1 151064576 151076864
41 1 366628864 366637056
12 1 436203520 436207616
16 1 339402752 339406848
4 1 407883776 407887872
14 1 113160192 113164288
0 1 426455040 426463232
708 1 323972608 323976704
285 1 404790784 404839936
708 1 325639680 325643776
708 1 325606912 325611008
285 1 522157568 522206720
15 1 406118912 406119424
285 1 404844032 405253632
7 1 291344384 291364864
10 1 37736448 37744640
285 1 522210816 522620416
813 1 115085312 115089408
71 1 409267200 409268224
25 1 489858048 489859072
41 1 280518656 280526848
21 1 128000000 128524288
66 1 235516928 235517952
0 1 641597440 641601536
31 1 473329664 473337856
4 1 400490496 400494592
31 1 462745600 462749696
595 1 597278208 597802496
4 1 548216832 548249600
48 1 443437056 443441152
4 1 207396864 207400960
0 1 665735168 665739264
0 1 665731072 665735168
5 1 429608960 429637632
0 1 655138816 655155200
4 1 400535552 400539648
8 1 262671872 262675968
5 1 110936064 110952448
6 1 570949632 570966016
103 1 46006272 46010368
1 1 263286784 263290880
4 1 443858944 443867136
1 1 263294976 263299072
7 1 540094464 540098560
0 1 129183744 129191936
4 1 62586368 62590464
3 1 635441152 635461632
2 1 246759424 246808576
0 1 669093888 669097984
9 1 132591616 132599808
10 1 391061504 391065088
7 1 206397440 206401536
14 1 148680704 148684800
1 1 444149760 444178432
11 1 114264576 114265088
0 1 469843968 469848064
0 1 480407552 480411648
1 1 444178432 444182528
8 1 402251264 402251776
0 1 667607040 667623424
11 1 114265088 114265600
139 1 528429568 528431616
139 1 528431616 528435712
13 1 552435712 552436224
41 1 297570304 297578496
0 1 569753600 569765888
11 1 114265088 114265600
41 1 297578496 297582592
2 1 181927936 181944320
2 1 182091776 182108160
2 1 182337536 182353920
32 1 356417536 356433920
35 1 647004160 647020544
39 1 246333440 246366208
39 1 246071296 246087680
32 1 356843520 356859904
39 1 246382592 246415360
32 1 356597760 356614144
39 1 246579200 246595584
38 1 625729536 625745920
39 1 246218752 246235136
6 1 432783360 432787456
58 1 276996096 277000192
1 1 180629504 180633600
0 1 444874752 444887040
0 1 444833792 444841984
1 1 224518144 224522240
102 1 60481536 60485632
53 1 362110976 362119168
2 1 235982848 235991040
53 1 361664512 361672704
53 1 362147840 362151936
3 1 614141952 614264832
47 1 438857728 438886400
1 1 38875136 38891520
1 1 38531072 38547456
1 1 38580224 38596608
1 1 7258112 7266304
0 1 282411008 282415104
1 1 278568960 278573056
1 1 162922496 162930688
1 1 162377728 162381824
22 1 252166144 252170240
4 1 531456000 531460096
1 1 181026816 181030912
1 1 273448960 273453056
22 1 352964608 352972800
1 1 7266304 7270400
0 1 524152832 524156928
0 1 524419072 524435456
4 1 83800064 83804160
14 1 471670784 471671808
16 1 153616384 153620480
0 1 387723264 387727360
0 1 387715072 387719168
0 1 166711296 166719488
0 1 251019264 251023360
0 1 410701824 410710016
0 1 166752256 166756352
16 1 265187328 265191424
8 1 590667776 590671872
17 1 196800512 196804608
19 1 139112448 139116544
4 1 290704896 290708992
4 1 290704896 290708992
3 1 339759104 339800064
0 1 166752256 166760448
0 1 170700800 170704896
2 1 245157888 245158912
8 1 271122432 271126528
103 1 168857088 169201152
0 1 444948480 444968960
9 1 37904384 37912576
3 1 557875200 557879296
89 1 136994304 136998400
76 1 4427264 4431360
49 1 96088064 96092160
9 1 37912576 37916672
1 1 392601600 392609792
4 1 466509824 466513920
4 1 561041408 561053696
39 1 405561344 405626880
54 1 40779776 40783872
59 1 85561344 85569536
67 1 490344448 490348544
54 1 41041920 41046016
57 1 665456640 665473024
60 1 643534848 643543040
53 1 362192896 362217472
60 1 645193728 645206016
60 1 645373952 645378048
4 1 400461824 400465920
6 1 375967744 375971840
53 1 367579136 367587328
57 1 665432064 665452544
59 1 221302784 221315072
60 1 643891200 643899392
60 1 643641344 643645440
72 1 196837376 196841472
0 1 120205312 120221696
2 1 310935552 310956544
5 1 61378560 61379584
0 1 421273600 421281792
7 1 439070720 439072768
11 1 483540992 483553280
0 1 669028352 669032448
1 1 571015168 571277312
0 1 410013696 410017792
1 1 569966592 570490880
1 1 593756160 593821696
1 1 570490880 571015168
60 1 586461184 586469376
2 1 89260032 89325568
2 1 88342528 88359424
3 1 115109888 115154944
1 1 566886400 566895104
0 1 409948160 409952256
2 1 89718784 89784320
3 1 115154944 115159040
2 1 90177536 90243072
0 1 108855296 108883968
4 1 505155584 505159680
5 1 602980352 602996736
5 1 602927104 602976256
5 1 603586560 603652096
0 1 442105856 442126336
6 1 147632128 147636224
35 1 508379136 508383232
20 1 302056448 302060032
17 1 299273216 299274240
157 1 505942016 505946112
41 1 280526848 280530944
0 1 42979328 42983424
157 1 505921536 505925632
71 1 409268224 409269248
2 1 603111424 603123712
4 1 453570560 453611520
28 1 361611264 361615360
34 1 552783872 552787968
4 1 400420864 400424960
31 1 523464704 523468800
89 1 336592384 336596480
89 1 294649344 294698496
89 1 336596480 336641536
1 1 65966080 65970176
0 1 36638720 36639232
0 1 26574848 26578944
0 1 32972800 32976896
0 1 33067008 33071104
0 1 514863104 514867200
17 1 235667456 235671552
708 1 324218368 324222464
188 1 81194496 81718784
285 1 419470848 419511808
707 1 470081024 470085120
111 1 362459136 362471424
285 1 522620416 522624512
285 1 405253632 405257728
708 1 325606912 325611008
4 1 291396608 291398144
188 1 81718784 82243072
4 1 400490496 400515072
0 1 426508288 426512384
25 1 377688064 377815040
1 1 150777856 150781952
6 1 399343616 399347712
38 1 265953280 265986048
1 1 150843392 150847488
2 1 24403968 24489984
22 1 152240640 152764928
3 1 175333376 175337472
2 1 260829184 260845568
0 1 641601536 641605632
672 1 181841920 181850112
0 1 421257216 421261312
2 1 252387328 252395520
0 1 166526976 166547456
672 1 181846016 181850112
10 1 243916800 243924992
1 1 620888064 620896256
0 1 421322752 421326848
1 1 622075904 622088192
13 1 150142976 150159360
672 1 181846016 181850112
2 1 252395520 252399616
22 1 152764928 153289216
3 1 175333376 175337472
0 1 641597440 641601536
672 1 181846016 181850112
11 1 446955520 446959616
0 1 426450944 426455040
4 1 385642496 385646592
0 1 387731456 387739648
0 1 445014016 445034496
2 1 284278784 284286976
2 1 284286976 284291072
0 1 387801088 387817472
0 1 387747840 387756032
4 1 385642496 385654784
2 1 284291072 284299264
0 1 387817472 387821568
0 1 426450944 426459136
2 1 284299264 284303360
8 1 109166080 109166592
8 1 525582336 525606912
5 1 420691968 420696064
41 1 366637056 366641152
1 1 287793152 287870976
1 1 287870976 287875072
62 1 631562240 631578624
1 1 83046400 83050496
1 1 69234688 69246976
3 1 572231680 572235776
1 1 83238912 83243008
1 1 211226624 211230720
4 1 48111616 48115712
1 1 211238912 211243008
0 1 641597440 641601536
1 1 210833408 210837504
2 1 617250816 617254912
1 1 69324800 69328896
1 1 83038208 83042304
0 1 421285888 421289984
5 1 604569600 604582400
0 1 25710592 25714688
24 1 34340864 34799616
24 1 33816576 34340864
24 1 71475200 71999488
24 1 228851712 229376000
0 1 421273600 421285888
24 1 229376000 229900288
24 1 310509568 311033856
2 1 161972224 162004992
24 1 311033856 311296000
24 1 229900288 230424576
24 1 230424576 230883328
24 1 326565888 326762496
24 1 283181056 283246592
70 1 372031488 372097024
24 1 23199744 23265280
24 1 8388608 8912896
24 1 63242240 63373312
24 1 8912896 9207808
0 1 421208064 421212160
17 1 571441152 571444224
4 1 323588096 323592192
5 1 175804416 175808512
1 1 185651200 185655296
89 1 136994304 136998400
0 1 141148160 141152256
79 1 528895488 528924160
19 1 31010816 31031296
0 1 123174912 123179008
38 1 329797632 330321920
74 1 170852352 170864640
39 1 405495808 405561344
4 1 561053696 561057792
11 1 483274752 483540992
4 1 45424640 45426688
0 1 211283968 211288064
12 1 162254848 162257920
1 1 263307264 263311360
0 1 118788096 118792192
1 1 263299072 263303168
0 1 421212160 421216256
0 1 120123392 120127488
1 1 263303168 263307264
8 1 508284928 508311040
15 1 297205760 297271296
3 1 164933632 164954112
2 1 572391424 572395520
2 1 572002304 572030976
14 1 394825728 394829824
2 1 572772352 572780544
16 1 346132480 346136576
2 1 546684928 546709504
1 1 467451904 467456000
4 1 400207872 400211968
4 1 470257664 470261760
6 1 190738432 190803968
4 1 397238272 397246464
17 1 251212288 251470336
59 1 467415040 467423232
5 1 183742464 183746560
799 1 424107520 424418816
0 1 449605632 449613824
6 1 512532480 512557056
5 1 183771136 183775232
799 1 424418816 424422912
17 1 251670528 251740672
0 1 132251648 132255744
0 1 508633088 508634624
17 1 251740672 251933184
17 1 251470336 251666432
3 1 571502592 571506688
262 1 322493952 322498048
262 1 322498048 322510336
13 1 207024128 207028224
188 1 82243072 82640384
415 1 257605120 258129408
415 1 258129408 258366976
708 1 323972608 323976704
72 1 238673920 238678016
1 1 581304320 581308416
72 1 238755840 238759936
60 1 645283840 645304320
10 1 85127168 85139456
50 1 371671040 371703808
10 1 75014144 75018240
6 1 375971840 376004608
102 1 60481536 60485632
3 1 62734336 62735360
3 1 62730240 62734336
5 1 495480832 495484928
5 1 495480832 495484928
0 1 446816256 446824448
2 1 14819328 14827520
0 1 447283200 447287296
5 1 495480832 495489024
52 1 34844672 34852864
2 1 195534848 195538944
3 1 155660288 155688960
8 1 287449088 287452160
1 1 409464832 409518080
1 1 409518080 409522176
56 1 372601856 372667392
2 1 329535488 329539584
1 1 572235776 572243968
14 1 15269888 15273984
157 1 101236736 101277696
157 1 101277696 101281792
0 1 78585856 78598144
14 1 15269888 15273984
157 1 101281792 101298176
157 1 101298176 101302272
0 1 179372032 179388416
85 1 251694592 251698688
89 1 310910464 310951424
15 1 659718144 659722240
85 1 195497472 195501568
285 1 436444672 436448768
4 1 548249600 548253696
85 1 195530240 195534336
44 1 317075456 317079552
35 1 624738304 624746496
0 1 641601536 641605632
17 1 299274240 299275264
66 1 235517952 235519488
25 1 489859072 489859584
1 1 224677888 224722944
0 1 130871296 130875392
9 1 41672704 41673216
3 1 619585536 619593728
26 1 230957056 230961152
6 1 488833024 488849408
6 1 488849408 488853504
9 1 41672704 41673216
3 1 619589632 619593728
26 1 230957056 230961152
39 1 253366272 253370368
29 1 359665664 359669760
6 1 488853504 488878080
20 1 445612544 446136832
2 1 208953344 208965632
2 1 208965632 208969728
2 1 181825536 181829632
20 1 446136832 446661120
7 1 567246848 567248896
0 1 204697600 204713984
0 1 17195008 17199104
1 1 603639808 603668480
0 1 441679872 441700352
17 1 360787968 360796160
0 1 112627712 112631808
15 1 518754304 518758400
41 1 299216896 299225088
41 1 299225088 299229184
0 1 112631808 112635904
17 1 360796160 360800256
0 1 421273600 421289984
0 1 441745408 441765888
7 1 280567808 280571904
0 1 421220352 421224448
0 1 421285888 421289984
7 1 280567808 280571904
0 1 421220352 421224448
34 1 308498432 308510720
0 1 421285888 421289984
0 1 76247040 76251136
7 1 280567808 280571904
28 1 190308352 190313472
22 1 471142400 471146496
89 1 294702592 295038464
44 1 317210624 317218816
89 1 310955520 311205376
89 1 336645632 337026560
89 1 271887872 271891968
44 1 316911616 316919808
34 1 552787968 552800256
35 1 624750592 624754688
0 1 201408512 201416704
17 1 16200192 16724480
5 1 604582400 604635136
23 1 343671296 343671808
8 1 22691840 22695936
71 1 409269248 409270272
12 1 175517696 175521792
13 1 176644096 176648192
17 1 299275264 299276288
3 1 375914496 375918592
0 1 426528768 426536960
10 1 311861248 311873536
0 1 451936256 451940352
2 1 24489984 24494080
25 1 377810944 377921536
14 1 658894848 658898944
0 1 514031616 514035712
36 1 299098624 299622912
15 1 290631680 290635776
0 1 513974272 513982464
1 1 57098240 57114624
36 1 299622912 299937792
36 1 300658688 300724224
36 1 299937792 300081664
3 1 613974016 613986304
1 1 191909888 191913984
3 1 613986304 613990400
36 1 300081664 300605952
0 1 42360832 42364928
4 1 299511808 299515904
1 1 428638208 428642304
4 1 299544576 299552768
4 1 572690432 572694528
0 1 48230400 48250880
1 1 581357568 581361664
285 1 419515904 419982848
47 1 268234752 268238848
1 1 596996096 597000192
1 1 581554176 581558272
72 1 238477312 238481408
1 1 581234688 581238784
1 1 597020672 597024768
25 1 452022272 452026368
41 1 366587904 366596096
1 1 568160256 568163840
1 1 511741952 511750144
0 1 70578176 70582272
48 1 558317568 558321664
48 1 558272512 558276608
708 1 325639680 325643776
415 1 258362880 258366976
46 1 565960704 565964800
28 1 381612032 381616128
4 1 400527360 400531456
37 1 203497472 203499008
46 1 517787648 517799936
6 1 376004608 376008704
40 1 85909504 85913088
31 1 623362048 623366144
36 1 636256256 636260352
59 1 282554368 282555904
10 1 85139456 85143552
4 1 19365888 19374080
2 1 103415808 103481344
0 1 641597440 641601536
2 1 107347968 107413504
0 1 641593344 641597440
41 1 313012224 313020416
2 1 107806720 107872256
41 1 313020416 313024512
0 1 551280640 551288832
0 1 258932736 258985984
70 1 372097024 372621312
70 1 372621312 373145600
24 1 310378496 310509568
70 1 373669888 373932032
0 1 551419904 551432192
70 1 373145600 373669888
24 1 66912256 66977792
24 1 325844992 326041600
1 1 102055936 102068224
3 1 448618496 449142784
3 1 449142784 449576960
0 1 42360832 42364928
0 1 200208384 200228864
4 1 20971520 21053440
0 1 42352640 42356736
70 1 268242944 268247040
0 1 528388096 528400384
1 1 368734208 368738816
3 1 513515520 513544192
26 1 420261888 420270080
26 1 420151296 420155392
26 1 420286464 420290560
45 1 156852224 156856320
14 1 39878656 39882752
31 1 387911680 387915776
1 1 597266432 597340160
44 1 316645376 316649472
596 1 523849216 524074496
20 1 257506816 257513984
748 1 298126848 298425856
15 1 663289856 663293952
596 1 523324928 523849216
31 1 112685056 112689152
8 1 18518016 18522112
51 1 319922176 319930368
28 1 377028608 377032704
708 1 324218368 324222464
28 1 380461056 380465152
13 1 54616064 54620160
52 1 227315712 227319808
46 1 562032640 562036736
4 1 400445440 400470016
0 1 131932160 131952640
64 1 373350400 373354496
12 1 617910272 617914368
72 1 181280768 181284864
64 1 373334016 373338112
12 1 617893888 617897984
18 1 606355456 606363648
1 1 98381824 98382336
147 1 306200064 306204160
72 1 208314368 208318464
10 1 189435904 189440000
0 1 151121920 151126016
7 1 43589632 43593728
1 1 263258112 263270400
1 1 54976512 55013376
3 1 489832448 489834496
0 1 421277696 421281792
19 1 605454336 605458432
0 1 119726080 119730176
11 1 625055744 625057280
46 1 517804032 517812224
7 1 386490368 386491904
59 1 78036992 78038528
6 1 69775360 69840896
36 1 281104384 281108480
4 1 453611520 453615616
0 1 468799488 468815872
21 1 128524288 129048576
66 1 235519488 235520512
4 1 304578560 304582656
2 1 603123712 603127808
157 1 505942016 505946112
13 1 176705536 176709632
25 1 489859584 489860608
2 1 161763328 161767424
71 1 409270272 409271296
0 1 441257984 441262080
9 1 179902464 179904000
17 1 299276288 299277312
0 1 387788800 387792896
3 1 184254464 184320000
31 1 375816192 375816704
3 1 185376768 185442304
3 1 185835520 185901056
25 1 13795328 13799424
3 1 186974208 187039744
34 1 283959296 283967488
43 1 167813120 167817216
45 1 599031808 599035904
21 1 430690304 430694400
25 1 14372864 14376960
3 1 187564032 187585024
7 1 277450752 277491712
3 1 187585024 187629568
2 1 554803200 554807296
7 1 277491712 277495808
0 1 17195008 17203200
23 1 222052352 222056448
23 1 222035968 222048256
2 1 110702592 110706688
0 1 268079104 268083200
91 1 644382720 644386816
4 1 400498688 400502784
0 1 655155200 655163392
1 1 8470528 8482816
4 1 400470016 400478208
41 1 349016064 349024256
91 1 644382720 644386816
103 1 46006272 46010368
4 1 400433152 400437248
4 1 400539648 400543744
41 1 349024256 349028352
91 1 644382720 644386816
0 1 446386176 446406656
8 1 42704896 42717184
5 1 605028352 605093888
0 1 485453824 485462016
47 1 593567744 593571840
47 1 593649664 593653760
47 1 593551360 593555456
17 1 16724480 17248768
47 1 593342464 593350656
2 1 220778496 220782592
79 1 528924160 528928256
9 1 37916672 37953536
39 1 405626880 405688320
2 1 220815360 220819456
1 1 392609792 392622080
3 1 557875200 557883392
103 1 175566336 175582720
103 1 175812096 175828480
103 1 175894016 175910400
141 1 558112256 558128640
0 1 444891136 444907520
103 1 174747136 174763520
5 1 433971200 433975296
0 1 333377536 333381632
0 1 155381760 155385856
9 1 27549696 27553792
0 1 215547904 215552000
5 1 495484928 495489024
8 1 287444992 287449088
2 1 196415488 196419584
7 1 209907712 209911808
3 1 155688960 155693056
2 1 192774144 192778240
2 1 206049280 206053376
5 1 495484928 495489024
2 1 206106624 206110720
2 1 250388480 250392576
5 1 495484928 495489024
15 1 665387008 665391104
34 1 552800256 552804352
31 1 400617472 400621568
11 1 435822592 435834880
4 1 548253696 548261888
20 1 257513984 257516544
0 1 25587712 25591808
0 1 646426624 646430720
0 1 642895872 642899968
7 1 411824128 411836416
396 1 499122176 499126272
420 1 669745152 669752320
9 1 47935488 47968256
43 1 666853376 666869760
0 1 421257216 421265408
672 1 181846016 181850112
2 1 252399616 252407808
5 1 630018048 630026240
672 1 181846016 181850112
2 1 519659520 519663616
2 1 252407808 252411904
0 1 641601536 641605632
3 1 535511040 535515136
0 1 421326848 421330944
672 1 181846016 181850112
2 1 260829184 261009408
672 1 181846016 181850112
2 1 252411904 252420096
2 1 569384960 569442304
2 1 252420096 252424192
0 1 421208064 421212160
5 1 108118016 108119040
2 1 545726464 546164736
2 1 546750464 546766848
2 1 546242560 546258944
2 1 24494080 24502272
0 1 421216256 421228544
1 1 23773184 23777280
0 1 426450944 426455040
0 1 426508288 426516480
66 1 96415744 96419840
72 1 238690304 238694400
41 1 366596096 366600192
50 1 122036224 122040320
0 1 74743808 74772480
27 1 22728704 22753280
799 1 524639744 524643840
27 1 22753280 22769664
0 1 109494272 109498368
1 1 98382336 98382848
799 1 524643840 524680704
17 1 205103104 205111296
11 1 560484352 560488448
18 1 507199488 507200000
1 1 98382848 98386944
799 1 524680704 524684800
4 1 400531456 400539648
1 1 362733568 362741760
1 1 362770432 362778624
45 1 635174912 635179008
46 1 367124480 367126528
8 1 318906368 318910464
0 1 549904384 549912576
36 1 123695104 123699200
0 1 550043648 550055936
66 1 524730368 524734464
4 1 568651776 568664064
4 1 568664064 568668160
7 1 531566592 531570688
7 1 472616960 472621056
6 1 451596288 451633152
6 1 451633152 451637248
17 1 166486016 166494208
1 1 615239680 615242752
2 1 631115776 631117312
17 1 166543360 166600704
59 1 467419136 467423232
17 1 252608512 252637184
262 1 322514432 323038720
0 1 132255744 132268032
262 1 323038720 323513856
17 1 251998720 252494336
0 1 132268032 132272128
3 1 571502592 571506688
0 1 132272128 132280320
17 1 252494336 252608512
60 1 327409664 327421952
60 1 327778304 327782400
60 1 332169216 332218368
36 1 283049984 283054080
10 1 75010048 75014144
0 1 128770048 128786432
3 1 649388032 649396224
50 1 371671040 371675136
60 1 643596288 643600384
38 1 49405952 49410048
6 1 376008704 376016896
0 1 59211776 59215872
36 1 284909568 284913664
2 1 148307968 148373504
35 1 238157824 238223360
2 1 308785152 308789248
6 1 52371456 52372992
6 1 55447552 55451648
2 1 148832256 148897792
2 1 308887552 308895744
2 1 161546240 161611776
103 1 167890432 167906816
103 1 181603840 181620224
103 1 175828480 175844864
103 1 167923200 167939584
103 1 182160896 182177280
103 1 180850176 180866560
103 1 173780480 173796864
103 1 181046784 181063168
4 1 561057792 561070080
103 1 171544064 171560448
9 1 37953536 37957632
103 1 179994112 180010496
103 1 171462144 171478528
103 1 172895744 172912128
103 1 178077184 178093568
113 1 525147648 525164032
103 1 182291968 182308352
103 1 182308352 182324736
38 1 378892288 379416576
2 1 635740160 635744256
697 1 400368640 400369152
7 1 246476800 246505472
697 1 400369152 400369664
47 1 593469440 593473536
5 1 605945856 606011392
2 1 546091008 546111488
0 1 563773440 563793920
5 1 606470144 606477824
2 1 546177024 546193408
13 1 580153344 580157440
156 1 7630848 7634944
156 1 516038656 516042752
156 1 328777728 328781824
1 1 65961984 65966080
10 1 21348352 21352448
1 1 65966080 65970176
0 1 438272 458752
0 1 421277696 421281792
24 1 309329920 309854208
63 1 38600704 38666240
24 1 309854208 310378496
0 1 421216256 421220352
24 1 67371008 67436544
70 1 371900416 372031488
0 1 426815488 426819584
6 1 98885632 98888704
25 1 489860608 489861632
66 1 235520512 235521536
35 1 508379136 508391424
4 1 453615616 453623808
0 1 421208064 421212160
1 1 245239808 245248000
21 1 130088960 130101248
2 1 45580288 45592576
76 1 288567296 288571392
0 1 468504576 468516864
2 1 24502272 24506368
10 1 244350976 244352512
1 1 23822336 23830528
10 1 244387840 244391936
4 1 248651776 248709120
0 1 605720576 605724672
1 1 284225536 284229632
4 1 439476224 439582720
1 1 55013376 55017472
0 1 513245184 513249280
19 1 605597696 605601792
4 1 387317760 387321856
0 1 513261568 513265664
4 1 400490496 400494592
19 1 606375936 606380032
4 1 387321856 387325952
70 1 507555840 507752448
62 1 624791552 625205248
72 1 237657600 237956608
72 1 237133312 237657600
198 1 405929472 405958144
198 1 405958144 405962240
2 1 161939456 162004992
1 1 597340160 597344256
799 1 492285440 492436992
24 1 500338688 500342784
0 1 387723264 387727360
0 1 526290944 526311424
34 1 552808448 552820736
20 1 257516544 257518592
799 1 492436992 492441088
4 1 548261888 548265984
180 1 30899712 30903808
180 1 1097216 1101312
9 1 655302656 655360000
10 1 354680832 354746368
10 1 355074048 355205120
10 1 355598336 355663872
10 1 355794944 355860480
10 1 355991552 356057088
10 1 356777984 356843520
40 1 491708416 491712512
10 1 390070272 390332416
11 1 18284544 18808832
11 1 18808832 19333120
11 1 19333120 19857408
2 1 546299904 546308096
2 1 546643968 546680832
2 1 546328576 546353152
4 1 336084992 336086016
1 1 572243968 572248064
2 1 329535488 329547776
8 1 276082688 276086784
1 1 572248064 572256256
5 1 275013632 275018752
6 1 425126912 425127936
8 1 274386944 274391040
1 1 572256256 572260352
41 1 350814208 350822400
6 1 425127936 425128448
2 1 329539584 329543680
41 1 350822400 350826496
1 1 572260352 572268544
10 1 37744640 37748736
1 1 98386944 98390016
1 1 618164224 618165248
425 1 396672512 396676608
427 1 530599424 530648576
427 1 531664384 531668480
428 1 26578432 26627584
425 1 396676608 396787200
1 1 618165248 618169344
427 1 531668480 531697152
428 1 25988608 26054144
427 1 468569600 468651520
428 1 26660352 26676736
17 1 235667456 235671552
1 1 67772416 67776512
3 1 613670912 613695488
0 1 421220352 421224448
0 1 421285888 421289984
7 1 280567808 280571904
0 1 421220352 421224448
0 1 523710464 523730944
0 1 421285888 421294080
71 1 68104192 68108288
7 1 280567808 280571904
6 1 120164352 120168448
36 1 285368320 285372416
10 1 85143552 85155840
6 1 376016896 376020992
3 1 614264832 614268928
10 1 75014144 75018240
0 1 292786176 292790272
13 1 535101440 535113728
13 1 626028544 626032640
13 1 567140352 567144448
13 1 626102272 626106368
70 1 394174464 394371072
24 1 276758528 276824064
70 1 403177472 403308544
24 1 67502080 67633152
70 1 393125888 393650176
70 1 393650176 394174464
121 1 268435456 268439552
121 1 351473664 351477760
70 1 402653184 403177472
70 1 406781952 406855680
49 1 96088064 96092160
0 1 123179008 123183104
19 1 31010816 31014912
34 1 424235008 424239104
89 1 136994304 136998400
39 1 28721152 29245440
148 1 7683584 7691776
4 1 561070080 561074176
0 1 123174912 123179008
9 1 37986304 37990400
9 1 37957632 37961728
156 1 328761344 328765440
268 1 331603968 331608064
156 1 516067328 516071424
156 1 516079616 516083712
4 1 645705728 645709824
0 1 485515264 485523456
17 1 17248768 17342464
17 1 17891328 17907712
17 1 17641472 17695232
47 1 379744256 379752448
51 1 618311680 618319872
5 1 526213120 526217216
4 1 655294464 655323136
4 1 671047680 671051776
3 1 198172672 198180864
1 1 7270400 7282688
400 1 29287936 29318656
1 1 7282688 7286784
41 1 351502336 351510528
4 1 136683520 136687616
3 1 198180864 198184960
41 1 351510528 351514624
0 1 665735168 665739264
5 1 485974016 485982208
0 1 665731072 665735168
0 1 441896960 441909248
0 1 442302464 442306560
0 1 421212160 421224448
2 1 418734080 418775040
0 1 166752256 166756352
17 1 344141824 344150016
17 1 344150016 344154112
19 1 523345920 523378688
4 1 290704896 290708992
4 1 416481280 416485376
4 1 290704896 290708992
4 1 403050496 403054592
4 1 403042304 403046400
3 1 339800064 339804160
0 1 173072384 173073408
4 1 290704896 290708992
4 1 290704896 290708992
71 1 409271296 409272320
2 1 603127808 603136000
0 1 42983424 42987520
332 1 399020032 399024128
25 1 489861632 489862656
66 1 235521536 235522560
4 1 387317760 387321856
21 1 129048576 129560576
0 1 641597440 641601536
63 1 517001216 517006848
17 1 252637184 253047296
628 1 637726208 637730304
708 1 563215872 563219968
252 1 236559872 236563968
708 1 446815744 446819840
627 1 446062080 446066176
232 1 3923456 4021760
708 1 446848512 446852608
628 1 637910528 637914624
232 1 3919360 3923456
252 1 236736000 236772864
252 1 236563968 236736000
0 1 132280320 132284416
251 1 599195136 599260672
262 1 241561088 241577472
232 1 4025856 4324864
602 1 565202432 565550592
264 1 69058048 69205504
602 1 565149184 565198336
0 1 426516480 426520576
179 1 664174080 664178176
27 1 591953920 591958016
34 1 552820736 552824832
595 1 603573760 603577856
595 1 603655680 603688448
595 1 603704832 603721216
595 1 603577856 603622912
31 1 520695808 520699904
595 1 603737600 603741696
7 1 411832320 411836416
7 1 411832320 411836416
8 1 310235136 310267904
0 1 48250880 48263168
7 1 411832320 411836416
0 1 78598144 78610432
0 1 13049856 13062144
2 1 53776384 53796864
0 1 8855552 8867840
0 1 468455424 468459520
3 1 89223168 89227264
4 1 400474112 400478208
41 1 330207232 330215424
41 1 400404480 400412672
0 1 497242112 497246208
41 1 330215424 330219520
0 1 82497536 82513920
41 1 400412672 400416768
103 1 46006272 46010368
0 1 497184768 497192960
0 1 59269120 59277312
2 1 403353600 403357184
4 1 400502784 400506880
14 1 539627520 539643904
91 1 644382720 644386816
4 1 400539648 400543744
0 1 497246208 497250304
4 1 265515008 265523200
69 1 530055168 530059264
1 1 229179392 229244928
0 1 426516480 426520576
2 1 106487808 106553344
57 1 243306496 243310592
57 1 232083456 232148992
57 1 234172416 234237952
2 1 250437632 250441728
7 1 71200256 71204352
2 1 250605568 250609664
13 1 610230272 610234368
9 1 271171584 271175680
5 1 495484928 495497216
5 1 495489024 495493120
2 1 204734464 204800000
0 1 513273856 513277952
19 1 606769152 606773248
11 1 625056768 625057792
422 1 50507776 50511872
797 1 90345472 90357760
797 1 90357760 90361856
802 1 314839040 314843136
797 1 90361856 90370048
797 1 90370048 90374144
422 1 50507776 50511872
797 1 90374144 90382336
797 1 90382336 90386432
802 1 314839040 314843136
0 1 550436864 550453248
797 1 90386432 90394624
0 1 421289984 421298176
797 1 90394624 90398720
6 1 367591424 367595520
595 1 603741696 603852288
595 1 604245504 604261888
595 1 604573184 604622336
595 1 604065280 604229120
595 1 604425728 604442112
595 2 603934208 603979776 603979776 604016128
595 1 604294656 604343808
7 1 531496960 531501056
3 1 590536704 590540800
20 1 257518592 257520640
3 1 590618624 590622720
4 1 539557888 539561984
16 1 4808704 4812800
707 1 460447232 460451328
708 1 105324032 105328128
708 1 105291264 105295360
633 1 391159296 391163392
707 1 480755200 480759296
708 1 324218368 324222464
707 1 473460224 473464320
708 1 325639680 325643776
708 1 325606912 325611008
708 1 323972608 323976704
415 1 258362880 258366976
4 1 400470016 400486400
0 1 421273600 421277696
799 1 524684800 524819968
0 1 421203968 421208064
799 1 524819968 524824064
1 1 605356032 605356544
0 1 20480 24576
0 1 0 4096
70 1 406257664 406781952
110 1 388804608 388812800
73 1 507314176 507379712
24 1 69730304 69861376
70 1 384671744 384737280
63 1 41353216 41418752
80 1 215216128 215228416
24 1 69926912 69992448
63 1 509132800 509136896
332 1 399020032 399024128
2 1 603136000 603140096
25 1 489862656 489863680
0 1 421273600 421277696
4 1 453623808 453627904
0 1 468815872 468828160
0 1 441262080 441274368
35 1 508383232 508387328
0 1 426450944 426455040
0 1 526589952 526606336
36 1 300605952 300658688
36 1 301772800 302244352
1 1 57114624 57135104
41 1 392630272 392638464
0 1 514043904 514048000
36 1 302244352 302297088
0 1 526606336 526626816
36 1 302821376 302886912
0 1 426516480 426520576
36 1 303083520 303149056
0 1 64749568 64765952
41 1 392638464 392642560
4 1 549089280 549093376
6 1 4898816 4902912
22 1 471183360 471187456
0 1 292556800 292560896
28 1 190320640 190325760
6 1 376020992 376029184
0 1 522850304 522854400
6 1 376029184 376033280
10 1 85155840 85159936
5 1 495489024 495493120
2 1 205193216 205258752
4 1 385646592 385650688
0 1 387751936 387756032
2 1 284303360 284311552
0 1 387817472 387829760
2 1 284311552 284315648
1 1 90398720 90415104
0 1 525103104 525111296
4 1 385646592 385650688
2 1 284315648 284323840
2 1 284323840 284327936
4 1 385646592 385650688
2 1 284327936 284336128
2 1 284336128 284340224
4 1 385646592 385650688
157 1 81485824 81502208
26 1 420290560 420352000
38 1 28950528 28954624
28 1 239628288 239632384
2 1 173187072 173219840
45 1 157110272 157114368
24 1 255721472 255787008
2 1 173219840 173223936
0 1 523816960 523829248
0 1 421277696 421281792
41 1 317976576 318001152
0 1 120086528 120090624
41 1 318001152 318005248
41 1 348241920 348250112
39 1 153649152 153652736
41 1 348250112 348254208
39 1 151023616 151027712
39 1 151146496 151150592
5 1 7684096 7696384
3 1 144977920 144982016
0 1 644853760 644857856
79 1 528928256 528961024
0 1 444907520 444923904
89 1 136994304 136998400
3 1 557879296 557891584
24 1 490160128 490172416
0 1 445579264 445583360
18 1 44797952 44830720
9 1 37990400 37994496
79 1 528961024 528965120
0 1 109801472 109805568
6 1 488878080 488882176
3 1 619589632 619593728
29 1 359669760 359673856
26 1 230957056 230961152
0 1 426545152 426557440
38 1 199655424 199786496
6 1 488882176 488923136
3 1 454832128 454836224
6 1 488923136 488927232
0 1 426487808 426491904
0 1 426553344 426557440
3 1 619589632 619593728
26 1 230957056 230961152
3 1 454832128 454836224
6 1 488927232 488955904
2 1 546193408 546197504
17 1 17342464 17637376
0 1 485462016 485466112
4 1 655323136 655327232
4 1 645672960 645677056
13 1 580153344 580157440
41 1 399220736 399228928
17 1 17760768 17891328
0 1 485519360 485523456
41 1 399228928 399233024
17 1 17907712 18301440
24 1 552710144 552710656
262 1 551734784 551767552
263 1 299027968 299224576
628 1 637910528 637914624
251 1 599752192 599817728
262 1 241282560 241495552
252 1 236772864 236973568
232 1 4324864 4705792
627 1 439815680 439819776
1 1 260603904 260632576
602 1 429391360 429440512
41 1 318885888 318889984
41 1 318877696 318881792
264 1 68779520 69058048
602 1 429444608 429780480
628 1 637726208 637730304
65 1 389910528 389918720
41 1 318889984 318894080
627 1 446062080 446066176
252 1 236969472 236973568
5 1 328265728 328269824
21 1 487374848 487383040
2 1 43040768 43089920
42 1 630558720 630562816
2 1 43089920 43094016
27 1 167817216 167821312
57 1 234872832 234876928
57 1 234881024 234942464
0 1 426450944 426455040
1 1 284225536 284229632
11 1 468795392 468828160
0 1 426516480 426520576
26 1 65773568 65777664
26 1 65761280 65765376
17 1 345133056 345137152
9 1 236277760 236281856
4 1 548265984 548274176
34 1 552824832 552837120
9 1 473026048 473042432
9 1 472612352 472628736
31 1 526798848 526802944
9 1 473124352 473173504
89 1 337026560 337030656
596 1 524070400 524074496
32 1 249516032 249520128
4 1 548274176 548278272
49 1 543129600 543145984
49 1 552640512 552689664
49 1 633667584 633683968
49 1 392208384 392224768
18 1 617373696 617390080
19 1 135016448 135032832
21 1 527896576 527945728
3 1 171732992 171737088
2 1 252424192 252432384
0 1 421273600 421281792
2 1 252432384 252436480
0 1 421212160 421216256
3 1 171732992 171737088
0 1 421277696 421281792
2 1 519659520 519663616
3 1 535511040 535515136
0 1 421212160 421216256
0 1 421277696 421289984
18 1 445235712 445760000
18 1 445760000 446284288
18 1 446284288 446427136
18 1 446431232 446709760
18 1 447496192 447561728
18 1 446709760 446747136
4 1 404025344 404033536
4 1 397152256 397156352
4 1 397139968 397144064
18 1 446747136 447271424
18 1 447271424 447496192
18 1 536903680 536949248
1 1 448442368 448450560
18 1 536682496 536870912
0 1 458756096 458760192
41 1 357134336 357142528
19 1 607195136 607199232
1 1 263266304 263270400
230 1 4550656 4567040
2 1 548843520 548995072
2 1 571146240 571596800
0 1 469155840 469164032
4 1 453627904 453632000
2 1 603140096 603148288
1 1 245248000 245260288
2 1 161763328 161767424
0 1 42979328 42983424
0 1 426749952 426754048
7 1 440303616 440827904
4 1 561074176 561082368
0 1 217321472 217337856
7 1 198668288 198672384
103 1 662232576 662236672
0 1 123179008 123183104
0 1 433688576 433692672
20 1 243220480 243744768
0 1 433303552 433307648
30 1 222461952 222466048
0 1 432939008 432943104
30 1 222453760 222457856
0 1 434057216 434061312
51 1 421978112 421982208
11 1 19857408 20381696
11 1 20381696 20905984
11 1 21430272 21688320
11 1 20905984 21430272
11 1 21688320 21692416
11 1 21688320 21692416
0 1 287170560 287174656
25 1 437362688 437366784
0 1 426450944 426459136
1 1 287498240 287500800
9 1 404226048 404291584
25 1 437612544 437616640
0 1 39489536 39493632
0 1 276430848 276496384
12 1 365694976 365699072
3 1 556212224 556220416
7 1 246505472 246509568
8 1 475250688 475251712
80 1 453369856 453378048
74 1 329256960 329261056
62 1 562368512 562372608
35 1 255500288 255508480
62 1 565579776 565583872
2 1 74444800 74485760
2 1 74485760 74489856
0 1 469835776 469839872
0 1 270979072 270983168
1 1 50302976 50307072
230 1 5074944 5091328
265 1 606781440 606797824
265 1 606601216 606617600
265 1 606568448 606584832
11 1 501526528 501559296
0 1 463630336 463634432
11 1 501624832 501657600
11 1 501575680 501608448
1 1 571277312 571342848
41 1 357142528 357146624
301 1 320364032 320380416
284 1 224493056 224497152
0 1 287961088 287977472
0 1 265809920 265826304
188 1 45363200 45379584
260 1 206155776 206172160
4 1 387317760 387321856
260 1 206450688 206467072
0 1 112795648 112803840
191 1 441167872 441184256
260 1 206532608 206548992
0 1 339968 344064
2 1 634810368 634814464
5 1 495489024 495493120
6 1 369606656 369611264
4 1 131485696 131489792
41 1 637112320 637116416
22 1 213581824 213590016
20 1 446661120 447185408
1 1 627130368 627163136
0 1 65482752 65486848
20 1 447185408 447709696
41 1 288923648 288931840
41 1 288931840 288935936
20 1 447709696 448233984
3 1 91369472 91373568
397 1 81608704 81633280
4 1 493758464 493758976
397 1 81633280 81637376
0 1 13127680 13135872
20 1 448233984 448758272
4 1 493758464 493759488
20 1 448758272 448848384
0 1 13066240 13070336
7 1 637796864 637797376
1 1 67776512 67780608
305 1 550731264 550747648
316 1 458796544 458800640
198 1 430919168 430956032
1 1 605564928 605569024
1 1 605360128 605364224
14 1 105095168 105099264
0 1 444899328 444919808
0 1 426516480 426520576
198 1 430956032 430960128
2 1 205651968 205717504
1 1 12169216 12181504
2 1 106553344 106557440
1 1 150777856 150781952
0 1 145014784 145018880
0 1 149344256 149348352
3 1 427315200 427319296
0 1 149217280 149221376
3 1 607436800 607440896
3 1 555941888 555945984
0 1 149241856 149245952
0 1 640212992 640217088
0 1 640221184 640225280
14 1 229011456 229138432
11 1 425324544 425325568
17 1 449986560 449990656
462 1 21635072 21639168
0 1 293851136 293855232
10 1 75010048 75014144
50 1 371703808 371736576
61 1 133877760 133898240
61 1 134008832 134012928
0 1 485445632 485449728
14 1 539684864 539688960
14 1 539643904 539656192
103 1 46006272 46010368
15 1 479625216 479629312
4 1 400437248 400441344
0 1 82513920 82534400
0 1 548069376 548072448
14 1 47427584 47431680
9 1 127586304 127594496
9 1 277680128 277684224
91 1 644382720 644386816
8 1 262671872 262675968
9 1 103276544 103280640
17 1 401047552 401055744
17 1 401055744 401059840
1 1 385601536 385605632
6 1 381739008 381743104
1 1 563376128 563380224
1 1 136130560 136142848
0 1 421224448 421228544
0 1 421289984 421294080
7 1 280567808 280571904
0 1 421224448 421228544
1 1 289710080 289711104
0 1 523730944 523743232
0 1 421273600 421277696
9 1 592928768 592949248
59 1 25620480 25640960
22 1 669528064 669530624
7 1 340750336 340753408
18 1 154423296 154425344
23 1 4669440 4673536
12 1 470728704 470731776
26 1 511754240 511756800
0 1 485462016 485466112
8 1 38928384 38940672
0 1 563793920 563806208
0 1 421273600 421281792
34 1 552837120 552841216
85 1 194977280 194981376
0 1 526311424 526319616
89 1 311205376 311209472
73 1 29814272 29818368
89 1 295038464 295042560
748 1 298421760 298769920
85 1 200031744 200035840
1 1 509677568 509681664
85 1 199998976 200003072
596 1 524074496 524078592
73 1 95596032 95600128
16 1 15884288 15888384
8 1 18538496 18558976
4 1 334586880 334587904
1 1 572268544 572272640
0 1 421216256 421224448
60 1 159916032 159924224
60 1 162721792 162725888
77 1 211288064 211292160
77 1 211243008 211251200
40 1 403730432 403734528
24 1 521773056 521785344
4 1 423723008 423845888
0 1 511897600 511901696
29 1 466103808 466105344
4 1 423845888 423849984
80 1 215228416 215232512
24 1 78184448 78249984
74 1 280690688 280756224
24 1 260964352 261488640
5 1 605347840 605351936
24 1 262012928 262537216
24 1 261488640 262012928
24 1 262537216 263061504
0 1 544518144 544526336
5 1 182054912 182059008
5 1 590180352 590184448
1 1 406036480 406040576
14 1 281153536 281157632
0 1 196608 200704
1 1 75788288 75792384
0 1 116850688 116854784
1 1 222478336 222482432
1 1 74141696 74145792
15 1 244142080 244146176
19 1 610160640 610164736
0 1 458764288 458772480
4 1 400424960 400433152
17 1 329400320 329408512
4 1 509067264 509075456
0 1 550248448 550252544
0 1 120258560 120262656
6 1 376033280 376066048
412 1 667520512 668044800
46 1 18337792 18341888
61 1 127655936 127660032
60 1 116162560 116166656
45 1 67407872 67411968
21 1 129560576 130019328
2 1 603148288 603152384
0 1 421208064 421216256
0 1 641601536 641605632
0 1 42983424 42987520
35 1 508383232 508387328
0 1 641597440 641601536
0 1 94076928 94081024
2 1 374890496 374894592
0 1 92655616 92659712
1 1 150843392 150847488
2 1 374759424 374763520
0 1 93331456 93335552
0 1 408002560 408027136
0 1 426450944 426455040
31 1 132120576 132132864
0 1 155729920 155746304
0 1 556597248 556605440
0 1 9121792 9125888
614 1 168717824 169242112
0 1 80719872 80723968
614 1 169242112 169659904
9 1 355303424 355307008
191 1 453017088 453021184
70 1 117095936 117100032
18 1 537014784 537174016
0 1 80715776 80719872
191 1 453021184 453066240
54 1 404971008 404975104
118 1 343031296 343035392
60 1 404807168 404815360
118 1 405597696 405601792
118 1 344296960 344301056
56 1 489864704 489868800
54 1 556596736 556600832
54 1 542359040 542363136
70 1 126197248 126201344
18 1 540983296 541114368
60 1 360766976 360775168
2 1 546611200 546623488
2 1 625217536 625344512
48 1 472915968 472920064
2 1 460324864 460337152
48 1 472850432 472854528
2 1 206372864 206438400
0 1 295231488 295235584
10 1 85159936 85172224
0 1 175005696 175022080
412 1 668569088 669072896
2 1 64552960 64626688
412 1 668044800 668569088
412 1 669597184 669703680
0 1 229523456 229527552
0 1 266100736 266104832
412 1 669072896 669597184
6 1 376066048 376070144
748 1 299294208 299552256
73 1 29814272 29818368
41 1 373182464 373190656
19 1 65064960 65069056
34 1 552841216 552853504
748 1 298769920 299294208
0 1 526778368 526782464
24 1 514400256 514404352
1 1 509685760 509689856
1 1 569708544 569712640
68 1 501440512 501448704
19 1 65077248 65081344
41 1 373190656 373194752
4 1 548278272 548311040
473 1 233692672 233696768
367 1 269536768 269540864
19 1 610746368 610750464
237 1 15289856 15330816
397 1 61070848 61074944
4 1 221982720 222007296
0 1 458776576 458784768
43 1 292712448 292716544
397 1 61074944 61201920
11 1 625057280 625058816
4 1 561082368 561086464
103 1 168857088 168889856
1 1 392622080 392630272
9 1 37994496 38002688
0 1 123174912 123179008
114 1 345943552 345955840
103 1 180321792 180338176
114 1 345841152 345845248
13 1 218808320 218820608
20 1 244469760 244994048
38 1 523714560 523816960
13 1 12328960 12378112
13 1 501415936 501420032
1 1 296878080 296882176
4 1 1933312 1941504
18 1 448417792 448421888
21 1 295841792 295845888
8 1 39337984 39354368
17 1 18301440 18825728
29 1 573059072 573063168
0 1 485519360 485523456
1 1 69046272 69050368
0 1 634170880 634174976
0 1 634170880 634174976
0 1 105041920 105046016
2 1 592637952 592638976
0 1 188600320 188604416
1 1 259682304 259686400
3 1 382427136 382431232
0 1 78180352 78184448
4 1 597024768 597028864
0 1 76820480 76828672
4 1 189120512 189124608
1 1 293552128 293556224
0 1 545636352 545652736
0 1 545783808 545787904
0 1 325578752 325582848
799 1 424422912 424427008
17 1 253047296 253571584
799 1 424427008 424578560
799 1 424578560 424582656
1 1 642686976 642695168
1 1 582500352 582508544
11 1 501755904 501760000
1 1 78221312 78225408
64 1 467017728 467025920
1 1 396492800 396509184
17 1 253571584 254095872
63 1 42549248 42582016
38 1 134250496 134275072
38 1 134176768 134217728
1 1 249298944 249339904
48 1 510930944 510996480
63 1 533385216 533450752
103 1 46006272 46010368
0 1 446406656 446418944
4 1 400474112 400478208
9 1 127590400 127594496
4 1 400502784 400506880
0 1 426516480 426520576
1 1 608612352 608649216
1 1 608649216 608653312
91 1 644382720 644386816
4 1 400539648 400543744
103 1 46006272 46010368
2 1 646967296 646975488
3 1 111144960 111181824
1 1 235782144 235810816
0 1 207024128 207024640
1 1 67772416 67776512
17 1 235667456 235671552
0 1 437305344 437321728
4 1 443998208 444076032
1 1 605356032 605356544
77 1 469389312 469405696
4 1 400490496 400494592
1 1 67776512 67780608
0 1 426516480 426520576
0 1 444899328 444919808
5 1 52592640 52625408
41 1 352305152 352313344
5 1 56164352 56213504
0 1 387788800 387792896
0 1 425975808 425996288
0 1 387715072 387719168
0 1 397410304 397414400
43 1 442961920 442966016
43 1 565694464 565702656
46 1 196927488 196943872
15 1 297205760 297271296
0 1 576036864 576053248
4 1 443867136 443871232
357 1 151952896 151956992
738 1 140074496 140078592
356 1 653467136 653471232
738 1 139955712 139959808
0 1 101093376 101105664
102 1 60481536 60485632
50 1 371703808 371707904
495 1 638057984 638062080
5 1 495489024 495493120
5 1 495489024 495497216
0 1 447250432 447270912
5 1 495493120 495497216
21 1 130084864 130088960
1 1 338083840 338087936
11 1 495357952 495386624
2 1 603152384 603164672
28 1 361611264 361615360
2 1 456396800 456421376
41 1 338583552 338591744
0 1 201121280 201137664
0 1 201137664 201141760
3 1 482274816 482278912
0 1 17190912 17195008
0 1 112627712 112631808
15 1 518754304 518758400
0 1 112631808 112635904
0 1 112627712 112631808
15 1 518754304 518758400
0 1 112631808 112635904
0 1 112627712 112631808
15 1 518754304 518758400
0 1 112631808 112635904
1 1 213917696 213921792
46 1 446742528 446746624
23 1 88174592 88186880
23 1 88190976 88195072
1 1 49790976 49795072
46 1 516927488 516931584
0 1 224428032 224432128
1 1 45109248 45113344
0 1 176349184 176353280
29 1 41771008 41775104
1 1 49725440 49729536
1 1 39366656 39378944
1 1 39440384 39444480
85 1 200031744 200035840
799 1 492441088 492445184
0 1 101609472 101613568
34 1 552853504 552857600
799 1 492445184 492518912
596 1 524074496 524078592
21 1 571408384 571412480
4 1 548311040 548315136
2 1 592310272 592314368
2 1 206831616 206897152
2 1 460337152 460341248
2 1 207355904 207421440
1 1 146739200 146742272
0 1 426520576 426524672
0 1 426455040 426459136
60 1 27947008 27951104
1 1 209129472 209137664
0 1 426520576 426524672
0 1 448626688 448634880
7 1 327720960 327729152
0 1 426455040 426459136
0 1 426520576 426524672
3 1 565276672 565280768
0 1 426455040 426459136
7 1 321286144 321294336
4 1 402006016 402010112
0 1 426520576 426528768
6 1 365408256 365412352
2 1 625475584 625819648
2 1 545714176 545722368
2 1 625946624 625958912
2 1 625995776 626003968
1 1 313864192 313901056
1 1 313901056 313905152
0 1 644657152 644661248
0 1 643039232 643039744
0 1 643039744 643040256
0 1 643040256 643044352
0 1 643044352 643048448
0 1 641597440 641601536
0 1 531951616 531955712
0 1 503574016 503578112
0 1 644661248 644661760
0 1 641601536 641605632
0 1 644665344 644669440
0 1 644673536 644677632
0 1 641597440 641601536
0 1 644661248 644661760
0 1 641601536 641605632
0 1 643661824 643662336
4 1 400437248 400441344
5 1 169717760 169725952
120 1 270577152 270581248
54 1 522612224 522616320
69 1 595332608 595336704
118 1 404819456 404823552
665 1 19914240 20291072
191 1 453070336 453398016
842 1 117546496 117550592
839 1 151035392 151039488
41 1 330924032 330932224
54 1 542363136 542367232
191 1 437308928 437382656
191 1 494960128 495009280
191 1 419954176 420003328
665 1 20291072 20815360
970 1 436227584 436231680
5 1 7528448 7532544
56 1 489868800 489872896
109 1 536014848 536018432
665 1 20815360 21319168
54 1 534580736 534584832
41 1 297656320 297664512
41 1 297664512 297668608
14 1 255082496 255086592
13 1 251383808 251392000
69 1 421773312 421777408
0 1 441397248 441417728
1 1 90415104 90419200
2 1 284340224 284348416
1 1 90636288 90640384
1 1 91029504 91041792
157 1 81502208 81506304
2 1 284348416 284352512
0 1 525049856 525053952
4 1 385646592 385650688
3 1 181415936 181420032
2 1 284352512 284360704
2 1 284360704 284364800
4 1 385646592 385650688
2 1 284364800 284372992
2 1 284372992 284377088
10 1 217333760 217337856
1 1 462258176 462262272
0 1 441139200 441155584
0 1 421212160 421224448
0 1 193892352 193900544
0 1 421281792 421294080
0 1 421273600 421277696
0 1 194035712 194039808
9 1 38002688 38006784
0 1 445005824 445014016
89 1 136994304 136998400
0 1 444968960 444973056
0 1 93024256 93032448
38 1 523821056 524238848
0 1 421273600 421281792
0 1 426516480 426520576
19 1 610754560 610758656
397 1 61201920 61206016
237 1 15330816 15334912
1 1 229150720 229152256
44 1 156278784 156286976
41 1 352239616 352247808
41 1 365789184 365797376
0 1 421273600 421294080
465 1 233398272 233402368
465 1 113545216 113549312
237 1 7819264 7839744
17 1 341258240 341260800
237 1 7839744 7946240
237 1 7946240 7950336
14 1 229134336 229138432
237 1 7950336 7962624
237 1 7962624 7966720
19 1 339417088 339482624
102 1 140676608 140697088
1 1 628670464 628674560
2 1 9236480 9240576
2 1 47267840 47271936
4 1 276647936 276652032
2 1 147554304 147562496
41 1 352313344 352317440
16 1 157470720 157478912
5 1 495493120 495497216
3 1 475443200 475447296
0 1 537219072 537223168
5 1 171511808 171520000
91 1 644382720 644390912
9 1 593104896 593118208
2 1 612503552 612511744
42 1 463163392 463167488
30 1 396312576 396316672
2 1 612511744 612515840
0 1 387829760 387833856
41 1 317083648 317091840
1 1 249339904 249344000
32 1 404893696 404905984
10 1 115900416 115916800
35 1 258596864 258600960
0 1 126472192 126480384
71 1 591798272 591806464
66 1 537821184 537825280
35 1 261722112 261726208
2 1 59535360 59580416
17 1 254095872 254362112
33 1 394055680 394072064
77 1 644845568 644874240
41 1 317091840 317095936
77 1 606642176 606646272
78 1 54239232 54280192
0 1 185593856 185618432
0 1 34037760 34041856
31 1 132128768 132141056
0 1 9187328 9191424
0 1 426516480 426520576
34 1 149377024 149381120
0 1 33968128 33972224
0 1 9121792 9125888
0 1 444817408 444837888
0 1 426516480 426528768
0 1 9187328 9191424
14 1 565757952 565758464
0 1 426450944 426463232
4 1 400424960 400433152
0 1 444919808 444923904
41 1 306532352 306540544
15 1 148897792 148901888
14 1 611389440 611397632
0 1 445841408 445849600
7 1 550903808 550936576
41 1 306540544 306544640
4 1 400494592 400498688
0 1 426450944 426455040
41 1 318693376 318701568
2 1 128266240 128274432
0 1 77783040 77787136
230 1 409443840 409447936
230 1 409136640 409140736
230 1 409361920 409366016
230 1 409865728 409869824
230 1 409882112 409886208
230 1 410000896 410004992
230 1 410131968 410136064
230 1 410242560 410246656
230 1 410267136 410271232
230 1 411213312 411217408
4 1 290704896 290713088
0 1 634170880 634179072
2 1 418840576 418861056
0 1 551284736 551288832
2 1 418861056 418865152
0 1 551944192 551956480
0 1 426516480 426524672
0 1 442306560 442327040
31 1 156459008 156463104
0 1 551350272 551354368
0 1 551956480 551960576
0 1 551682048 551694336
0 1 441856000 441876480
346 1 352398848 352402944
0 1 229543936 229548032
495 1 638062080 638107136
0 1 293625856 293629952
495 1 539008512 539057664
4 1 400461824 400470016
6 1 376070144 376078336
10 1 75014144 75018240
2 1 64626688 64630784
495 1 662732288 662781440
495 1 539061760 539360768
21 1 130101248 130621440
1 1 478466048 478470144
0 1 441274368 441282560
5 1 277524480 277534208
2 1 403419136 403423232
2 1 603164672 603168768
31 1 175931904 176456192
21 1 592723968 592728064
62 1 611540992 611549184
799 1 492518912 492523008
11 1 71520256 71528448
34 1 552857600 552869888
0 1 501743616 501755904
31 1 340398080 340402176
8 1 18538496 18542592
33 1 529297408 529305600
0 1 140795904 140845056
0 1 501768192 501772288
4 1 68866048 68870144
9 1 396107776 396111872
2 1 179781632 179785728
0 1 327008256 327020544
2 1 6594560 6598656
2 1 582549504 582553600
2 1 356827136 356831232
2 1 582537216 582541312
0 1 327016448 327020544
1 1 535490560 535527424
1 1 535527424 535531520
41 1 313696256 313704448
41 1 313704448 313708544
10 1 509460480 509464576
6 1 438902784 438904320
0 1 426487808 426491904
6 1 488955904 488960000
0 1 426553344 426557440
3 1 454832128 454836224
0 1 426487808 426491904
0 1 426553344 426557440
3 1 454832128 454836224
0 1 426487808 426496000
19 1 69713920 69718016
0 1 513212416 513228800
0 1 670138368 670171136
0 1 426557440 426561536
0 1 670171136 670175232
3 1 454832128 454836224
2 1 546369536 546373632
2 1 548032512 548098048
2 1 613326848 613343232
24 1 523697664 523701760
16 1 396000768 396004864
2 1 207814656 207880192
2 1 209190912 209256448
2 1 209649664 209715200
4 1 105328640 105332736
275 1 280104448 280108544
0 1 463687680 463695872
4 1 387321856 387325952
41 1 352247808 352251904
41 1 365797376 365801472
2 1 285368320 285417472
0 1 426446848 426450944
79 1 442777088 442781184
79 1 442781184 442818048
0 1 434892800 434896896
1 1 559632384 559634432
1 1 559550464 559554560
5 1 148112896 148113408
0 1 13131776 13135872
20 1 448848384 448856064
13 1 598519808 598520832
0 1 545603584 545619968
10 1 450195456 450198016
0 1 421273600 421277696
20 1 448860160 449286656
4 1 493758976 493759488
20 1 449286656 449745408
89 1 136994304 136998400
0 1 426450944 426455040
3 1 79527936 79532032
79 1 528965120 528977408
7 1 222453760 222457856
74 1 170864640 170885120
1 1 358645760 358670336
4 1 639336448 639340544
4 1 610799616 610803712
0 1 220954624 220966912
0 1 42426368 42430464
37 1 193441792 193490944
37 1 193495040 193576960
37 1 194232320 194376192
37 1 194572800 194625536
37 1 341233664 341430272
1 1 305688576 305692672
37 1 342085632 342216704
0 1 48168960 48189440
37 1 342544384 342609920
37 1 343527424 343592960
37 1 343920640 343933440
37 1 343933440 343986176
37 1 344576000 344641536
37 1 345169920 345235456
9 1 311132160 311136256
9 1 142286848 142295040
8 1 555614208 555622400
8 1 521625600 521629696
2 1 267591680 267599872
9 1 27242496 27250688
9 1 29667328 29675520
9 1 314724352 314732544
9 1 145215488 145219584
8 1 601403392 601407488
9 1 311205888 311209984
9 1 146665472 146669568
2 1 350875648 350896128
4 1 385646592 385650688
9 1 146665472 146669568
2 1 284377088 284385280
1 1 482922496 482926592
1 1 482926592 482975744
2 1 284385280 284389376
10 1 128229376 128233472
0 1 31404032 31408128
41 1 338591744 338595840
0 1 196608 204800
62 1 244596736 244629504
0 1 79769600 79773696
0 1 85458944 85463040
0 1 85590016 85598208
0 1 79699968 79712256
9 1 226394112 226398208
24 1 199049216 199053312
9 1 224649216 224653312
9 1 226140160 226144256
17 1 18825728 19350016
0 1 191741952 191758336
0 1 84369408 84373504
0 1 158121984 158138368
17 1 254362112 254620160
49 1 143417344 143482880
43 1 272334848 272429056
18 1 145358848 145362944
9 1 552624128 552628224
1 1 513433600 513482752
77 1 626966528 627007488
70 1 419315712 419319808
44 1 90513408 90701824
29 1 563789824 563793920
32 1 405430272 405442560
29 1 562532352 562536448
8 1 163119104 163123200
78 1 56115200 56180736
2 1 59711488 59719680
1 1 260632576 260636672
33 1 404189184 404205568
78 1 59019264 59084800
8 1 154296320 154308608
0 1 387764224 387768320
17 1 299200512 299212800
4 1 472215552 472219648
6 1 365416448 365457408
6 1 365461504 365486080
6 1 365707264 365719552
0 1 426459136 426463232
5 1 235012096 235016192
6 1 365490176 365699072
5 1 235016192 235028480
6 1 365723648 365928448
0 1 426524672 426528768
6 1 170700800 170704896
5 1 451854336 451858432
10 1 390160384 390176768
10 1 355168256 355176448
10 1 355844096 355860480
11 1 20193280 20201472
31 1 119853056 119857152
4 1 548315136 548323328
34 1 552869888 552873984
1 1 670666752 670674944
0 1 580530176 580534272
65 1 123707392 123711488
31 1 176456192 176488448
2 1 50565120 50630656
1 1 366379008 366383104
4 1 548323328 548327424
0 1 421888 438272
0 1 194035712 194043904
1 1 47102976 47103488
0 1 421208064 421220352
0 1 194048000 194052096
7 1 463183872 463184896
7 1 458133504 458137600
4 1 531394560 531398656
472 1 573681664 573685760
41 1 375074816 375083008
0 1 194035712 194039808
1 1 43759104 43759616
0 1 441155584 441176064
1 1 235810816 235814912
110 1 388808704 388812800
3 1 111181824 111185920
0 1 207024640 207040512
24 1 292814848 292880384
0 1 232886272 232889856
80 1 215232512 215244800
24 1 78315520 78381056
71 1 523681792 523685888
3 1 188022784 188088320
3 1 188612608 188678144
0 1 39583744 39600128
3 1 189202432 189267968
41 1 387313664 387321856
3 1 189796352 189861888
41 1 387321856 387325952
3 1 190910464 190920704
0 1 39600128 39620608
0 1 17264640 17268736
1 1 68132864 68141056
0 1 56430592 56434688
0 1 56406016 56410112
2 1 109051904 109056000
0 1 641597440 641601536
1 1 296882176 296890368
1 1 296894464 296910848
2 1 241332224 241336320
21 1 587939840 587943936
1 1 297041920 297156608
1 1 297156608 297160704
11 1 490615296 490615808
301 1 320380416 320392704
0 1 421224448 421244928
301 1 320335360 320339456
11 1 625058304 625058816
1 1 263266304 263270400
4 1 387317760 387321856
1 1 55017472 55103488
2 1 285483008 285487104
397 1 61206016 61210112
1 1 97243136 97247232
397 1 61210112 61251072
11 1 20570112 20574208
11 1 18305024 18329600
11 1 20033536 20037632
11 1 20389888 20398080
23 1 68816896 68820992
10 1 356831232 356843520
11 1 21131264 21147648
11 1 21602304 21606400
5 1 583016448 583020544
11 1 19517440 19525632
11 1 20770816 20783104
11 1 20094976 20131840
11 1 20525056 20533248
11 1 20852736 20869120
11 1 19374080 19398656
11 1 19726336 19730432
12 1 564092928 564097024
11 1 21569536 21573632
11 1 21266432 21274624
11 1 21647360 21651456
4 1 400474112 400482304
41 1 277372928 277381120
41 1 277381120 277385216
362 1 489783296 489784832
91 1 644386816 644390912
8 1 262671872 262675968
1 1 136142848 136146944
4 1 191987712 192020480
0 1 571473920 571490304
0 1 421277696 421281792
19 1 332926976 332929024
0 1 641601536 641605632
9 1 653996032 654000128
0 1 42979328 42983424
400 1 219791360 219799552
2 1 403460096 403468288
13 1 181637120 181641216
2 1 612827136 612839424
2 1 546193408 546226176
2 1 546373632 546398208
20 1 230846464 231366656
79 1 528977408 528981504
9 1 38006784 38023168
20 1 549666816 549670912
9 1 38084608 38105088
103 1 201993728 201997824
1 1 286990336 286994432
34 1 149377024 149381120
0 1 90411008 90419200
3 1 90030080 90034176
3 1 30740480 30744576
2 1 349499392 349503488
0 1 647196672 647213056
0 1 426459136 426463232
0 1 9121792 9129984
0 1 9191424 9195520
0 1 426524672 426528768
1 1 286990336 286994432
2 1 349499392 349523968
4 1 248651776 248709120
0 1 426459136 426463232
79 1 442818048 442822144
1 1 27127808 27131904
79 1 442822144 442826240
1 1 27357184 27373568
0 1 434950144 434962432
102 1 140697088 140701184
102 1 140750336 140766720
102 1 140701184 140746240
0 1 426475520 426479616
0 1 526774272 526778368
0 1 527171584 527183872
5 1 495493120 495497216
41 1 348745728 348753920
5 1 495493120 495497216
5 1 495497216 495505408
5 1 495497216 495501312
0 1 667623424 667643904
0 1 480464896 480468992
13 1 552443904 552444416
0 1 4206592 4210688
11 1 114266624 114267136
402 1 375472128 375476224
526 1 270209024 270213120
526 1 231768064 231772160
526 1 255639552 255643648
404 1 528367616 528371712
31 1 260849664 260853760
52 1 379736064 379740160
0 1 426516480 426520576
34 1 552931328 552943616
2 1 50630656 50634752
1 1 366403584 366407680
0 1 142032896 142036992
24 1 528101376 528105472
20 1 257520640 257522688
4 1 539557888 539561984
31 1 176537600 177029632
0 1 442593280 442597376
7 1 540413952 540418048
0 1 315875328 315879424
495 1 541093376 541593088
495 1 638111232 638574080
495 1 662785536 663248384
867 1 578350592 578354688
626 1 114736640 115183104
578 1 258616832 258620928
6 1 376078336 376082432
578 1 251805184 251809280
626 1 116235776 116469248
495 1 597130752 597179904
495 1 637566464 637570560
626 1 115711488 116235776
21 1 130621440 130658304
400 1 219799552 219803648
11 1 19603456 19611648
11 1 19902464 19935232
23 1 68820992 68825088
8 1 244113408 244117504
65 1 226762752 226766848
10 1 355991552 355999744
68 1 187531264 187535360
8 1 108015616 108019712
12 1 564092928 564097024
8 1 244117504 244121600
8 1 244121600 244129792
10 1 355823616 355827712
11 1 19206144 19210240
11 1 20824064 20828160
11 1 19501056 19505152
11 1 20250624 20262912
11 1 20893696 20905984
11 1 20316160 20336640
11 1 21196800 21204992
11 1 18432000 18440192
2 1 210042880 210108416
2 1 589225984 589227008
0 1 84303872 84316160
17 1 19350016 19874304
1 1 67362816 67403776
2 1 158007296 158011392
8 1 39088128 39092224
922 1 468987392 468995584
191 1 405806592 405855744
191 1 420007424 420376064
191 1 437255680 437304832
995 1 539008512 539012608
191 1 437386752 437460480
18 1 541769728 542003712
191 1 495013376 495382016
84 1 530996736 531095040
84 1 532033024 532078080
665 1 21319168 21691904
41 1 330932224 330936320
191 1 405859840 406183424
2 1 257912832 257941504
799 1 485068288 485486080
0 1 554823680 554827776
18 1 542003712 542528000
799 1 485486080 485490176
613 1 286297600 286301696
0 1 85606400 85610496
59 1 546824192 546828288
62 1 243576832 243585024
62 1 244289536 244301824
0 1 489947136 489947648
41 1 412168192 412172288
0 1 489947648 489948160
41 1 413929472 413933568
2 1 130342912 130363392
0 1 489948160 489951232
0 1 490053632 490054656
2 1 130363392 130367488
0 1 490054656 490057728
0 1 490119168 490120192
4 1 400494592 400498688
43 1 292712448 292716544
3 1 630685696 630689792
397 1 61251072 61255168
4 1 387321856 387325952
1 1 55103488 55107584
0 1 421306368 421310464
5 1 206024704 206028800
5 1 203419648 203464704
3 1 171864064 171868160
0 1 421220352 421224448
0 1 421285888 421289984
3 1 171864064 171868160
0 1 421220352 421224448
2 1 519659520 519663616
6 1 400724480 401096704
5 1 517615616 517619712
0 1 421285888 421294080
6 1 403148800 403300864
39 1 494473216 494477312
40 1 68562944 68564480
6 1 403300864 403738624
6 1 416776192 416862720
4 1 610791424 610795520
0 1 425996288 426008576
2 1 147558400 147562496
41 1 312356864 312365056
1 1 358670336 358674432
41 1 312365056 312369152
0 1 82669568 82685952
0 1 13066240 13070336
41 1 309190656 309198848
0 1 13131776 13135872
41 1 309198848 309202944
20 1 449810944 450335232
4 1 493758976 493760000
0 1 444874752 444882944
0 1 444837888 444841984
0 1 9125888 9134080
4 1 265515008 265523200
0 1 426450944 426455040
4 1 430956544 430960640
22 1 38084608 38141952
69 1 530055168 530063360
27 1 167817216 167821312
57 1 243306496 243310592
57 1 234872832 234876928
2 1 106557440 106590208
57 1 234881024 234942464
1 1 150777856 150781952
57 1 232083456 232148992
5 1 495497216 495501312
0 1 526905344 526909440
0 1 527183872 527187968
32 1 427048960 427052032
0 1 527433728 527446016
41 1 348753920 348758016
495 1 621280768 621329920
495 1 541040128 541089280
22 1 471289856 471293952
495 1 597184000 597495296
495 1 637570560 637615616
626 1 114220544 114736640
578 1 251829760 251833856
28 1 190332928 190338560
495 1 620842496 621092352
495 1 637619712 637926912
102 1 60481536 60485632
7 1 363065344 363069440
2 1 546234368 546242560
25 1 28798976 28803072
2 1 546570240 546578432
3 1 28246016 28262400
60 1 165817856 165821952
237 1 41143808 41205248
3 1 27824128 27832320
3 1 590540800 590544896
34 1 547344384 547348480
28 1 402251776 402255872
3 1 590614528 590618624
16 1 606212096 606220288
31 1 339206144 339210240
9 1 585330688 585347072
0 1 426442752 426446848
4 1 548327424 548335616
0 1 31399936 31404032
3 1 10706944 10711040
37 1 345563136 345628672
0 1 48189440 48201728
37 1 346152960 346218496
26 1 359738880 359747072
100 1 142679552 142683648
100 1 142683648 142700032
37 1 346873856 346939392
26 1 359742976 359747072
26 1 468942336 468950528
60 1 325062144 325066240
26 1 478187008 478199296
60 1 325066240 325082624
154 1 231026176 231038464
37 1 349106176 349171712
37 1 349761536 349827072
11 1 19984384 19992576
10 1 355622912 355663872
11 1 19345408 19353600
11 1 19685376 19689472
11 1 20369408 20377600
11 1 20709376 20713472
1 1 449839104 449843200
11 1 20541440 20549632
11 1 20918272 20926464
11 1 20484096 20492288
11 1 20873216 20881408
11 1 21340160 21356544
10 1 355135488 355164160
10 1 355188736 355201024
11 1 21659648 21663744
11 1 21389312 21393408
1 1 449843200 449896448
11 1 19251200 19255296
11 1 20811776 20819968
0 1 648044544 648081408
76 1 438620160 438624256
1 1 542572544 542593024
2 1 210632704 210698240
41 1 313069568 313077760
0 1 274989056 275054592
41 1 313077760 313081856
3 1 513544192 513548288
2 1 355045376 355046400
0 1 220946432 220966912
0 1 151465984 151470080
0 1 220966912 220979200
1 1 67403776 67407872
17 1 19874304 20398592
0 1 191758336 191778816
0 1 575025152 575041536
0 1 426491904 426496000
0 1 426557440 426561536
18 1 560316416 560320512
3 1 454832128 454836224
8 1 321986560 321990656
16 1 117682176 117686272
8 1 322150400 322158592
8 1 322166784 322170880
8 1 327307264 327323648
8 1 327348224 327356416
8 1 327516160 327520256
8 1 327565312 327573504
1 1 571260928 571265024
8 1 328015872 328019968
8 1 327839744 327852032
8 1 328110080 328114176
9 1 22183936 22188032
8 1 328253440 328257536
17 1 235667456 235671552
4 1 400429056 400445440
0 1 444919808 444923904
0 1 445775872 445784064
41 1 393707520 393715712
18 1 507200000 507200512
41 1 393715712 393719808
0 1 445784064 445800448
10 1 298811392 298844160
17 1 235667456 235671552
41 1 346501120 346509312
0 1 446341120 446361600
0 1 446361600 446365696
0 1 446824448 446832640
4 1 450707456 450711552
4 1 426049536 426053632
4 1 426041344 426045440
43 1 16904192 16905728
43 1 18386944 18388480
0 1 109961216 109969408
1 1 257294336 257318912
1 1 245260288 245268480
0 1 34570240 34574336
21 1 130662400 131149824
0 1 421212160 421220352
0 1 570511360 570523648
0 1 641597440 641601536
0 1 570507264 570511360
2 1 596611072 596627456
0 1 564346880 564350976
11 1 21176320 21184512
11 1 21250048 21262336
11 1 18776064 18780160
10 1 390103040 390119424
11 1 21000192 21028864
11 1 21454848 21463040
11 1 19410944 19435520
11 1 19468288 19476480
1 1 449896448 449900544
11 1 19562496 19570688
11 1 19673088 19677184
11 1 19660800 19664896
11 1 19701760 19705856
11 1 20152320 20160512
11 1 20287488 20295680
11 1 19951616 19972096
79 1 442826240 442863104
79 1 442863104 442867200
102 1 140697088 140713472
102 1 140766720 140799488
2 1 329043968 329048064
2 1 344358912 344367104
3 1 81412096 81414144
275 1 487841280 487845376
0 1 144572416 144576512
11 1 382787584 382791680
5 1 204734464 204754944
12 1 618342400 618343936
11 1 382799872 382803968
3 1 131932160 131936256
5 1 206082048 206090240
1 1 263266304 263274496
0 1 511578112 511582208
15 1 97914880 97918976
0 1 13066240 13070336
46 1 424378368 424382464
3 1 65699840 65701888
4 1 493759488 493760512
0 1 35483648 35500032
20 1 450335232 450859520
738 1 139992576 139996672
723 1 42442240 42446336
867 1 482344448 482348544
473 1 324615680 324619776
473 1 324705792 324718080
39 1 193458176 193576960
89 1 136994304 136998400
148 1 7687680 7691776
473 1 324595200 324599296
9 1 38105088 38109184
79 1 528981504 528997888
9 1 279576576 279642112
4 1 392876032 392900608
4 1 400543744 400547840
4 1 387317760 387321856
91 1 644386816 644390912
6 1 121229312 121262080
4 1 400478208 400482304
79 1 442867200 442891776
495 1 620789248 620838400
495 1 621334016 621821440
626 1 115187200 115711488
738 1 140144128 140148224
578 1 19914240 19918336
867 1 548101632 548105728
626 1 116469248 116993536
723 1 2174464 2178560
738 1 139959808 139963904
738 1 140111360 140115456
16 1 44011520 44015616
34 1 547348480 547360768
8 1 116117504 116121600
31 1 498089984 498094080
41 1 373116928 373125120
4 1 548335616 548339712
20 1 257522688 257529856
41 1 373125120 373129216
7 1 506081280 506089472
7 1 604098560 604102656
110 1 644320768 644324864
115 1 335171072 335175168
2 1 341991424 342024192
115 1 344796672 344800768
2 1 342024192 342028288
0 1 152907776 152924160
18 1 145358848 145362944
1 1 513482752 513486848
78 1 60866560 60932096
17 1 254620160 255144448
78 1 63754240 63819776
41 1 300003328 300011520
78 1 49725440 49770496
40 1 171565056 171589632
12 1 409178112 409194496
0 1 19746816 19771392
41 1 247267328 247291904
37 1 313602048 313626624
44 1 90701824 90832896
41 1 74391552 74612736
17 1 255144448 255668736
2 1 287186944 287207424
9 1 22155264 22159360
9 1 434315264 434319360
9 1 164888576 164892672
0 1 426491904 426496000
11 1 649465856 649469952
11 1 579543040 579547136
11 1 568811520 568815616
12 1 62959616 62963712
11 1 463859712 463863808
11 1 577269760 577277952
11 1 582725632 582729728
11 1 578383872 578387968
12 1 64565248 64569344
12 1 115560448 115564544
12 1 115642368 115646464
12 1 114868224 114872320
12 1 115892224 115896320
12 1 115855360 115859456
12 1 116776960 116781056
12 1 116445184 116449280
0 1 544518144 544522240
14 1 622313472 622460928
14 1 629481472 630005760
14 1 217145344 217149440
14 1 630005760 630530048
14 1 216924160 216927232
80 1 215244800 215248896
0 1 232889856 232893952
3 1 111185920 111194112
14 1 631029760 631308288
14 1 630530048 631029760
24 1 230883328 231329792
24 1 78446592 78512128
0 1 441876480 441888768
3 1 519782400 519864320
18 1 662077440 662081536
62 1 608083968 608088064
62 1 666615808 666619904
4 1 120651776 120676352
4 1 290708992 290713088
0 1 634174976 634179072
79 1 416247808 416296960
30 1 166420480 166494208
41 1 317784064 317792256
10 1 431816704 431882240
12 1 39927808 39960576
10 1 435949568 436080640
41 1 317792256 317796352
11 1 20774912 21299200
4 1 290708992 290713088
4 1 290708992 290713088
4 1 426049536 426053632
57 1 234172416 234237952
22 1 41549824 41566208
34 1 211947520 211957248
1 1 150990848 150994944
0 1 421208064 421216256
2 1 106590208 106594304
4 1 426041344 426045440
25 1 378961920 379068416
4 1 415580160 415621120
25 1 377913344 378437632
0 1 426524672 426532864
9 1 225378304 225379328
4 1 447631360 447696896
22 1 38084608 38088704
4 1 415621120 415629312
5 1 53309440 53313536
103 1 46006272 46014464
1 1 394022912 394027008
237 1 41205248 41209344
2 1 626044928 626118656
2 1 628436992 628666368
2 1 546721792 546738176
11 1 20406272 20414464
11 1 20803584 20807680
11 1 20750336 20754432
11 1 20422656 20430848
11 1 21217280 21229568
11 1 21323776 21336064
11 1 20975616 20979712
11 1 311107584 311110144
7 1 628760576 628764672
11 1 21237760 21245952
7 1 628764672 628776960
12 1 564092928 564097024
11 1 19939328 19947520
11 1 19480576 19484672
11 1 18980864 18989056
11 1 20623360 20631552
10 1 390266880 390295552
11 1 21090304 21102592
11 1 19750912 19755008
11 1 19623936 19632128
1 1 542593024 542597120
2 1 211222528 211288064
5 1 495497216 495501312
5 1 495497216 495501312
5 1 45080576 45084672
5 1 45031424 45035520
4 1 570568704 570572800
397 1 16686592 16838144
40 1 392126464 392376320
89 1 136994304 136998400
578 1 19881472 19885568
867 1 548064768 548068864
10 1 85172224 85176320
723 1 42479104 42483200
738 1 140078592 140082688
85 1 610746368 610750464
85 1 261156864 261160960
85 1 310738944 310743040
79 1 442891776 442895872
85 1 612872192 612876288
87 1 568082432 568086528
2 1 74878976 74883584
41 1 346681344 346689536
41 1 346689536 346693632
0 1 237145600 237149696
18 1 92262400 92295168
5 1 670416896 670420992
32 1 587534336 587538432
5 1 561328128 561332224
41 1 318701568 318705664
3 1 509157376 509161472
32 1 587534336 587538432
3 1 509161472 509177856
3 1 509177856 509181952
11 1 67182592 67186688
0 1 37408768 37421056
3 1 220856320 220897280
0 1 545787904 545800192
41 1 375083008 375087104
240 1 236109824 236122112
4 1 531460096 531464192
0 1 421285888 421289984
240 1 236122112 236126208
58 1 61501440 61505536
0 1 438272 458752
0 1 421281792 421289984
25 1 614207488 614227968
0 1 204800 212992
4 1 400502784 400506880
3 1 142880768 142929920
10 1 432078848 432080896
91 1 644386816 644390912
13 1 58363904 58368000
9 1 490496000 490504192
4 1 400429056 400441344
20 1 224677888 224681984
13 1 58376192 58384384
26 1 11608064 11612160
30 1 16736256 16740352
17 1 20398592 20922880
0 1 321941504 321957888
0 1 151404544 151412736
0 1 441282560 441290752
400 1 219803648 219811840
0 1 42983424 42987520
0 1 421208064 421212160
0 1 421281792 421285888
21 1 131149824 131674112
400 1 219811840 219815936
579 1 627494400 627502592
626 1 116993536 117517824
876 1 332955136 332959232
626 1 117517824 118005248
4 1 400531456 400535552
867 1 462777856 462781952
38 1 46723072 46727168
578 1 117460480 117464576
3 1 562016256 562019840
13 1 626089984 626094080
6 1 4898816 4902912
18 1 402206720 402219008
18 1 570691584 570695680
13 1 626032640 626036736
626 1 118005248 118373888
4 1 400506880 400523264
41 1 346509312 346513408
30 1 47480832 47484928
8 1 357736448 357801984
4 1 400453632 400461824
30 1 47562752 47566848
15 1 149483520 149487616
2 1 539516928 539525120
2 1 539525120 539529216
198 1 423723008 423878656
0 1 490512384 490512896
2 1 634814464 634818560
198 1 423878656 423882752
34 1 547360768 547364864
41 1 308465664 308473856
1 1 512724992 512726016
20 1 257529856 257542656
31 1 408571904 408576000
31 1 177029632 177553920
41 1 308473856 308477952
22 1 492826624 492830720
8 1 18558976 18583552
1 1 512726016 512726528
34 1 547364864 547377152
41 1 362209280 362217472
2 1 211681280 211746816
11 1 18997248 19005440
10 1 390197248 390201344
11 1 21032960 21037056
11 1 20635648 20643840
11 1 20209664 20221952
11 1 21209088 21213184
11 1 20275200 20279296
11 1 19836928 19873792
11 1 21299200 21303296
10 1 356020224 356028416
10 1 356012032 356016128
11 1 20668416 20672512
11 1 19734528 19738624
10 1 356032512 356040704
11 1 18419712 18423808
1 1 449900544 449904640
1 1 449904640 449925120
60 1 27951104 27955200
11 1 20844544 20848640
1 1 379453440 379457536
28 1 261218304 261223424
34 1 317132800 317136384
0 1 642826240 642830336
362 1 489783296 489786880
4 1 400543744 400547840
4 1 339116032 339120128
27 1 307376128 307380224
1 1 485732352 485752832
1 1 485752832 485756928
4 1 385646592 385650688
2 1 284389376 284397568
2 1 284397568 284401664
4 1 385646592 385650688
2 1 284401664 284409856
2 1 267530240 267534336
2 1 284409856 284413952
2 1 267595776 267599872
4 1 385646592 385650688
2 1 267530240 267534336
2 1 284413952 284422144
0 1 622133248 622153728
0 1 421208064 421216256
10 1 369876992 369905664
7 1 198668288 198676480
74 1 170864640 170868736
79 1 528997888 529001984
397 1 16838144 16842240
40 1 391315456 391376896
39 1 194625536 194961408
14 1 34414592 34418688
13 1 526434304 526438400
40 1 390307840 390516736
4 1 120676352 120680448
7 1 418488320 418512896
26 1 242286592 242343936
41 1 365072384 365080576
4 1 120680448 120688640
18 1 543002624 543056384
613 1 286301696 286658048
41 1 334770176 334778368
18 1 542528000 542998528
57 1 517942784 517949440
41 1 334778368 334782464
799 1 485490176 485498368
799 1 485498368 485502464
623 1 247639552 247643648
623 1 247643648 247705088
18 1 543056384 543580672
0 1 554749952 554754048
623 1 247770624 248065536
11 1 20025344 20029440
11 1 20656128 20660224
10 1 355811328 355815424
11 1 20000768 20004864
11 1 20983808 20996096
10 1 356794368 356802560
11 1 19009536 19058688
10 1 390254592 390262784
10 1 355098624 355102720
11 1 20967424 20971520
11 1 19763200 19775488
10 1 354721792 354725888
11 1 21049344 21053440
11 1 19173376 19177472
10 1 356003840 356007936
1 1 449925120 449929216
11 1 20238336 20242432
11 1 19308544 19312640
11 1 19193856 19202048
11 1 19447808 19464192
25 1 378437632 378961920
16 1 76496896 76500992
0 1 421277696 421281792
4 1 415629312 415633408
2 1 24506368 24514560
2 1 349519872 349528064
12 1 126054400 126058496
0 1 9195520 9199616
3 1 49426432 49430528
1 1 257744896 257748992
2 1 24514560 24518656
3 1 49438720 49442816
7 1 623345664 623349760
578 1 19914240 19918336
867 1 462777856 462781952
41 1 352120832 352129024
6 1 376082432 376086528
10 1 85176320 85180416
102 1 60481536 60489728
41 1 352129024 352133120
799 1 514440704 514444800
7 1 635510784 635523072
6 1 376152064 376156160
198 1 523894784 524062720
2 1 16908288 16949248
85 1 558632960 558645248
85 1 634478592 634486784
85 1 576020480 576040960
86 1 145108992 145113088
198 1 524062720 524066816
87 1 589217792 589234176
0 1 421208064 421212160
86 1 145354752 145358848
1 1 27373568 27385856
14 1 633667584 634191872
0 1 232893952 232898048
14 1 634716160 635240448
14 1 635240448 635764736
14 1 633143296 633667584
0 1 212336640 212344832
10 1 159584256 159588352
4 1 299380736 299384832
2 1 212140032 212205568
34 1 181051392 181055488
0 1 80900096 80904192
0 1 81739776 81743872
0 1 82518016 82522112
62 1 40357888 40361984
0 1 110977024 110981120
10 1 427995136 427999232
10 1 428007424 428011520
0 1 548728832 548732928
10 1 428138496 428142592
7 1 32522240 32526336
41 1 389517312 389525504
1 1 263270400 263274496
61 1 644714496 644718592
4 1 400502784 400506880
41 1 389525504 389529600
0 1 421240832 421244928
11 1 625058304 625059840
1 1 571285504 571293696
12 1 116809728 116813824
12 1 117006336 117010432
12 1 117182464 117186560
12 1 117272576 117276672
12 1 117284864 117288960
12 1 117321728 117325824
12 1 117342208 117346304
12 1 117350400 117354496
12 1 117710848 117714944
12 1 117723136 117727232
12 1 117833728 117837824
12 1 117792768 117796864
12 1 117997568 118001664
12 1 117809152 117813248
12 1 118005760 118009856
12 1 118030336 118034432
12 1 118423552 118431744
12 1 118177792 118181888
12 1 118575104 118579200
41 1 356118528 356126720
21 1 4628480 4632576
0 1 393822208 393826304
0 1 392720384 392724480
12 1 607141888 607150080
5 1 119476224 119480320
20 1 165707776 165709312
0 1 421203968 421208064
0 1 587202560 587206656
0 1 421216256 421224448
0 1 394821632 394825728
41 1 356126720 356130816
400 1 219815936 219824128
20 1 257542656 257544192
31 1 531447808 531451904
4 1 548405248 548438016
1 1 512726528 512727040
41 1 390103040 390111232
34 1 547377152 547381248
20 1 257544192 257546240
31 1 632000512 632012800
1 1 512727040 512728064
41 1 390111232 390115328
79 1 427871744 428011008
37 1 350810112 350822912
79 1 428011008 428015104
79 1 428015104 428019200
37 1 350822912 350875648
100 1 142700032 142708224
37 1 351662080 351727616
100 1 142941696 142958080
100 1 142855680 142872064
100 1 142712320 142736896
79 1 428019200 428023296
79 1 428023296 428056064
37 1 352382976 352448512
79 1 428056064 428060160
37 1 508477440 508493824
37 1 508424192 508473344
100 1 142700032 142708224
100 1 142712320 142720512
38 1 22732800 22798336
8 1 446939136 446942720
0 1 421220352 421236736
12 1 572153856 572157952
10 1 103325696 103329792
9 1 538165248 538169344
10 1 104488960 104493056
10 1 104587264 104591360
9 1 537812992 537817088
10 1 101408768 101412864
10 1 100274176 100278272
10 1 99430400 99434496
10 1 103342080 103346176
10 1 102842368 102846464
10 1 98336768 98340864
10 1 101367808 101376000
10 1 103813120 103817216
9 1 572223488 572227584
10 1 104120320 104124416
10 1 98193408 98197504
10 1 104521728 104525824
10 1 103473152 103477248
17 1 204869632 204877824
4 1 400523264 400527360
17 1 235667456 235671552
10 1 115793920 115806208
2 1 59719680 59723776
41 1 300011520 300015616
37 1 599900160 599924736
45 1 238116864 238137344
76 1 420667392 420675584
17 1 255668736 255864832
45 1 238157824 238182400
40 1 175341568 175407104
41 1 462839808 462864384
44 1 90836992 90849280
36 1 408911872 408977408
17 1 255868928 256131584
2 1 557772800 557817856
39 1 208744448 208764928
41 1 247255040 247267328
37 1 313561088 313602048
38 1 299388928 299454464
12 1 118513664 118517760
12 1 118407168 118411264
12 1 118493184 118501376
12 1 118595584 118599680
12 1 118611968 118616064
12 1 118714368 118718464
12 1 118870016 118874112
12 1 119037952 119042048
12 1 118861824 118865920
12 1 119005184 119009280
12 1 118779904 118784000
12 1 118976512 118980608
12 1 119095296 119099392
12 1 119234560 119238656
12 1 119250944 119255040
12 1 119160832 119164928
12 1 119259136 119263232
12 1 119279616 119283712
12 1 119345152 119349248
12 1 119468032 119472128
32 1 489226240 489230336
11 1 20299776 20303872
11 1 20344832 20353024
36 1 295112704 295116800
11 1 20717568 20721664
73 1 509657088 509661184
11 1 20934656 20942848
32 1 491405312 491409408
32 1 491302912 491307008
32 1 466989056 466993152
73 1 510099456 510103552
32 1 466915328 466919424
54 1 255299584 255303680
66 1 388743168 388751360
16 1 126967808 126971904
73 1 510566400 510570496
50 1 346316800 346320896
50 1 346607616 346611712
50 1 346722304 346726400
50 1 346550272 346554368
0 1 212246528 212250624
6 1 6127616 6129152
0 1 479232 483328
5 1 1495040 1499136
3 1 88391680 88399872
18 1 88592384 88596480
17 1 162287616 162291712
14 1 636289024 636682240
6 1 553189376 553193472
17 1 162439168 162443264
10 1 156286976 156295168
11 1 116977664 116981760
0 1 282275840 282279936
3 1 88469504 88477696
11 1 123269120 123273216
17 1 162136064 162140160
0 1 662319104 662323200
0 1 462848 466944
17 1 165765120 165769216
0 1 31404032 31408128
0 1 490594304 490598400
0 1 490545152 490549248
0 1 82685952 82706432
41 1 282673152 282681344
41 1 381796352 381804544
0 1 13131776 13135872
41 1 282681344 282685440
41 1 381804544 381808640
20 1 450859520 451383808
4 1 493760000 493813760
24 1 405504 409600
0 1 13070336 13074432
4 1 208949248 208953344
0 1 426450944 426455040
0 1 21037056 21041152
20 1 451383808 451908096
0 1 527900672 527917056
0 1 35500032 35520512
21 1 131674112 131940352
0 1 414318592 414322688
21 1 131940352 132198400
0 1 564346880 564350976
799 1 485502464 485510656
0 1 648081408 648085504
41 1 362217472 362221568
2 1 212729856 212795392
4 1 392900608 392908800
0 1 644222976 644227072
36 1 403021824 403025920
0 1 77115392 77131776
4 1 387321856 387325952
103 1 46010368 46014464
0 1 641597440 641601536
4 1 400437248 400445440
4 1 431857664 431878144
91 1 644386816 644390912
4 1 400478208 400482304
7 1 398372864 398381056
1 1 73469952 73490432
17 1 20922880 21447168
41 1 387817472 387825664
14 1 634191872 634716160
17 1 168378368 168382464
0 1 232898048 232902144
17 1 407715840 407719936
16 1 396664832 396668928
17 1 168226816 168230912
17 1 407683072 407687168
3 1 111194112 111198208
17 1 407732224 407736320
17 1 165933056 165937152
17 1 168529920 168534016
0 1 229322752 229326848
17 1 407699456 407703552
17 1 407752704 407756800
14 1 635764736 636289024
17 1 168144896 168148992
17 1 411086848 411090944
17 1 410935296 410939392
17 1 410783744 410787840
17 1 412315648 412319744
4 1 423702528 423710720
0 1 441200640 441217024
0 1 426516480 426524672
0 1 421212160 421224448
0 1 444948480 444968960
4 1 400465920 400470016
6 1 376156160 376160256
7 1 635756544 635777024
102 1 60485632 60489728
799 1 514444800 514772480
0 1 387723264 387731456
8 1 5480448 5484544
4 1 400531456 400535552
50 1 371736576 371761152
799 1 514772480 514776576
4 1 188133376 188137472
22 1 48418816 48427008
4 1 255467520 255471616
0 1 421212160 421216256
4 1 229425152 229429248
4 1 229335040 229347328
0 1 426463232 426471424
5 1 568999936 569004032
22 1 48410624 48414720
1 1 287105024 287109120
10 1 428126208 428130304
10 1 428171264 428175360
10 1 428158976 428163072
14 1 316678144 316682240
0 1 90787840 90791936
0 1 308965376 308969472
0 1 330457088 330461184
0 1 334991360 334995456
0 1 330407936 330416128
19 1 388132864 388136960
0 1 335273984 335282176
0 1 336855040 336859136
25 1 337772544 337776640
25 1 614322176 614326272
25 1 614334464 614338560
65 1 500830208 500834304
65 1 500817920 500822016
31 1 463446016 463450112
4 1 548438016 548442112
41 1 371322880 371331072
0 1 526905344 526909440
31 1 177553920 177815552
1 1 512728064 512728576
34 1 547516416 547528704
27 1 570634240 570638336
31 1 177819648 178082304
41 1 371331072 371335168
20 1 257546240 257607680
0 1 527564800 527577088
26 1 361660416 361664512
8 1 18558976 18563072
6 1 416862720 417234944
6 1 450560000 450625536
6 1 518242304 518328832
0 1 421224448 421232640
3 1 171892736 171896832
6 1 518328832 518569984
0 1 421294080 421298176
6 1 520347648 520434176
166 1 151567872 151584256
6 1 520151040 520347648
0 1 421228544 421232640
83 1 459828736 459832832
397 1 56786432 56831488
3 1 171892736 171896832
4 1 387317760 387321856
18 1 176078848 176082944
18 1 184807424 184811520
0 1 220979200 220995584
0 1 141565952 141586432
0 1 67629056 67637248
2 1 532721664 532742144
40 1 447172608 447180800
13 1 91451392 91455488
13 1 92909568 92913664
13 1 91426816 91430912
40 1 70856704 70860800
41 1 77205504 77209600
39 1 539508736 539516928
4 1 605995008 605999104
31 1 511410176 511414272
2 1 17240064 17276928
32 1 498012160 498016256
50 1 346931200 346935296
40 1 604696576 604700672
40 1 608260096 608268288
57 1 466157568 466161664
40 1 601059328 601063424
52 1 405475328 405479424
40 1 605515776 605519872
73 1 513208320 513212416
40 1 593551360 593555456
40 1 601448448 601452544
40 1 605552640 605556736
52 1 409411584 409415680
1 1 449929216 449937408
48 1 545480704 545484800
73 1 513814528 513818624
73 1 513376256 513380352
60 1 557215744 557219840
9 1 38109184 38117376
454 1 602504704 602508800
201 1 651746816 651750912
1 1 2248704 2326528
9 1 38117376 38121472
40 1 183910400 183922688
5 1 495497216 495501312
5 1 495497216 495505408
2 1 91971584 91992064
5 1 495501312 495505408
5 1 495501312 495505408
0 1 421203968 421208064
11 1 623607808 623620096
2 1 1392640 1396736
71 1 418770944 418775040
72 1 56070144 56074240
0 1 25980928 25985024
72 1 56139776 56143872
0 1 317870080 317890560
0 1 317890560 317894656
2 1 1392640 1404928
2 1 1400832 1404928
64 1 11866112 11898880
2 1 1400832 1413120
2 1 1409024 1413120
2 1 1409024 1417216
17 1 413880320 413884416
17 1 415272960 415277056
17 1 414031872 414035968
17 1 414474240 414478336
17 1 597843968 597848064
17 1 413728768 413732864
17 1 597000192 597004288
17 1 415727616 415731712
17 1 598507520 598511616
17 1 602202112 602206208
15 1 40669184 40673280
17 1 601518080 601522176
0 1 232902144 232906240
17 1 598958080 598962176
0 1 372748288 372752384
11 1 123797504 123813888
1 1 263270400 263274496
11 1 625059328 625060352
1 1 347377664 347381760
41 1 282112000 282120192
0 1 421277696 421281792
13 1 251392000 251396096
5 1 155086848 155088896
0 1 460288000 460296192
4 1 488710144 488712192
0 1 441417728 441430016
49 1 356642816 356646912
61 1 9998336 10002432
19 1 49508352 49512448
47 1 489885696 489897984
48 1 167231488 167235584
48 1 232148992 232157184
2 1 662990848 663080960
2 1 663080960 663085056
0 1 426450944 426455040
0 1 527167488 527171584
0 1 527564800 527581184
4 1 120688640 120692736
53 1 350932992 350937088
58 1 85168128 85176320
41 1 365080576 365084672
18 1 324718592 324722688
19 1 121004032 121008128
12 1 35397632 35405824
3 1 266711040 266809344
19 1 121012224 121016320
3 1 266809344 266813440
43 1 275562496 275566592
34 1 547528704 547532800
53 1 248786944 248791040
43 1 661135360 661139456
0 1 426450944 426455040
46 1 521564160 521568256
56 1 599560192 599564288
48 1 554532864 554536960
20 1 257607680 257642496
71 1 285888512 285892608
64 1 372129792 372137984
63 1 357060608 357064704
74 1 97771520 97775616
83 1 52842496 52846592
81 1 408539136 408543232
0 1 258617344 258621440
31 1 260349952 260354048
0 1 258596864 258600960
69 1 420220928 420225024
58 1 112852992 112857088
73 1 522428416 522432512
10 1 390299648 390303744
11 1 19599360 19603456
73 1 522305536 522309632
11 1 19615744 19619840
11 1 20742144 20746240
11 1 19529728 19533824
11 1 20910080 20914176
11 1 20959232 20963328
11 1 19640320 19648512
73 1 522567680 522571776
73 1 522862592 522866688
28 1 209620992 209625088
73 1 522440704 522444800
22 1 106913792 106917888
22 1 156762112 156770304
28 1 490082304 490086400
11 1 21164032 21168128
12 1 119431168 119435264
12 1 119496704 119500800
12 1 119648256 119652352
12 1 119697408 119701504
12 1 119820288 119824384
12 1 119521280 119529472
12 1 119734272 119738368
12 1 119783424 119787520
12 1 119885824 119889920
13 1 558682112 558714880
12 1 120094720 120098816
12 1 120188928 120193024
12 1 120107008 120111104
12 1 119898112 119902208
12 1 120229888 120233984
12 1 120135680 120139776
12 1 120254464 120262656
12 1 120242176 120246272
12 1 120348672 120352768
12 1 120320000 120324096
2 1 262098944 262099456
1 1 327368704 327409664
2 1 330670080 330703872
2 1 213123072 213188608
12 1 151536128 151536640
400 1 219824128 219828224
3 1 396894208 396898304
3 1 477782016 477786112
19 1 508084224 508100608
0 1 421285888 421289984
21 1 254816256 254832640
19 1 508030976 508080128
21 1 255082496 255115264
41 1 387825664 387829760
17 1 21447168 21540864
2 1 153059328 153067520
8 1 39485440 39493632
247 1 412827648 412925952
1 1 73490432 73502720
7 1 411832320 411836416
7 1 411832320 411836416
17 1 353431552 353435648
17 1 353263616 353271808
17 1 353185792 353206272
799 1 485510656 485514752
18 1 543580672 544104960
5 1 495501312 495513600
0 1 447270912 447283200
30 1 20430848 20434944
36 1 234868736 234872832
6 1 376160256 376193024
6 1 186073088 186077184
57 1 398446592 398450688
412 1 378572288 378576384
11 1 21622784 21626880
28 1 209993728 209997824
11 1 21475328 21479424
11 1 19402752 19406848
11 1 19083264 19087360
10 1 355610624 355618816
11 1 21495808 21499904
10 1 355803136 355807232
40 1 602677248 602681344
42 1 314273792 314277888
42 1 314425344 314429440
11 1 19554304 19558400
40 1 603107328 603111424
52 1 656457728 656461824
11 1 20512768 20516864
42 1 314576896 314580992
52 1 374456320 374460416
52 1 657215488 657219584
11 1 19800064 19804160
0 1 647503872 647504384
0 1 64790528 64806912
8 1 262671872 262675968
0 1 647504384 647509504
0 1 42360832 42364928
0 1 647509504 647512064
91 1 644386816 644390912
2 1 24862720 24870912
4 1 400543744 400551936
103 1 46010368 46014464
5 1 379469824 379473920
41 1 542765056 542769152
1 1 85135360 85136896
4 1 400506880 400510976
5 1 377880576 377905152
12 1 120340480 120344576
12 1 120397824 120406016
12 1 120418304 120422400
12 1 120410112 120414208
12 1 120467456 120471552
12 1 120520704 120524800
12 1 120836096 120840192
12 1 120594432 120598528
12 1 121081856 121085952
12 1 120938496 120946688
12 1 121118720 121122816
12 1 127315968 127320064
12 1 120815616 120819712
12 1 120954880 120958976
12 1 127750144 127762432
12 1 127737856 127741952
12 1 127823872 127827968
12 1 127766528 127770624
12 1 127815680 127819776
0 1 17260544 17264640
0 1 86704128 86720512
0 1 17195008 17207296
1 1 603668480 603672576
0 1 523501568 523517952
0 1 112627712 112631808
0 1 421208064 421220352
15 1 518754304 518758400
0 1 112631808 112635904
7 1 32858112 32860672
0 1 112627712 112631808
15 1 518754304 518758400
0 1 86720512 86740992
0 1 17268736 17276928
0 1 112631808 112635904
4 1 87609344 87613440
41 1 77238272 77246464
41 1 77533184 77537280
41 1 77541376 77545472
41 1 49319936 49324032
17 1 30642176 30646784
0 1 126246912 126259200
41 1 77795328 77799424
0 1 421285888 421298176
41 1 77565952 77574144
1 1 128208896 128245760
3 1 279023616 279052288
3 1 279117824 279171072
2 1 4034560 4036608
15 1 247840768 247841792
1 1 97386496 97390592
2 1 534183936 534638592
3 1 328093696 328097792
39 1 364896256 364920832
40 1 318558208 318623744
41 1 74772480 74833920
0 1 126377984 126382080
17 1 256197120 256278528
78 1 49770496 49778688
0 1 126373888 126377984
10 1 431792128 431796224
17 1 256802816 256831488
36 1 271052800 271069184
0 1 19705856 19746816
31 1 8290304 8343552
31 1 8691712 8740864
48 1 160980992 161046528
36 1 270725120 271048704
37 1 599859200 599871488
17 1 256278528 256692736
13 1 110944256 110948352
3 1 519782400 519864320
13 1 115617792 115625984
1 1 2326528 2330624
38 1 118235136 118751232
7 1 222453760 222461952
39 1 429912064 429916160
39 1 430768128 430772224
39 1 429981696 430133248
30 1 222453760 222457856
0 1 433692672 433696768
39 1 430419968 430481408
1 1 422965248 422985728
53 1 572026880 572030976
11 1 137080832 137084928
4 1 241786880 241795072
0 1 421277696 421281792
0 1 426532864 426536960
11 1 451682304 451686400
11 1 424624128 424632320
7 1 150216704 150220800
4 1 98947072 98951168
18 1 561274880 561278976
0 1 426467328 426471424
4 1 238776320 238780416
11 1 163368960 163373056
4 1 240078848 240082944
1 1 287105024 287109120
2 1 284422144 284426240
0 1 427950080 427954176
0 1 429379584 429383680
2 1 267595776 267599872
200 1 266915840 266919936
200 1 266936320 266944512
200 1 277090304 277094400
1 1 94806016 94953472
4 1 385646592 385650688
2 1 284426240 284434432
202 1 514150400 514445312
2 1 267530240 267542528
2 1 284434432 284438528
4 1 385646592 385650688
41 1 397692928 397701120
301 1 320392704 320404992
301 1 320310784 320314880
4 1 400437248 400441344
4 1 387321856 387325952
41 1 282120192 282124288
0 1 524148736 524156928
397 1 61255168 61259264
3 1 514691072 514693120
0 1 647356416 647360512
1 1 106741760 106749952
3 1 650174464 650178048
0 1 421273600 421289984
100 1 143105536 143121920
100 1 143064576 143080960
38 1 24768512 24834048
79 1 428060160 428084736
38 1 63143936 63209472
79 1 428084736 428088832
38 1 65638400 65703936
38 1 97501184 97505280
0 1 446566400 446586880
38 1 66686976 66699776
0 1 426450944 426459136
38 1 66699776 66752512
2 1 385224704 385257472
38 1 70950912 71016448
0 1 426450944 426455040
38 1 268730368 268795904
18 1 544104960 544133120
4 1 548442112 548450304
77 1 573718528 573722624
0 1 258625536 258629632
0 1 42405888 42418176
0 1 426450944 426455040
2 1 432406528 432410624
4 1 228954112 228962304
0 1 258637824 258646016
14 1 542310400 542314496
13 1 113049600 113053696
20 1 257642496 257646592
16 1 489373696 489377792
0 1 258650112 258654208
35 1 396849152 396853248
16 1 489041920 489046016
19 1 296972288 296976384
18 1 432189440 432193536
19 1 531333120 531337216
4 1 620756992 620761088
41 1 401477632 401485824
11 1 21041152 21045248
11 1 21532672 21536768
11 1 21364736 21368832
11 1 21610496 21614592
11 1 21397504 21430272
52 1 666476544 666480640
52 1 657231872 657235968
31 1 506089472 506097664
52 1 665780224 665792512
2 1 17276928 17281024
1 1 449937408 449941504
11 1 19128320 19132416
11 1 19709952 19714048
11 1 21577728 21581824
11 1 21594112 21598208
11 1 19099648 19124224
11 1 19136512 19165184
11 1 19329024 19333120
4 1 505159680 505163776
17 1 82231296 82596352
397 1 89042944 89133056
397 1 89133056 89137152
526 1 278790144 278880256
397 1 89137152 89186304
397 1 89186304 89190400
0 1 84500480 84504576
1 1 249401344 249405440
0 1 156479488 156499968
0 1 641597440 641601536
402 1 375476224 375480320
0 1 641593344 641597440
397 1 89190400 89247744
397 1 89247744 89251840
41 1 397840384 397848576
402 1 375480320 375488512
41 1 386531328 386539520
41 1 397848576 397852672
397 1 89251840 89296896
41 1 386539520 386543616
0 1 156610560 156622848
0 1 205205504 205209600
19 1 413872128 413876224
57 1 165559808 165588480
237 1 68558336 68591104
237 1 68591104 68595200
7 1 636014592 636018688
14 1 228642816 228646912
14 1 92020736 92024832
3 1 250757120 250863616
3 1 250863616 250867712
72 1 318234624 318246912
0 1 101478400 101482496
0 1 13107200 13111296
0 1 21041152 21045248
3 1 596684800 596701184
20 1 451908096 452432384
6 1 376193024 376197120
14 1 337809408 337817600
412 1 379100672 379178496
36 1 245473280 245477376
58 1 93691904 93696000
79 1 417349632 417366016
12 1 48201728 48267264
11 1 28549120 28807168
0 1 634174976 634179072
0 1 634174976 634179072
1 1 523608064 523640832
0 1 640565248 640569344
12 1 52400128 52465664
12 1 52662272 52686848
0 1 640561152 640565248
4 1 544333824 544337920
10 1 458313728 458321920
78 1 165982208 165994496
56 1 661590016 661594112
10 1 436277248 436281344
1 1 327409664 327512064
100 1 545877504 545885696
79 1 442895872 442904064
1 1 482631680 482635776
1 1 482381824 482390016
1 1 575623168 575627264
0 1 419393536 419397632
0 1 641597440 641601536
2 1 177041408 177057792
26 1 334610432 334614528
18 1 544669696 544727040
0 1 434053120 434057216
34 1 338350080 338354176
490 1 124419584 124423680
39 1 430133248 430415872
1 1 432226304 432238592
58 1 398036992 398041088
17 1 183037952 183042048
16 1 487661568 487665664
13 1 89714688 89718784
19 1 497524736 497528832
38 1 344293376 344297472
10 1 510095360 510099456
38 1 175706112 175714304
14 1 345677824 345681920
2 1 644866048 644870144
15 1 468602880 468606976
38 1 344576000 344580096
0 1 260694016 260698112
4 1 212795392 212799488
2 1 644882432 644894720
0 1 260890624 260894720
34 1 547532800 547545088
0 1 25649152 25657344
4 1 400457728 400474112
0 1 47972352 47992832
316 1 459324928 459677184
316 1 458800640 459324928
41 1 294199296 294207488
41 1 294207488 294211584
198 1 430960128 430988800
198 1 430988800 430992896
0 1 47992832 48005120
111 1 362467328 362471424
14 1 102912000 102916096
1 1 204222464 204242944
39 1 341159936 341164032
20 1 216813568 216817664
39 1 341192704 341196800
20 1 216838144 216846336
1 1 258801664 258805760
0 1 426561536 426573824
1 1 258805760 258818048
12 1 127840256 127844352
12 1 127848448 127852544
12 1 127905792 127909888
12 1 128057344 128061440
12 1 237629440 237633536
12 1 228134912 228139008
12 1 225341440 225345536
12 1 225112064 225116160
12 1 128180224 128184320
12 1 227414016 227418112
12 1 238235648 238239744
12 1 314863616 314867712
12 1 329252864 329256960
12 1 329588736 329592832
12 1 316051456 316055552
12 1 250974208 250978304
12 1 315146240 315150336
12 1 329449472 329453568
12 1 329555968 329560064
12 1 329609216 329613312
397 1 61259264 61296128
41 1 356438016 356446208
0 1 524419072 524431360
41 1 356446208 356450304
11 1 625059840 625060864
397 1 61296128 61300224
1 1 263270400 263274496
0 1 643088384 643092480
125 1 162004992 162398208
747 1 353394688 353398784
747 1 349159424 349163520
4 1 12099584 12103680
747 1 357490688 357494784
4 1 364183552 364185088
6 1 385961984 385963520
2 1 207290368 207290880
2 1 261033984 261034496
2 1 254558208 254562304
2 1 261107712 261108224
2 1 264294400 264295424
2 1 264302592 264306688
2 1 277188608 277192704
2 1 277196800 277200896
2 1 280977408 280978432
2 1 277409792 277413888
2 1 254824448 254828544
2 1 218214400 218226688
2 1 316739584 316740096
2 1 299282432 299286528
2 1 297381888 297385984
79 1 442904064 442908160
2 1 277204992 277209088
2 1 264687616 264691712
2 1 284708864 284712960
397 1 56831488 56835584
6 1 520434176 520478720
6 1 520478720 520609792
0 1 421294080 421302272
2 1 519659520 519663616
22 1 153289216 153813504
166 1 151584256 151600640
6 1 510865408 511214080
80 1 41772032 41783296
5 1 517615616 517619712
397 1 56835584 56839680
397 1 56839680 56868352
1 1 421359616 421363712
0 1 249315328 249331712
40 1 139034624 139051008
0 1 421232640 421236736
397 1 56868352 56872448
6 1 511214080 511258624
2 1 213778432 213843968
2 1 214171648 214237184
2 1 214564864 214630400
21 1 254763008 254812160
21 1 255270912 255320064
267 1 295964672 295976960
21 1 255324160 255377408
813 1 115089408 115118080
4 1 169312256 169373696
1 1 338083840 338087936
813 1 115118080 115122176
21 1 132198400 132722688
1 1 402251776 402255872
267 1 281346048 281354240
4 1 169373696 169377792
157 1 505921536 505925632
0 1 421220352 421224448
813 1 115122176 115146752
0 1 426450944 426463232
4 1 360402944 360404480
4 1 265629696 265633792
7 1 668073984 668078080
7 1 668082176 668086272
7 1 667852800 667860992
1 1 16850944 16867328
0 1 426516480 426524672
5 1 495505408 495509504
5 1 495505408 495509504
5 1 495505408 495509504
14 1 15269888 15273984
1 1 85136896 85140992
4 1 167337984 167362560
5 1 379764736 379768832
1 1 43786240 43787776
1 1 85140992 85143552
8 1 262671872 262675968
4 1 167362560 167366656
1 1 43787776 43790336
1 1 85245952 85247488
91 1 644386816 644390912
1 1 85286912 85288448
1 1 85247488 85250048
4 1 400482304 400486400
1 1 85327872 85329408
1 1 85288448 85295104
1 1 85329408 85333504
0 1 426450944 426459136
0 1 444100608 444116992
0 1 644657152 644661248
0 1 643039232 643039744
0 1 643039744 643040256
0 1 643040256 643044352
0 1 643044352 643048448
0 1 641597440 641601536
0 1 644661248 644661760
0 1 111091712 111095808
0 1 641601536 641605632
0 1 644673536 644677632
0 1 644665344 644669440
0 1 641597440 641601536
4 1 25337344 25341440
0 1 644661248 644661760
0 1 641601536 641605632
19 1 204881920 204884992
2 1 355168256 355176448
0 1 665735168 665739264
0 1 665731072 665735168
12 1 329785344 329789440
12 1 329801728 329805824
12 1 329879552 329883648
12 1 329871360 329875456
12 1 329904128 329908224
12 1 329912320 329916416
12 1 329932800 329936896
0 1 513228800 513249280
12 1 329940992 329945088
12 1 330301440 330305536
12 1 330268672 330272768
12 1 330514432 330518528
12 1 330493952 330498048
12 1 330575872 330579968
12 1 330235904 330240000
12 1 330539008 330543104
12 1 330592256 330596352
12 1 331026432 331030528
12 1 381788160 381792256
12 1 331194368 331198464
412 1 378576384 379100672
50 1 371736576 371740672
38 1 570675200 570679296
4 1 438591488 438640640
2 1 387461120 387469312
412 1 669699584 669703680
495 1 637865472 637869568
0 1 261353472 261357568
0 1 441430016 441446400
7 1 418566144 418570240
23 1 7569408 7569920
4 1 548450304 548454400
0 1 552792064 552796160
1 1 444624896 444628992
0 1 421294080 421302272
20 1 257650688 257712128
31 1 178082304 178606592
10 1 98435072 98439168
10 1 98246656 98250752
10 1 101601280 101605376
9 1 538247168 538251264
10 1 99082240 99086336
10 1 99409920 99414016
9 1 549548032 549552128
10 1 98787328 98791424
10 1 99115008 99119104
10 1 98832384 98836480
10 1 100483072 100487168
10 1 99311616 99315712
0 1 426475520 426483712
1 1 183406592 183408640
6 1 227516416 227518464
0 1 421285888 421298176
0 1 609652736 609655808
2 1 528240640 528244736
41 1 401485824 401489920
5 1 45228032 45232128
9 1 38121472 38129664
1 1 422985728 422989824
397 1 16842240 16883200
9 1 305057792 305065984
4 1 541921280 541925376
308 1 237375488 237379584
308 1 221323264 221327360
4 1 505155584 505159680
4 1 505159680 505163776
308 1 221380608 221384704
2 1 570294784 570819072
0 1 421212160 421216256
34 1 211955712 211963392
0 1 421277696 421285888
0 1 426532864 426541056
2 1 349523968 349532160
12 1 155725824 155729920
4 1 415633408 415641600
0 1 9129984 9134080
0 1 421216256 421220352
4 1 415641600 415645696
1 1 150777856 150781952
0 1 421281792 421289984
9 1 406826496 406830592
9 1 400350720 400354816
9 1 414780928 414785024
1 1 150990848 150994944
0 1 426471424 426475520
14 1 626393088 626458624
10 1 605048832 605052928
14 1 626458624 626982912
18 1 544133120 544571904
18 1 544571904 544669696
747 1 361611264 361615360
153 1 646660096 646692864
6 1 401858560 401862656
153 1 646692864 646696960
4 1 493811200 493812224
20 1 452432384 452956672
0 1 13135872 13139968
0 1 545619968 545640448
0 1 421208064 421216256
20 1 241565696 241569792
17 1 126959616 126964224
20 1 452956672 453046784
20 1 241590272 241594368
4 1 493811712 493812736
10 1 262930432 262931968
9 1 406319104 406320128
26 1 334618624 334620160
0 1 421273600 421281792
0 1 441217024 441237504
0 1 459595776 459599872
0 1 588447744 588451840
25 1 337784832 337788928
0 1 612442112 612446208
30 1 490164224 490168320
41 1 382431232 382439424
41 1 382439424 382443520
4 1 323588096 323592192
1 1 7286784 7340032
0 1 32440320 32448512
0 1 32448512 32452608
0 1 156733440 156753920
2 1 299216896 299220992
2 1 264286208 264287232
2 1 223825920 223830016
2 1 259436544 259440640
102 1 140865024 140869120
2 1 259129344 259134464
102 1 140869120 140881408
2 1 261050368 261054464
2 1 176246784 176250880
2 1 218030080 218034176
2 1 246104064 246108160
2 1 324386816 324390912
2 1 176488448 176492544
0 1 637042688 637046784
2 1 337043456 337235968
8 1 32976896 32993280
2 1 214958080 215023616
58 1 658075648 658079744
58 1 596873216 596877312
2 1 215351296 215416832
1 1 92590080 92614656
867 1 462777856 462781952
578 1 175984128 175988224
0 1 421208064 421212160
578 1 19914240 19918336
867 1 459922944 459927040
4 1 400424960 400429056
6 1 376197120 376205312
412 1 669703680 669859328
4 1 165879808 165937152
626 1 118369792 118668800
0 1 421306368 421314560
4 1 400502784 400506880
4 1 443871232 443875328
275 1 271920640 271924736
7 1 636899328 636900864
30 1 433774592 433778688
0 1 107659264 107663360
194 1 595623424 595631616
34 1 547545088 547549184
0 1 553189376 553201664
31 1 240570368 240574464
0 1 263647232 263651328
0 1 236548096 236552192
12 1 382418944 382423040
12 1 330813440 330817536
12 1 331214848 331218944
12 1 382476288 382480384
12 1 395943936 395948032
12 1 398544896 398548992
12 1 394420224 394424320
12 1 397287424 397291520
12 1 394764288 394768384
12 1 398491648 398495744
12 1 398557184 398561280
12 1 411848704 411852800
12 1 412348416 412352512
12 1 412327936 412332032
12 1 431353856 431357952
12 1 430985216 430989312
12 1 433942528 433946624
12 1 441376768 441380864
12 1 441565184 441569280
0 1 31399936 31404032
3 1 432918528 432947200
5 1 458399744 458407936
3 1 432947200 432951296
0 1 490512384 490512896
0 1 31404032 31408128
15 1 488259584 488263680
26 1 351670272 351673856
26 1 414361600 414363648
26 1 414363648 414364160
7 1 453820416 453832704
0 1 445386752 445390848
4 1 352948224 352949248
422 1 50507776 50511872
24 1 565702144 565706240
5 1 235012096 235028480
0 1 447578112 447594496
5 1 231841792 231845888
5 1 231845888 231858176
5 1 235016192 235028480
5 1 235012096 235016192
5 1 235749376 235753472
5 1 235753472 235765760
5 1 235012096 235016192
5 1 235016192 235028480
2 1 67330048 67338240
2 1 426774528 426778624
2 1 429752320 429756416
2 1 427163648 427167744
2 1 588042240 588046336
2 1 619511808 619515904
2 1 619347968 619352064
2 1 620343296 620347392
3 1 163381248 163385344
3 1 157188096 157192192
4 1 539557888 539561984
3 1 590602240 590606336
4 1 539619328 539623424
3 1 590630912 590635008
1 1 85333504 85341696
1 1 85341696 85344256
1 1 85446656 85448192
2 1 195973120 195993600
1 1 85448192 85452288
35 1 309198848 309264384
91 1 644386816 644390912
2 1 195993600 195997696
4 1 400547840 400551936
0 1 641601536 641605632
8 1 262671872 262675968
362 1 489783296 489792512
11 1 39444480 39449088
1 1 170180608 170196992
0 1 152670208 152674304
397 1 16883200 16887296
9 1 38129664 38133760
4 1 561086464 561123328
0 1 426450944 426459136
473 1 324632064 324636160
0 1 152600576 152604672
23 1 256405504 256409600
473 1 324718080 324730368
0 1 421273600 421285888
79 1 442908160 442936832
79 1 442936832 442940928
102 1 60485632 60489728
4 1 400416768 400420864
58 1 93978624 93982720
0 1 84369408 84373504
6 1 376205312 376209408
2 1 321581056 321585152
400 1 195293184 195604480
2 1 322568192 322605056
400 1 195604480 195608576
2 1 355266560 355315712
5 1 495505408 495513600
1 1 669253632 669319168
5 1 495509504 495513600
3 1 76091392 76115968
0 1 426450944 426455040
0 1 117923840 117927936
0 1 426442752 426446848
5 1 495509504 495513600
0 1 117850112 117854208
308 1 221368320 221372416
4 1 541925376 541933568
17 1 82661888 83186176
227 1 224989184 224993280
32 1 453820416 453824512
4 1 1335296 1359872
74 1 574439424 574447616
4 1 541933568 541937664
11 1 13647872 13651968
27 1 260022272 260026368
10 1 444092416 444100608
63 1 647684096 647688192
10 1 509272064 509276160
10 1 485089280 485093376
10 1 473276416 473280512
10 1 537161728 537165824
10 1 456384512 456388608
3 1 181960704 182095872
4 1 290708992 290713088
0 1 634174976 634179072
3 1 182095872 182099968
4 1 290708992 290713088
0 1 634174976 634179072
5 1 486551552 486559744
813 1 115146752 115150848
267 1 295972864 295989248
4 1 573509632 573513728
813 1 115150848 115179520
157 1 505942016 505946112
0 1 421285888 421294080
813 1 115179520 115183616
21 1 132722688 133246976
0 1 426463232 426500096
2 1 212803584 212807680
0 1 107663360 107667456
4 1 387317760 387321856
384 1 371305984 371314176
198 1 137428480 137432576
0 1 421244928 421253120
199 1 596073984 596078080
199 1 602725888 602729984
198 1 137432576 137444864
199 1 183631360 183639552
199 1 183639552 183680512
0 1 195309568 195313664
384 1 319344128 319348224
12 1 618343424 618344448
199 1 596078080 596123136
384 1 441556480 441568768
3 1 220897280 220901376
0 1 444887040 444903424
0 1 426516480 426524672
2 1 512094208 512098304
10 1 406548480 406552576
0 1 444903424 444923904
0 1 426455040 426463232
3 1 241786880 241790976
41 1 369008640 369016832
157 1 101302272 101314560
157 1 101314560 101318656
14 1 15269888 15273984
157 1 101318656 101330944
157 1 101330944 101335040
0 1 138932224 138936320
41 1 317861888 317870080
34 1 547549184 547561472
20 1 257712128 257724928
3 1 590573568 590577664
243 1 365092352 365096448
26 1 256200704 256204800
180 1 69967360 69971456
180 1 71958016 71962112
2 1 648720384 648724480
0 1 69136384 69140480
24 1 546160640 546164736
4 1 548454400 548462592
12 1 441446400 441450496
12 1 442490880 442494976
12 1 441884672 441888768
12 1 450977792 450981888
12 1 441950208 441954304
12 1 452014080 452018176
12 1 100843520 100847616
12 1 100868096 100872192
12 1 100921344 100929536
12 1 101109760 101113856
12 1 101142528 101146624
12 1 100958208 100962304
12 1 101498880 101502976
12 1 101552128 101556224
12 1 101560320 101564416
12 1 101523456 101527552
12 1 101568512 101572608
12 1 101621760 101625856
12 1 101629952 101634048
2 1 641675264 641679360
38 1 270893056 270906368
0 1 426442752 426446848
15 1 488976384 488980480
0 1 446586880 446599168
99 1 294866432 294874624
2 1 372563968 372568064
154 1 231034368 231038464
79 1 428088832 428101120
79 1 428101120 428105216
100 1 143175168 143179264
100 1 143560192 143572480
1 1 171900928 171925504
23 1 256434176 256462848
0 1 271151104 271183872
20 1 665911296 665939968
24 1 50737152 51253248
397 1 16887296 16891392
49 1 96088064 96092160
0 1 421273600 421277696
0 1 421208064 421212160
7 1 198672384 198676480
0 1 421273600 421277696
0 1 117858304 117862400
631 1 599412736 599416832
631 1 599384064 599388160
624 1 473874432 473878528
631 1 599379968 599384064
3 1 249749504 249757696
297 1 549974016 549978112
0 1 527429632 527450112
41 1 273281024 273289216
0 1 426516480 426524672
41 1 273289216 273293312
799 1 514776576 514874880
0 1 421199872 421203968
4 1 400490496 400494592
10 1 75010048 75014144
4 1 166002688 166010880
28 1 190345216 190350336
22 1 471310336 471314432
799 1 514874880 514878976
1 1 420614144 420646912
0 1 158121984 158138368
6 1 4960256 4964352
6 1 4898816 4902912
0 1 13070336 13074432
0 1 527917056 527929344
4 1 493812224 493813760
2 1 284438528 284446720
2 1 284446720 284450816
4 1 385646592 385650688
4 1 482054144 482058240
2 1 284450816 284459008
0 1 34443264 34459648
24 1 373899264 373903360
41 1 397701120 397705216
2 1 284459008 284463104
0 1 34459648 34463744
4 1 385646592 385650688
12 1 27594752 27607040
2 1 284463104 284471296
0 1 387760128 387764224
2 1 284471296 284475392
4 1 385646592 385650688
2 1 620351488 620359680
2 1 498016256 498020352
3 1 34164736 34168832
3 1 34324480 34332672
3 1 34590720 34594816
14 1 627507200 628031488
14 1 628031488 628555776
14 1 626982912 627507200
14 1 644153344 644349952
14 1 628555776 629080064
24 1 78577664 78708736
14 1 629080064 629481472
24 1 78774272 78839808
0 1 5017600 5018112
41 1 306393088 306401280
14 1 631898112 632094720
0 1 205201408 205205504
41 1 306401280 306405376
5 1 151040000 151044096
5 1 114663424 114667520
4 1 40140800 40142848
2 1 181456896 181460992
0 1 426520576 426524672
0 1 426455040 426459136
14 1 384753664 384757760
14 1 102912000 102916096
16 1 330215424 330219520
2 1 519766016 519782400
41 1 389054464 389062656
41 1 389062656 389066752
2 1 519782400 519786496
0 1 181899264 181919744
0 1 109666304 109670400
3 1 10993664 10997760
2 1 394698752 394702848
21 1 520278016 520286208
198 1 137444864 137457152
1 1 98496512 98500608
384 1 371314176 371330560
384 1 550120960 550129152
199 1 596123136 596164096
199 1 183680512 183725568
384 1 319348224 319397376
1 1 263270400 263274496
384 1 441568768 441572864
0 1 565137408 565141504
384 1 371330560 371338752
0 1 208957440 208961536
384 1 344137216 344272384
43 1 551882752 551886848
57 1 184811520 184827904
384 1 459808256 459943424
2 1 324304896 324305920
797 1 90398720 90411008
22 1 526962176 526994944
797 1 90411008 90415104
22 1 526994944 526999040
57 1 485335040 485339136
802 1 314839040 314843136
5 1 427036672 427048960
797 1 90415104 90423296
0 1 442265600 442286080
797 1 90423296 90427392
26 1 344623616 344624640
5 1 427048960 427053056
26 1 344624640 344632320
0 1 588378112 588382208
5 1 315322368 315326464
0 1 426450944 426487808
0 1 421208064 421224448
1 1 227758080 227823616
2 1 215744512 215810048
1 1 92614656 92618752
2 1 216137728 216203264
2 1 216530944 216596480
2 1 216924160 216989696
0 1 421199872 421203968
12 1 101896192 101900288
12 1 101650432 101658624
12 1 101933056 101937152
12 1 102010880 102014976
12 1 102002688 102006784
12 1 102019072 102023168
12 1 102277120 102281216
12 1 102182912 102187008
12 1 102342656 102346752
12 1 102096896 102100992
12 1 102449152 102453248
12 1 102285312 102289408
12 1 102662144 102666240
12 1 102457344 102465536
12 1 102707200 102715392
12 1 103862272 103870464
12 1 103559168 103563264
12 1 102670336 102674432
4 1 505155584 505159680
4 1 1359872 1363968
11 1 13668352 13680640
17 1 83186176 83214336
2 1 157741056 157745152
2 1 153329664 153333760
2 1 570819072 571343360
4 1 541937664 541941760
309 1 628436992 628441088
0 1 421298176 421306368
6 1 511258624 511651840
3 1 175599616 175603712
0 1 421236736 421244928
6 1 511741952 511828480
0 1 421306368 421310464
41 1 367247360 367255552
3 1 175599616 175603712
41 1 367255552 367259648
15 1 335114240 335122432
0 1 421240832 421244928
0 1 648507392 648523776
6 1 511828480 512331776
0 1 648609792 648613888
2 1 519659520 519663616
6 1 512593920 512614912
5 1 517615616 517619712
13 1 626081792 626089984
13 1 626036736 626040832
6 1 362807296 362811392
58 1 93982720 94044160
424 1 36093440 36097536
424 1 36097536 36109824
0 1 421208064 421212160
28 1 256360448 256361472
0 1 84303872 84307968
424 1 226508288 226557440
102 1 60485632 60489728
6 1 376209408 376217600
54 1 587268096 587333632
1 1 85860352 85860864
4 1 392908800 392916992
0 1 641597440 641601536
91 1 644386816 644390912
4 1 387317760 387321856
4 1 400482304 400486400
0 1 426455040 426463232
1 1 86581248 86585344
1 1 86589440 86593536
1 1 85864448 85868544
2 1 357924864 357928960
0 1 198848512 198852608
8 1 262671872 262675968
0 1 198856704 198860800
2 1 357261312 357269504
0 1 459087872 459091968
91 1 644386816 644390912
20 1 664399872 664883200
0 1 426520576 426524672
397 1 16891392 16928256
74 1 170885120 170909696
4 1 561123328 561127424
9 1 38133760 38166528
397 1 16928256 16932352
0 1 544931840 544948224
51 1 116092928 116097024
59 1 627007488 627011584
5 1 495509504 495513600
0 1 109535232 109539328
0 1 183287808 183304192
5 1 495509504 495513600
0 1 95371264 95387648
0 1 109469696 109481984
41 1 317870080 317874176
4 1 510517248 510521344
20 1 257724928 257726976
34 1 547561472 547565568
5 1 87212032 87216128
24 1 487804928 487809024
4 1 548462592 548466688
0 1 421208064 421224448
20 1 257726976 257729024
24 1 649719808 649723904
34 1 552960000 552972288
79 1 442940928 442945024
5 1 7692288 7704576
157 1 505921536 505925632
267 1 281350144 281370624
0 1 421224448 421232640
4 1 192761856 192763904
4 1 192765952 192766976
9 1 95924224 95925760
813 1 115183616 115216384
21 1 134316032 134328320
267 1 295985152 296005632
813 1 115216384 115220480
0 1 421273600 421277696
0 1 421294080 421298176
21 1 133246976 133758976
6 1 147005440 147009536
4 1 154009600 154013696
6 1 327913472 327917568
3 1 669577216 669581312
157 1 505942016 505946112
58 1 581656576 581660672
43 1 524087296 524091392
384 1 496774656 496909824
43 1 101257216 101265408
384 1 517590528 517729792
4 1 400437248 400445440
702 1 493850112 493854208
0 1 60227584 60289024
5 1 383258624 383262720
5 1 223612928 223617024
384 1 534375936 534502912
384 1 596188672 596270592
0 1 210399232 210403328
702 1 505155072 505159168
0 1 5021696 5025792
5 1 114671616 114675712
0 1 82673664 82690048
4 1 323588096 323596288
0 1 13107200 13111296
0 1 32452608 32473088
0 1 32473088 32477184
4 1 323592192 323596288
0 1 32477184 32493568
41 1 351977472 351985664
2 1 153165824 153169920
6 1 85413888 85417984
4 1 279048192 279052288
0 1 32493568 32497664
0 1 493613056 493617152
230 1 411262464 411266560
230 1 411442688 411446784
230 1 408960512 408964608
230 1 411803136 411807232
230 1 408964608 408968704
230 1 409124352 409132544
230 1 411229696 411233792
230 1 409452032 409460224
0 1 493604864 493608960
0 1 426516480 426520576
4 1 290708992 290713088
0 1 526053376 526057472
4 1 290708992 290713088
0 1 527290368 527294464
3 1 429694976 429696512
0 1 526516224 526532608
15 1 184164352 184165888
747 1 332705792 332713984
2 1 303263744 303267840
2 1 153772032 153776128
3 1 249823232 249827328
0 1 117854208 117858304
2 1 303292416 303300608
1 1 568295424 568299520
12 1 104169472 104173568
12 1 103923712 103927808
12 1 104386560 104390656
12 1 104284160 104288256
12 1 103772160 103776256
12 1 104742912 104747008
12 1 104943616 104951808
12 1 104239104 104243200
12 1 104517632 104521728
12 1 105316352 105320448
12 1 105308160 105312256
29 1 383827968 383832064
12 1 105152512 105156608
12 1 105701376 105705472
38 1 663552000 663556096
37 1 633188352 633192448
45 1 538005504 538013696
45 1 538284032 538288128
56 1 510832640 510836736
56 1 524795904 524800000
5 1 107487232 107491328
2 1 181456896 181460992
0 1 444968960 444973056
0 1 445005824 445014016
0 1 426520576 426524672
102 1 140934656 140951040
3 1 144912384 144924672
102 1 140881408 140930560
213 1 266837504 266841600
702 1 497942016 497946112
198 1 137457152 137469440
79 1 461295104 461307392
199 1 183725568 183762432
199 1 596164096 596200960
79 1 458915328 458927616
384 1 441572864 441597440
384 1 534502912 534507008
384 1 371338752 371387904
702 1 462069248 462073344
384 1 550129152 550170112
702 1 486481408 486489600
602 1 454712832 454716928
198 1 137469440 137494016
199 1 596200960 596270592
0 1 421314560 421322752
31 1 178606592 179130880
11 1 357071872 357072384
31 1 564940800 564944896
8 1 18583552 18608128
0 1 442535936 442540032
0 1 421285888 421289984
31 1 114683904 114688000
4 1 394571776 394584064
4 1 394567680 394571776
5 1 235016192 235028480
5 1 235012096 235016192
5 1 267665408 267669504
0 1 447594496 447610880
0 1 448004096 448008192
0 1 13041664 13045760
5 1 260075520 260079616
5 1 222957568 222969856
5 1 260079616 260112384
0 1 426450944 426459136
5 1 267669504 268193792
5 1 268193792 268435456
0 1 35430400 35450880
5 1 222953472 222957568
5 1 272662528 273137664
5 1 235012096 235016192
6 1 362835968 362840064
10 1 75014144 75018240
424 1 226917888 227180032
4 1 400424960 400429056
6 1 363892736 363896832
0 1 426536960 426545152
6 1 489435136 489439232
0 1 426475520 426483712
0 1 426545152 426549248
6 1 489435136 489439232
813 1 115220480 115245056
0 1 551092224 551108608
2 1 212803584 212807680
813 1 115245056 115249152
1 1 423821312 423862272
267 1 281366528 281382912
0 1 545017856 545050624
0 1 531820544 531824640
41 1 332967936 332976128
41 1 332976128 332980224
1 1 16867328 16887808
17 1 89686016 89698304
0 1 76247040 76251136
0 1 426557440 426561536
0 1 525856768 525860864
79 1 428105216 428133888
79 1 428133888 428137984
41 1 326164480 326172672
3 1 554487808 554504192
8 1 415543296 415547392
79 1 428137984 428142080
8 1 416542720 416543744
41 1 326172672 326176768
3 1 554504192 554508288
100 1 143703552 143711744
100 1 143674880 143699456
100 1 143646208 143670784
100 1 143994368 144002560
79 1 428142080 428146176
79 1 428146176 428178944
79 1 428178944 428183040
100 1 143646208 143662592
0 1 89980928 90001408
4 1 541941760 541945856
308 1 221384704 221388800
308 1 221335552 221339648
17 1 84856832 85352960
309 1 628441088 628445184
548 1 172605440 172638208
308 1 221339648 221343744
4 1 541945856 541958144
0 1 421199872 421203968
0 1 426455040 426459136
198 1 441785856 441789952
41 1 299835392 299843584
0 1 626778112 626782208
0 1 515862528 515883008
34 1 297115648 297123840
34 1 308506624 308510720
0 1 76312576 76316672
0 1 574398464 574423040
0 1 472084480 472092672
0 1 574423040 574435328
0 1 515883008 515895296
0 1 477122560 477130752
0 1 421289984 421302272
422 1 50507776 50511872
0 1 55377920 55439360
25 1 248614912 248631296
35 1 182976512 183042048
1 1 272007168 272011264
2 1 339554304 339566592
1 1 260980736 260997120
797 1 90427392 90435584
3 1 598016 610304
25 1 248655872 248664064
25 1 249647104 249655296
797 1 90435584 90439680
25 1 251424768 251432960
802 1 314839040 314843136
25 1 250212352 250220544
797 1 90439680 90447872
25 1 250884096 250892288
28 1 597200896 597225472
797 1 90447872 90451968
0 1 527450112 527462400
7 1 517545984 517550080
8 1 606887936 606896128
6 1 393326592 393330688
6 1 482574336 482578432
6 1 495296512 495304704
6 1 492163072 492167168
6 1 513867776 513875968
6 1 488640512 488648704
4 1 548466688 548499456
243 1 365092352 365096448
180 1 71958016 71962112
34 1 552972288 552976384
11 1 292372480 292376576
10 1 399835136 399836160
11 1 292429824 292438016
3 1 562089984 562093568
0 1 421277696 421281792
3 1 360706048 360726528
3 1 249827328 249831424
102 1 34545152 34549248
92 1 512671232 512675328
3 1 596701184 596713472
0 1 13135872 13139968
20 1 453046784 453054464
20 1 453058560 453485056
11 1 539922432 539924480
4 1 493813248 493846528
4 1 494043136 494059520
26 1 546070528 546074624
79 1 442945024 442949120
79 1 442949120 442981888
83 1 274804224 274808320
41 1 312713216 312721408
43 1 23891968 24379392
41 1 312721408 312725504
31 1 8347648 8507392
41 1 396607488 396615680
237 1 76709376 76762624
41 1 396615680 396619776
12 1 38703104 38735872
237 1 76762624 76766720
17 1 256692736 256802816
17 1 256831488 257245696
1 1 2736128 2740224
17 1 257245696 257769984
5 1 495509504 495521792
4 1 323072000 323076096
0 1 25649152 25661440
4 1 329244672 329246720
5 1 495513600 495517696
5 1 495513600 495517696
7 1 374943744 374946304
0 1 641597440 641601536
0 1 525582336 525586432
0 1 460099584 460103680
2 1 107667456 107671552
2 1 110030848 110034944
199 1 183762432 183827968
0 1 511582208 511586304
384 1 371387904 371408384
384 1 550170112 550182400
199 1 183827968 183856640
384 1 441597440 441642496
198 1 137494016 137502208
384 1 517729792 517828096
384 1 344268288 344272384
384 1 496909824 497004032
199 1 602701312 602725888
1 1 330440704 330448896
384 1 596270592 596381184
31 1 473251840 473255936
52 1 119197696 119201792
52 1 118988800 118992896
52 1 123101184 123105280
52 1 120061952 120066048
52 1 122744832 122773504
62 1 212852736 212856832
141 1 18681856 18685952
141 1 19251200 19255296
141 1 159793152 159797248
141 1 159940608 159944704
141 1 159932416 159936512
141 1 161288192 161292288
141 1 160104448 160108544
141 1 159952896 159956992
141 1 161329152 161333248
141 1 161316864 161320960
141 1 165097472 165101568
0 1 641593344 641597440
6 1 320208896 320213504
41 1 354136064 354144256
41 1 354144256 354148352
0 1 161374208 161390592
0 1 138870784 138874880
0 1 161390592 161411072
0 1 138936320 138940416
157 1 121987072 122003456
157 1 122003456 122007552
4 1 458895360 458899456
4 1 400101376 400105472
4 1 400093184 400097280
14 1 235257856 235258880
13 1 329162752 329165312
38 1 352059392 352079872
23 1 657911808 657928192
9 1 38166528 38170624
38 1 352845824 352890880
0 1 421888 438272
6 1 376287232 376291328
19 1 77742080 77746176
4 1 659025920 659030016
2 1 571343360 571867648
4 1 541958144 541966336
547 1 191979520 191983616
9 1 163381248 163409920
0 1 421228544 421232640
0 1 421208064 421216256
157 1 505921536 505925632
813 1 115249152 115273728
0 1 532217856 532246528
1 1 423862272 423866368
21 1 133758976 134217728
5 1 235016192 235028480
5 1 252710912 252715008
5 1 245895168 245923840
8 1 108019712 108023808
27 1 201113600 201121792
27 1 146112512 146116608
5 1 244285440 244338688
5 1 279830528 280326144
27 1 201138176 201146368
1 1 489504768 489570304
65 1 573153280 573169664
8 1 250097664 250101760
23 1 68820992 68829184
22 1 194912256 194916352
5 1 235012096 235016192
91 1 658370560 658374656
67 1 111046656 111050752
4 1 400547840 400551936
1 1 232902656 232906752
1 1 232873984 232878080
1 1 232837120 232845312
0 1 641601536 641605632
8 1 262671872 262675968
1 1 85860352 85860864
91 1 658370560 658374656
0 1 641597440 641601536
4 1 400482304 400486400
103 1 46010368 46014464
4 1 400441344 400445440
0 1 426455040 426459136
0 1 426455040 426459136
2 1 181456896 181460992
41 1 345776128 345784320
20 1 453485056 453943808
25 1 282034176 282038272
0 1 13070336 13074432
26 1 546054144 546070528
14 1 503300096 503304192
25 1 282021888 282034176
36 1 444309504 444313600
14 1 160444416 160464896
39 1 227880960 227885056
39 1 223391744 223395840
39 1 226312192 226316288
36 1 542191616 542195712
39 1 224878592 224882688
39 1 211918848 211922944
38 1 55570432 55574528
39 1 247545856 247549952
101 1 496045568 496049664
400 1 195608576 195850240
41 1 381849600 381857792
1 1 3170304 3182592
3 1 360726528 360730624
41 1 381861888 381865984
400 1 195850240 195854336
0 1 421662720 421666816
0 1 456728576 456732672
7 1 636166144 636167168
0 1 426479616 426483712
82 1 144453632 144461824
82 1 144461824 144465920
1 1 150777856 150781952
10 1 103489536 103493632
10 1 98803712 98807808
10 1 101265408 101269504
0 1 525733888 525750272
0 1 421273600 421277696
30 1 450924544 450928640
3 1 142065664 142073856
30 1 450887680 450891776
3 1 142073856 142077952
41 1 323198976 323207168
41 1 323207168 323211264
2 1 350896128 350908416
2 1 284475392 284483584
12 1 491429888 491430912
0 1 426516480 426528768
2 1 284483584 284487680
12 1 282071040 282074624
11 1 136146944 136147968
4 1 385646592 385650688
2 1 284487680 284495872
2 1 284495872 284499968
1 1 246329344 246333440
1 1 606339072 606343168
0 1 144375808 144379904
0 1 401408 405504
4 1 649035776 649039872
20 1 159481856 159485952
0 1 153092096 153096192
0 1 426455040 426459136
0 1 444948480 444964864
2 1 217317376 217382912
2 1 217710592 217776128
41 1 274681856 274690048
2 1 218103808 218169344
41 1 274690048 274694144
2 1 218497024 218562560
2 1 218890240 218928128
2 1 146264064 146268160
0 1 283410432 283418624
180 1 69967360 69971456
41 1 313184256 313192448
4 1 548499456 548503552
0 1 8855552 8863744
0 1 50757632 50774016
41 1 299843584 299847680
79 1 442981888 442985984
413 1 641441280 641445376
413 1 643763712 643776000
425 1 111443456 111574528
425 1 203841024 203972096
102 1 60485632 60493824
0 1 421273600 421277696
41 1 352133120 352157696
6 1 513400832 513409024
1 1 564588544 564645888
0 1 444903424 444919808
198 1 137498112 137502208
1 1 263270400 263274496
384 1 371404288 371408384
0 1 421253120 421257216
11 1 625060352 625062400
384 1 459939328 459943424
1 1 330448896 330452992
4 1 400506880 400515072
4 1 387321856 387325952
43 1 524087296 524091392
41 1 335163392 335171584
1 1 493617152 493629440
41 1 335171584 335175680
77 1 417882112 417935360
18 1 319750144 319762432
62 1 64778240 64786432
1 1 409522176 409526272
1 1 409587712 409677824
0 1 426520576 426524672
0 1 530149376 530153472
0 1 456249344 456253440
0 1 641601536 641605632
3 1 312201216 312205312
0 1 492867584 492871680
624 1 473870336 473874432
503 1 276586496 276587520
0 1 421445632 421449728
7 1 411832320 411836416
0 1 422494208 422498304
0 1 641593344 641597440
37 1 387985408 388497408
23 1 657977344 657993728
74 1 170885120 170889216
23 1 666714112 666746880
0 1 205205504 205209600
0 1 5017600 5018112
0 1 205201408 205205504
18 1 272183296 272216064
0 1 445034496 445050880
0 1 526450688 526462976
1 1 500461568 500465664
1 1 500465664 500469760
1 1 655028224 655032320
1 1 655163392 655175680
4 1 408805376 408809472
0 1 421306368 421310464
1 1 546242560 546304000
0 1 90607616 90611712
6 1 512614912 513073664
0 1 421240832 421253120
22 1 153813504 154337792
0 1 90537984 90542080
3 1 175833088 175837184
4 1 400490496 400510976
0 1 421314560 421318656
25 1 4881920 4898304
6 1 513139200 513183744
397 1 56872448 56905216
0 1 421249024 421253120
397 1 56905216 56909312
2 1 394653696 394694656
109 1 422748160 422764544
2 1 394702848 394706944
0 1 40083456 40099840
0 1 662269952 662270464
0 1 662270464 662286336
1 1 146927616 146928640
1 1 146928640 146932736
1 1 146932736 146936832
1 1 146936832 146940928
4 1 126643712 126664192
308 1 237387776 237391872
307 1 609071104 609075200
4 1 505159680 505163776
547 1 191983616 191987712
24 1 347308032 347312128
27 1 289669120 289673216
55 1 318205952 318210048
47 1 16691200 16695296
5 1 156307456 156360704
10 1 85180416 85196800
799 1 514878976 514899456
4 1 400490496 400498688
50 1 371761152 371785728
2 1 467062784 467066368
0 1 459087872 459091968
5 1 495513600 495521792
3 1 93626368 93630464
2 1 51183616 51187712
1 1 228159488 228179968
5 1 495517696 495521792
0 1 138928128 138932224
0 1 95387648 95408128
5 1 495517696 495521792
0 1 183304192 183324672
6 1 13717504 13721600
4 1 111222784 111226880
5 1 513921024 513925120
5 1 155308032 155316224
14 1 463368192 463372288
0 1 82690048 82710528
0 1 13041664 13045760
41 1 351985664 351989760
1 1 135442432 135467008
4 1 323592192 323596288
1 1 135467008 135471104
0 1 32497664 32505856
7 1 51318784 51322880
1 1 7405568 7409664
7 1 51355648 51359744
5 1 273534976 273539072
0 1 204574720 204578816
0 1 84885504 84889600
1 1 150990848 150994944
0 1 426545152 426549248
0 1 421220352 421224448
23 1 216219136 216244224
0 1 421888 442368
41 1 345784320 345788416
31 1 281370624 281374720
31 1 179130880 179655168
41 1 313192448 313196544
34 1 552943616 552955904
11 1 357071872 357074432
0 1 442593280 442597376
27 1 601563136 601571328
8 1 18583552 18587648
0 1 421220352 421224448
32 1 259469312 259473408
4 1 548503552 548511744
34 1 552955904 552960000
813 1 115273728 115277824
1 1 338083840 338087936
157 1 505942016 505946112
1 1 402251776 402255872
0 1 421294080 421298176
0 1 151461888 151465984
0 1 426516480 426520576
100 1 144002560 144014848
100 1 144018944 144039424
79 1 428183040 428207616
1 1 439545856 439549952
79 1 428207616 428211712
4 1 433893376 433967104
1 1 17272832 17276928
99 1 294870528 294882816
4 1 400424960 400429056
4 1 513724416 513728512
100 1 145202688 145206784
100 1 144403968 144408064
100 1 144145920 144154112
79 1 428211712 428240384
4 1 433967104 433971200
79 1 428240384 428244480
0 1 426450944 426455040
102 1 140881408 140897792
102 1 140951040 140983808
79 1 442985984 443010560
22 1 617169920 617170432
91 1 658370560 658374656
3 1 566878208 566886400
3 1 566829056 566853632
18 1 555954176 555957760
4 1 400547840 400556032
41 1 345739264 345747456
20 1 194441216 194441728
41 1 345747456 345751552
41 1 331288576 331296768
12 1 618343936 618344448
0 1 421318656 421322752
11 1 625061888 625062400
399 1 492240384 492453376
0 1 511578112 511582208
4 1 443875328 443879424
1 1 263270400 263274496
399 1 492453376 492457472
4 1 400445440 400453632
12 1 512569344 512573440
9 1 38170624 38178816
38 1 353939456 354385920
29 1 193986560 194002944
0 1 528220160 528240640
0 1 426520576 426532864
454 1 602533376 602537472
397 1 89296896 89300992
0 1 84434944 84439040
402 1 447025152 447029248
397 1 89300992 89366528
397 1 89366528 89370624
526 1 278134784 278233088
0 1 426450944 426455040
0 1 526970880 526974976
397 1 89370624 89419776
0 1 527630336 527646720
397 1 89419776 89423872
0 1 527101952 527106048
0 1 527499264 527507456
7 1 193736704 193738240
2 1 188669952 188678144
0 1 426516480 426536960
9 1 563015680 563019776
402 1 375488512 375492608
0 1 112013312 112058368
20 1 257729024 257736192
0 1 78315520 78336000
23 1 316506112 316510208
20 1 257736192 257744896
31 1 497356800 497360896
0 1 526782464 526798848
26 1 546050048 546054144
4 1 59191296 59359232
4 1 494056448 494057472
0 1 13135872 13144064
4 1 59359232 59363328
4 1 479477760 479481856
4 1 426053632 426057728
26 1 546070528 546074624
20 1 454009344 454533632
4 1 426041344 426045440
26 1 546074624 546086912
4 1 494056960 494057984
0 1 155119616 155123712
0 1 324182016 324186112
1 1 126996480 127000576
1 1 55205888 55209984
0 1 441643008 441647104
0 1 442105856 442122240
0 1 421208064 421216256
0 1 421273600 421277696
0 1 523689984 523698176
0 1 523763712 523776000
2 1 1413120 1417216
0 1 421208064 421224448
2 1 1413120 1425408
2 1 1421312 1425408
2 1 1421312 1425408
0 1 442122240 442134528
1 1 49020928 49029120
2 1 1421312 1433600
2 1 1429504 1433600
28 1 327491584 327495680
4 1 415645696 415649792
2 1 353943552 353964032
4 1 387317760 387321856
1 1 65744896 65761280
7 1 411832320 411836416
14 1 248762368 248766464
390 1 420556800 420560896
18 1 109154304 109158400
10 1 628420608 628422144
0 1 191852544 191868928
0 1 117923840 117932032
0 1 574435328 574455808
7 1 280567808 280571904
0 1 426450944 426459136
0 1 472031232 472035328
0 1 421232640 421236736
0 1 444817408 444833792
0 1 421298176 421302272
0 1 426520576 426528768
7 1 280567808 280571904
0 1 421232640 421236736
0 1 421298176 421302272
0 1 612782080 612802560
7 1 280567808 280571904
0 1 421232640 421236736
0 1 117858304 117870592
0 1 426455040 426459136
5 1 85815296 85819392
3 1 578768896 578772992
24 1 197419008 197459968
79 1 443010560 443014656
23 1 563216384 563240960
54 1 406773760 406777856
41 1 352157696 352161792
6 1 376291328 376324096
799 1 514899456 514903552
102 1 60489728 60493824
5 1 156360704 156364800
10 1 85196800 85209088
0 1 151388160 151392256
41 1 600682496 600686592
17 1 85352960 85877248
308 1 237391872 237395968
550 1 257404928 257413120
4 1 541966336 541995008
518 1 500137984 500142080
268 1 224956416 224985088
0 1 657674240 657675264
2 1 571867648 572391936
308 1 237395968 237400064
4 1 541995008 542007296
8 1 38133760 38137856
0 1 255262720 255328256
6 1 376324096 376328192
1 1 285536256 285552640
1 1 285626368 285642752
1 1 187461632 187465728
157 1 505921536 505925632
157 1 505942016 505946112
21 1 134328320 134852608
21 1 134852608 134889472
0 1 421228544 421240832
18 1 571175936 571176448
103 1 46010368 46014464
4 1 13479936 13484032
0 1 426450944 426467328
41 1 331296768 331300864
91 1 658370560 658374656
4 1 400506880 400510976
4 1 13496320 13500416
4 1 400486400 400490496
2 1 286687232 286689792
0 1 622870528 622874624
2 1 286384128 286387200
362 1 489791488 489799680
3 1 425873408 425877504
0 1 460079104 460083200
1 1 254918656 254922752
2 1 9232384 9236480
8 1 262671872 262675968
1 1 348905472 348909568
0 1 138940416 138948608
4 1 392916992 392929280
4 1 148819968 148824064
0 1 526462976 526467072
3 1 268148736 268161024
0 1 525987840 525991936
0 1 526647296 526659584
3 1 268161024 268165120
0 1 468680704 468684800
2 1 380686336 380692480
6 1 312602624 312606720
41 1 285007872 285016064
5 1 362090496 362091008
6 1 498925568 498929664
0 1 17108992 17113088
0 1 17182720 17190912
0 1 235798528 235802624
0 1 238080000 238084096
4 1 22847488 22851584
18 1 544727040 544919552
18 1 544980992 545214976
18 1 545214976 545673728
18 1 545739264 546263552
18 1 546263552 546787840
18 1 547262464 547316224
18 1 546787840 547258368
18 1 547316224 547840512
4 1 387317760 387321856
3 1 131932160 131936256
11 1 625061888 625063424
1 1 338649088 338681856
2 1 440487936 440492032
0 1 34037760 34041856
34 1 553037824 553050112
11 1 357073920 357074432
20 1 257744896 257747968
4 1 548511744 548515840
31 1 179655168 180113920
0 1 421285888 421289984
31 1 455405568 455409664
34 1 553050112 553054208
78 1 514605056 514609152
28 1 403869696 403873792
58 1 207982592 207986688
11 1 474316800 474320896
2 1 163880960 163979264
33 1 59572224 59580416
41 1 287338496 287346688
7 1 246996992 247001088
24 1 222167040 222175232
14 1 631832576 631898112
24 1 78970880 79101952
43 1 367886336 367890432
43 1 365379584 365383680
14 1 631308288 631832576
4 1 400429056 400433152
12 1 158277632 158650368
22 1 463261696 463269888
9 1 38178816 38182912
397 1 16932352 16944640
9 1 305065984 305070080
12 1 162914304 162979840
397 1 16944640 16948736
30 1 222453760 222457856
5 1 235016192 235028480
1 1 449941504 449945600
1 1 449945600 449970176
1 1 489570304 489574400
57 1 502222848 502226944
1 1 449970176 449974272
57 1 502226944 502239232
1 1 449974272 449982464
5 1 280322048 280326144
1 1 449982464 449986560
5 1 280326144 280813568
5 1 244867072 245313536
5 1 244862976 244867072
5 1 252715008 252731392
4 1 400490496 400494592
79 1 428244480 428248576
1 1 335511552 335515648
1 1 439816192 439824384
100 1 145206784 145231360
100 1 145341952 145346048
100 1 145276416 145284608
100 1 145247744 145272320
100 1 145362432 145366528
4 1 400424960 400429056
79 1 428248576 428252672
79 1 428252672 428285440
79 1 428285440 428289536
100 1 145206784 145223168
1 1 439545856 439549952
100 1 145624576 145632768
100 1 145366528 145391104
4 1 400490496 400506880
0 1 109543424 109551616
5 1 495517696 495521792
1 1 98672640 98693120
41 1 317493248 317501440
5 1 495517696 495529984
0 1 426516480 426520576
41 1 317501440 317505536
5 1 495521792 495525888
0 1 426446848 426450944
5 1 495521792 495525888
41 1 345427968 345436160
41 1 345436160 345440256
0 1 138858496 138862592
3 1 487489536 487493632
3 1 487497728 487559168
3 1 487194624 487198720
3 1 488333312 488394752
3 1 488321024 488325120
3 1 501284864 501288960
24 1 222101504 222105600
0 1 426516480 426520576
0 1 426479616 426491904
0 1 426446848 426450944
6 1 489443328 489447424
0 1 426553344 426557440
4 1 443879424 443883520
1 1 263270400 263274496
28 1 332386304 332390400
167 1 96313344 96317440
41 1 333344768 333352960
4 1 400515072 400519168
28 1 43859968 43864064
1 1 126414848 126418944
1 1 409677824 409681920
2 1 117678080 117682176
2 1 653959168 653975552
2 1 561192960 561197056
41 1 382853120 382861312
15 1 426258432 426262528
48 1 171282432 171285504
0 1 567365632 567369728
4 1 539557888 539561984
3 1 590573568 590577664
3 1 590602240 590606336
4 1 539619328 539623424
20 1 257747968 257749504
3 1 590630912 590635008
0 1 426450944 426455040
31 1 286412800 286416896
20 1 257749504 257751552
4 1 548515840 548524032
31 1 134053888 134057984
41 1 366706688 366714880
41 1 366714880 366718976
0 1 444919808 444923904
0 1 445972480 445988864
1 1 564645888 564649984
0 1 426516480 426520576
2 1 295649280 295653376
66 1 541556736 541560832
65 1 560795648 560799744
0 1 434065408 434073600
0 1 434036736 434040832
4 1 561127424 561164288
58 1 653840384 653844480
0 1 426463232 426479616
5 1 204181504 204210176
8 1 39026688 39034880
17 1 85877248 86401536
4 1 542007296 542015488
9 1 159469568 159473664
32 1 209051648 209055744
32 1 208986112 208994304
3 1 137789440 137793536
4 1 542015488 542019584
308 1 237400064 237404160
10 1 262545408 262557696
0 1 387788800 387792896
0 1 151474176 151478272
0 1 564719616 564723712
7 1 387620864 387624960
10 1 442011648 442015744
0 1 422494208 422498304
0 1 426516480 426520576
0 1 634174976 634179072
4 1 471797760 471801856
0 1 634174976 634179072
4 1 290708992 290713088
4 1 290708992 290713088
1 1 515940352 515944448
0 1 634174976 634179072
0 1 634174976 634179072
0 1 17199104 17207296
0 1 426450944 426459136
0 1 426516480 426524672
3 1 279171072 279175168
0 1 191045632 191049728
2 1 600748032 601272320
2 1 600223744 600748032
18 1 511619072 511621120
13 1 296988672 296992768
13 1 297029632 297041920
2 1 601272320 601554944
2 1 520355840 520486912
2 1 601554944 601620480
1 1 553324032 553348608
3 1 134152192 134217728
118 1 435064320 435068416
24 1 220524544 220528640
3 1 485556224 485621760
3 1 79720448 79781888
24 1 221859840 221863936
11 1 474316800 474320896
17 1 186040320 186048512
0 1 377970688 377974784
1 1 504385536 504389632
21 1 134893568 135380992
0 1 421302272 421306368
161 1 6979072 6983168
100 1 84246016 84250112
160 1 557866496 557870592
4 1 224403456 224407552
3 1 510963712 510966784
397 1 89423872 89493504
397 1 89493504 89497600
1 1 248520704 248524800
526 1 278528000 278622208
2 1 239128576 239130624
397 1 89497600 89550848
397 1 89550848 89554944
16 1 152367104 152371200
0 1 602849280 602853376
6 1 68202496 68206592
13 1 97411072 97419264
11 1 188477440 188481536
9 1 166453248 166457344
0 1 464523264 464527360
15 1 351031296 351035392
5 1 194859008 194863104
4 1 323592192 323596288
1 1 7409664 7426048
1 1 7426048 7430144
4 1 323592192 323596288
472 1 573681664 573685760
1 1 7430144 7438336
240 1 236126208 236138496
14 1 458501632 458509824
1 1 7438336 7442432
240 1 236138496 236142592
4 1 291398144 291399680
0 1 560431104 560435200
1 1 146940928 146945024
24 1 42958336 42962432
118 1 436698624 436727296
0 1 40099840 40120320
1 1 146945024 146949120
118 1 436727296 436731392
0 1 143028224 143044608
0 1 660709376 660713472
41 1 387239936 387248128
1 1 147259392 147259904
41 1 387248128 387252224
0 1 660705280 660709376
0 1 472088576 472092672
0 1 472100864 472104960
0 1 444874752 444887040
0 1 444833792 444841984
14 1 513142784 513146880
70 1 152428544 152432640
5 1 226652160 226656256
0 1 472035328 472039424
0 1 421298176 421306368
0 1 472100864 472109056
7 1 606339072 606343168
14 1 513142784 513146880
0 1 612802560 612814848
0 1 421236736 421240832
70 1 152428544 152432640
7 1 606343168 606347264
0 1 472039424 472043520
7 1 606347264 606351360
9 1 237236224 237285376
3 1 418549760 418550272
3 1 223399936 223404544
0 1 426487808 426491904
4 1 415649792 415653888
0 1 444817408 444833792
22 1 471351296 471355392
28 1 190357504 190362624
50 1 371761152 371765248
4 1 166010880 166014976
3 1 175833088 175837184
6 1 513249280 513729024
0 1 421314560 421318656
0 1 648613888 648626176
22 1 154337792 154862080
0 1 443514880 443518976
6 1 513729024 513736704
5 1 572076032 572600320
6 1 513785856 513822720
2 1 519659520 519663616
5 1 517615616 517619712
5 1 572600320 573124608
0 1 421249024 421257216
5 1 573124608 573648896
5 1 573648896 574173184
6 1 515727360 516207104
5 1 574173184 574697472
22 1 155029504 155324928
22 1 154862080 155025408
0 1 458891264 458895360
4 1 387321856 387325952
103 1 46010368 46014464
0 1 161251328 161271808
4 1 400441344 400445440
91 1 658370560 658374656
0 1 138878976 138887168
4 1 400551936 400556032
0 1 580984832 581005312
6 1 24068096 24072192
12 1 167833600 167907328
9 1 38182912 38191104
39 1 455204864 455577600
0 1 101289984 101294080
6 1 24084480 24088576
6 1 24051712 24064000
6 1 24092672 24100864
11 1 562692096 562696192
0 1 109432832 109436928
2 1 181456896 181460992
0 1 426520576 426524672
0 1 426459136 426463232
2 1 181456896 181460992
0 1 426524672 426528768
2 1 379883520 379887616
4 1 443883520 443887616
33 1 664412160 664420352
1 1 126439424 126459904
2 1 379944960 379957248
41 1 369016832 369020928
29 1 622628864 622632960
50 1 645230592 645234688
18 1 54378496 54382592
4 1 102739968 102744064
78 1 150859776 150863872
18 1 534355968 534360064
33 1 502149120 502210560
11 1 128536576 128540672
51 1 62009344 62013440
19 1 10170368 10174464
58 1 61501440 61505536
26 1 128086016 128086528
0 1 468881408 468885504
0 1 468910080 468914176
0 1 469143552 469147648
1 1 192172032 192176128
2 1 312885248 312889344
0 1 534282240 534286336
0 1 468635648 468639744
160 1 575348224 575352320
100 1 374779392 374783488
100 1 380411392 380415488
0 1 421236736 421240832
4 1 591134720 591138816
6 1 376328192 376336384
10 1 75010048 75014144
2 1 625508352 625606656
3 1 649392128 649396224
102 1 60489728 60493824
0 1 426459136 426463232
5 1 97853440 97858048
100 1 545881600 545893888
41 1 287346688 287350784
24 1 222175232 222232576
2 1 582103040 582168576
6 1 582680576 582758400
41 1 296144896 296169472
41 1 304144384 304152576
2 1 163979264 163983360
22 1 268566528 268632064
41 1 296169472 296173568
2 1 582168576 582172672
102 1 141049344 141065728
41 1 304152576 304156672
54 1 406773760 406777856
2 1 163983360 163995648
45 1 540413952 540418048
11 1 571248640 571252736
32 1 434831360 434860032
39 1 455581696 455720960
11 1 562675712 562688000
11 1 562720768 562724864
11 1 571273216 571281408
11 1 562704384 562716672
11 1 562753536 562757632
11 1 571260928 571269120
11 1 562737152 562745344
11 1 571256832 571260928
11 1 562728960 562733056
11 1 579080192 579088384
11 1 579112960 579121152
11 1 562761728 562765824
11 1 578969600 578977792
4 1 163872768 163874816
550 1 230842368 230875136
3 1 138252288 138276864
2 1 572391936 572916224
4 1 542019584 542023680
14 1 55787520 55795712
14 1 469307392 469315584
56 1 127225856 127229952
41 1 285016064 285020160
1 1 655175680 655187968
677 1 576507904 576509440
745 1 282865664 282884096
26 1 612179968 612184064
7 1 411832320 411840512
0 1 151408640 151416832
7 1 411836416 411840512
0 1 151478272 151482368
34 1 553054208 553066496
11 1 357073920 357074944
0 1 523776000 523792384
24 1 351453184 351457280
0 1 421220352 421224448
32 1 253186048 253190144
34 1 553066496 553070592
4 1 548524032 548528128
20 1 257751552 257753600
41 1 342507520 342515712
31 1 180130304 180654592
31 1 529305600 529317888
4 1 59363328 59379712
14 1 597995520 597999616
0 1 13074432 13078528
4 1 59379712 59383808
0 1 21037056 21041152
4 1 59383808 59404288
20 1 454533632 455057920
2 1 254746624 254750720
2 1 322473984 322479616
4 1 59404288 59408384
26 1 546086912 546095104
4 1 59408384 59424768
41 1 326262784 326270976
20 1 455057920 455582208
41 1 326270976 326275072
4 1 59424768 59428864
26 1 546086912 546091008
79 1 428289536 428314112
79 1 428314112 428318208
99 1 294878720 294891008
100 1 145722880 145739264
8 1 214474752 214478848
1 1 124518400 124526592
79 1 428318208 428322304
79 1 428322304 428346880
8 1 214482944 214487040
2 1 406167552 406169600
79 1 428346880 428350976
1 1 178921472 178925568
0 1 421208064 421212160
6 1 376336384 376340480
4 1 166014976 166023168
4 1 400494592 400498688
17 1 257769984 258294272
17 1 258294272 258818560
2 1 527126528 527142912
0 1 449548288 449552384
41 1 343764992 343773184
0 1 449544192 449548288
17 1 258818560 259342848
1 1 125186048 125190144
8 1 493707264 493711360
0 1 67624960 67629056
1 1 114786304 114790400
0 1 243351552 243359744
1 1 111357952 111362048
8 1 502575104 502579200
0 1 243363840 243367936
3 1 205979648 205983744
26 1 128081920 128086016
28 1 316035072 316038144
6 1 464535552 464539648
2 1 405790720 405794304
5 1 32620544 32628736
4 1 122224640 122228736
25 1 454639616 454643712
6 1 475455488 475457536
12 1 213626880 213659648
5 1 32628736 32632832
0 1 4206592 4210688
82 1 152240128 152248320
82 1 152248320 152252416
4 1 10301440 10302976
0 1 128794624 128815104
0 1 59138048 59146240
79 1 443014656 443018752
47 1 404885504 404889600
0 1 57147392 57212928
79 1 443018752 443043328
54 1 546992128 546996224
2 1 133193728 133201920
4 1 45322240 45326336
0 1 126304256 126308352
0 1 426455040 426471424
11 1 187813888 187822080
1 1 34181120 34189312
4 1 385646592 385654784
0 1 426520576 426532864
2 1 284499968 284508160
2 1 284508160 284512256
4 1 385650688 385654784
2 1 284512256 284520448
2 1 284520448 284524544
1 1 248528896 248537088
1 1 439287808 439349248
4 1 385650688 385654784
2 1 284524544 284532736
1 1 443473920 443543552
2 1 284532736 284536832
1 1 447668224 447737856
1 1 570748928 570749952
41 1 323461120 323469312
4 1 385650688 385654784
5 1 194867200 194871296
3 1 377397248 377401344
15 1 310910976 310915072
5 1 63467520 63471616
13 1 318963712 318967808
11 1 188190720 188194816
16 1 12558336 12574720
15 1 224882688 224886784
16 1 54816768 54824960
14 1 498180096 498182656
5 1 194879488 194883584
15 1 224927744 224931840
15 1 310927360 310931456
11 1 188215296 188219392
0 1 421244928 421261312
3 1 225628160 225632256
13 1 276672512 276676608
11 1 188407808 188411904
47 1 327737344 327741440
0 1 421273600 421277696
0 1 550305792 550322176
5 1 218853376 218857472
21 1 135380992 135905280
6 1 149737472 149745664
5 1 343121920 343126016
6 1 304291840 304300032
6 1 199278592 199282688
7 1 365588480 365592576
97 1 440036864 440040960
42 1 266989568 266993664
41 1 283897856 283906048
1 1 127705088 127725568
1 1 263270400 263274496
0 1 444157952 444162048
41 1 333352960 333357056
62 1 346320896 346324992
41 1 283906048 283910144
4 1 400449536 400453632
0 1 474329088 474345472
11 1 579092480 579100672
11 1 579387392 579391488
11 1 578957312 578965504
11 1 562774016 562782208
11 1 579129344 579133440
0 1 312126976 312131072
11 1 578990080 578998272
11 1 562831360 562839552
11 1 579006464 579010560
11 1 562794496 562819072
11 1 579260416 579272704
11 1 579280896 579289088
11 1 579297280 579301376
11 1 579305472 579309568
11 1 571281408 571289600
5 1 495521792 495525888
0 1 141381632 141398016
5 1 495521792 495525888
1 1 531931136 532070400
0 1 527802368 527826944
1 1 532135936 532156416
0 1 67526656 67530752
0 1 561639424 561672192
9 1 663719936 663736320
5 1 495521792 495529984
9 1 55062528 55066624
0 1 143044608 143065088
1 1 147333120 147337216
1 1 147320832 147324928
2 1 397553664 397557760
2 1 397488128 397492224
0 1 174489600 174510080
0 1 151400448 151404544
0 1 560365568 560369664
0 1 217612288 217616384
0 1 660709376 660713472
2 1 289218560 289222656
2 1 181456896 181460992
0 1 478334976 478339072
2 1 49074176 49078272
6 1 489443328 489447424
4 1 387321856 387325952
0 1 554209280 554229760
10 1 105537536 105545728
0 1 426459136 426467328
0 1 426553344 426557440
0 1 426450944 426455040
1 1 150777856 150781952
3 1 128589824 128593920
1 1 150990848 150994944
0 1 426487808 426491904
685 1 283222016 283226112
716 1 542572544 542576640
741 1 483434496 483437056
741 1 483188736 483198464
716 1 542588928 542605312
741 1 483364864 483368960
741 1 225173504 225175040
0 1 524210176 524222464
741 1 483262464 483266560
741 1 483250176 483262464
741 1 483266560 483364864
741 1 483368960 483434496
741 1 483442688 483500544
741 1 483508224 483548672
0 1 524681216 524685312
0 1 421208064 421212160
16 1 660365312 660369408
118 1 435068416 435092992
2 1 594608128 594653184
118 1 435092992 435097088
2 1 344674304 344707072
4 1 234287104 234291200
2 1 344715264 344752128
4 1 233242624 233246720
2 1 345919488 345939968
4 1 233795584 233799680
4 1 234135552 234139648
3 1 27312128 27394048
3 1 132382720 132448256
0 1 523776000 523788288
2 1 1429504 1433600
1 1 48959488 48963584
0 1 421285888 421294080
1 1 49025024 49029120
28 1 327491584 327495680
41 1 402079744 402087936
1 1 48959488 48963584
41 1 402087936 402092032
14 1 216780800 216784896
22 1 53276672 53280768
1 1 49025024 49029120
1 1 48959488 48971776
20 1 527581184 527585280
11 1 161820672 161824768
1 1 49033216 49037312
3 1 111198208 111206400
24 1 89718784 89849856
24 1 89980928 90046464
14 1 638320640 638844928
3 1 111206400 111210496
24 1 90112000 90177536
14 1 632160256 632422400
24 1 90243072 90308608
13 1 626036736 626040832
11 1 647503872 647504896
68 1 631324672 631328768
18 1 558583808 558587904
18 1 557162496 557166592
41 1 343773184 343777280
1 1 176463872 176467968
8 1 542314496 542318592
1 1 124985344 124989440
152 1 498524160 498528256
1 1 124981248 124985344
0 1 489918464 489922560
8 1 200495104 200499200
1 1 111087616 111099904
3 1 313221120 313225216
18 1 582602752 582610944
18 1 557129728 557137920
1 1 175955968 175960064
17 1 259342848 259867136
20 1 403243008 403247104
0 1 89915392 89931776
54 1 214261760 214269952
3 1 34603008 34607104
3 1 58626048 58630144
3 1 58634240 58638336
3 1 58642432 58646528
3 1 58650624 58654720
3 1 58671104 58683392
2 1 162148352 162152448
1 1 284360704 284368896
1 1 284372992 284377088
1 1 573370368 573374464
3 1 666427392 666431488
3 1 666435584 666456064
3 1 666464256 666468352
4 1 660602880 660603392
41 1 382861312 382865408
10 1 455827456 455831040
0 1 571252736 571269120
0 1 198909952 198926336
0 1 126447616 126451712
72 1 318242816 318255104
0 1 101412864 101416960
1 1 125628416 125632512
1 1 123846656 123850752
20 1 317157376 317161472
79 1 428350976 428355072
1 1 126881792 126885888
1 1 125624320 125628416
100 1 145927680 145935872
100 1 145964544 145968640
100 1 146071040 146079232
100 1 145739264 145772032
100 1 145952256 145960448
100 1 146107904 146112000
79 1 428355072 428359168
79 1 428359168 428391936
1 1 439545856 439549952
79 1 428391936 428396032
4 1 400437248 400457728
0 1 426450944 426459136
0 1 426520576 426528768
1 1 344473600 344477696
41 1 338731008 338739200
0 1 426459136 426463232
41 1 338739200 338743296
0 1 426524672 426532864
1 1 344473600 344477696
0 1 426463232 426467328
1 1 126996480 127000576
11 1 562843648 562847744
11 1 571351040 571355136
11 1 571396096 571404288
11 1 571314176 571346944
11 1 571383808 571387904
11 1 571293696 571310080
11 1 571363328 571375616
0 1 426541056 426545152
0 1 544948224 544968704
5 1 330964992 330968064
0 1 527081472 527097856
2 1 163995648 163999744
79 1 443043328 443047424
3 1 79781888 79785984
79 1 443047424 443051520
10 1 499998720 500076544
0 1 421208064 421216256
14 1 513142784 513146880
0 1 472104960 472109056
0 1 421302272 421306368
7 1 606351360 606355456
70 1 152428544 152432640
7 1 606355456 606359552
0 1 472039424 472043520
7 1 606359552 606363648
0 1 472104960 472109056
7 1 606363648 606367744
70 1 152428544 152432640
0 1 472039424 472043520
6 1 4960256 4964352
4 1 166023168 166027264
6 1 4898816 4902912
10 1 85209088 85225472
13 1 626081792 626089984
0 1 421208064 421220352
0 1 421199872 421203968
0 1 17309696 17317888
6 1 376406016 376410112
6 1 376340480 376344576
0 1 209797120 209801216
0 1 182657024 182661120
0 1 109608960 109613056
3 1 651304960 651308544
14 1 220725248 220786688
0 1 111222784 111226880
200 1 387522560 387526656
0 1 426524672 426528768
237 1 57651200 57655296
200 1 35688448 35692544
237 1 57716736 57778176
237 1 57655296 57716736
3 1 453984256 453988352
26 1 612179968 612184064
0 1 151412736 151416832
0 1 191868928 191889408
503 1 276587520 276588544
7 1 411836416 411844608
0 1 117862400 117874688
0 1 151478272 151482368
15 1 310935552 310943744
3 1 195006464 195035136
4 1 204980224 205011456
6 1 501264384 501268480
15 1 310951936 310960128
4 1 553517056 553519104
6 1 618233856 618237952
15 1 310968320 310972416
12 1 570941440 570949632
0 1 4296192 4300288
0 1 32256 36352
0 1 4361728 4365824
0 1 37916160 37920256
15 1 310976512 310980608
9 1 526389248 526393344
402 1 447029248 447033344
0 1 36352 40448
12 1 328605696 328609792
9 1 54923264 55001088
61 1 644714496 644718592
0 1 444215296 444219392
0 1 421253120 421265408
0 1 33964032 33968128
1 1 263270400 263278592
4 1 400515072 400519168
4 1 323592192 323600384
1 1 7442432 7450624
17 1 385363968 385372160
1 1 7450624 7454720
17 1 385372160 385376256
4 1 323596288 323600384
34 1 553070592 553082880
41 1 306434048 306442240
41 1 342515712 342519808
11 1 357074432 357076480
31 1 433684480 433688576
0 1 421285888 421289984
31 1 493879296 493883392
41 1 306442240 306446336
34 1 553082880 553086976
31 1 180654592 180682752
2 1 616777728 616779264
31 1 526196736 526200832
6 1 207630336 207638528
1 1 504385536 504389632
200 1 556793344 556797440
241 1 412052992 412057088
5 1 459894784 459898880
0 1 421302272 421306368
1 1 398135296 398184448
111 1 33001472 33008128
111 1 33349632 33361920
111 1 33009664 33013760
111 1 35106816 35109376
3 1 233340928 233345024
3 1 233345024 233361408
17 1 236630016 236638208
3 1 233361408 233365504
0 1 128770048 128790528
0 1 128790528 128802816
35 1 244187136 244252672
18 1 16087040 16152576
8 1 429305856 429309952
15 1 47505408 47513600
37 1 328851456 328854016
11 1 451780608 451796992
91 1 658370560 658374656
103 1 46010368 46014464
4 1 400486400 400490496
4 1 400506880 400510976
0 1 161271808 161284096
91 1 658370560 658374656
22 1 617170432 617170944
4 1 400551936 400556032
103 1 46010368 46014464
4 1 400441344 400449536
3 1 138276864 138280960
308 1 237404160 237408256
17 1 86401536 86925824
4 1 542023680 542031872
12 1 43889152 44413440
0 1 525254656 525266944
7 1 577236992 577241088
102 1 141065728 141094400
102 1 141118976 141135360
102 1 141094400 141114880
24 1 90701824 90767360
14 1 645857280 646053888
0 1 112001024 112021504
0 1 469250048 469254144
2 1 520994816 520998912
4 1 231596032 231604224
0 1 470208512 470212608
5 1 574697472 575221760
5 1 576270336 576335872
0 1 59203584 59207680
5 1 575221760 575746048
12 1 314363904 314376192
6 1 516207104 516251648
0 1 421318656 421326848
5 1 575746048 576270336
5 1 576335872 576860160
5 1 576860160 577384448
5 1 577384448 577908736
0 1 128729088 128745472
22 1 155390464 155635712
0 1 387788800 387796992
22 1 156172288 156229632
5 1 578433024 578957312
5 1 577908736 578433024
22 1 155635712 155857408
77 1 417882112 417935360
4 1 16523264 16527360
5 1 112218112 112222208
8 1 1478656 1490944
18 1 319750144 319762432
0 1 571269120 571277312
0 1 591446016 591458304
1 1 142876672 142880768
0 1 335433728 335437824
140 1 71745536 71749632
83 1 92176384 92180480
1 1 286343168 286347264
1 1 286351360 286359552
158 1 128716800 128720896
1 1 286359552 286363648
3 1 123215872 123228160
0 1 387723264 387727360
18 1 286199808 286203904
8 1 436015104 436064256
16 1 1433600 1957888
16 1 1957888 2482176
16 1 3006464 3481600
16 1 2482176 3006464
16 1 20795392 20797440
0 1 446160896 446169088
28 1 597291008 597299200
25 1 250908672 250916864
0 1 442286080 442298368
25 1 250073088 250097664
25 1 250589184 250597376
26 1 344632320 344632832
26 1 343629824 343638016
25 1 248680448 248688640
0 1 398798848 398802944
41 1 372809728 372817920
41 1 372817920 372822016
0 1 457461760 457465856
127 1 384389120 384397312
26 1 311243264 311243776
26 1 311243776 311244288
26 1 311244288 311244800
26 1 311244800 311245312
0 1 34037760 34041856
3 1 649392128 649396224
10 1 75014144 75018240
18 1 153784320 153788416
5 1 653017088 653018112
102 1 60489728 60493824
0 1 77537280 77541376
6 1 376410112 376414208
102 1 64409600 64462848
4 1 166027264 166035456
28 1 190377984 190387200
4 1 400429056 400433152
9 1 61812736 61820928
12 1 618343936 618344448
1 1 603672576 603680768
3 1 372015104 372039680
41 1 364122112 364130304
0 1 112627712 112631808
14 1 645332992 645857280
24 1 90963968 91095040
110 1 551927808 551940608
111 1 34758656 34762240
111 1 34590720 34601472
111 1 34533376 34536960
4 1 603537408 603541504
1 1 338083840 338087936
21 1 135905280 136429568
111 1 35110912 35113472
4 1 603545600 603549696
0 1 539504640 539508736
0 1 550322176 550342656
72 1 237952512 238476800
72 1 238476800 238800384
237 1 57778176 57782272
1 1 102924288 102928384
14 1 220782592 220786688
10 1 75010048 75014144
0 1 306962432 306966528
4 1 166035456 166039552
102 1 64458752 64462848
13 1 239792128 239796224
31 1 420683776 420687872
34 1 553086976 553099264
0 1 64806912 64823296
31 1 180731904 181228032
11 1 357075968 357076992
0 1 138862592 138870784
31 1 553914368 553918464
0 1 421220352 421228544
34 1 553099264 553103360
27 1 308781056 308785152
2 1 152875008 152876032
18 1 507072512 507076608
20 1 24817664 24821760
18 1 521580544 521596928
20 1 24043520 24051712
11 1 571424768 571441152
11 1 571478016 571482112
11 1 577884160 577892352
11 1 571457536 571465728
11 1 577863680 577867776
11 1 577896448 577900544
11 1 577875968 577880064
11 1 571469824 571473920
9 1 38191104 38195200
0 1 313753088 313761280
11 1 577925120 577937408
1 1 267890176 267894272
12 1 45986304 46510592
12 1 44413440 44937728
12 1 44937728 45462016
12 1 45462016 45986304
12 1 47882752 47906816
12 1 47559168 47882752
12 1 46510592 47034880
4 1 169816064 169824256
11 1 128487424 128491520
45 1 256950272 256958464
53 1 368050176 368058368
0 1 639664128 639668224
1 1 200728576 200785920
1 1 199016448 199045120
1 1 199045120 199049216
4 1 302870528 302874624
1 1 199049216 199077888
1 1 199077888 199081984
0 1 34037760 34041856
0 1 554229760 554237952
0 1 103563264 103579648
0 1 554827776 554831872
0 1 426553344 426565632
66 1 552423424 552427520
10 1 105541632 105549824
3 1 204664832 204668928
0 1 523935744 523956224
0 1 444833792 444841984
0 1 444874752 444887040
41 1 390995968 391004160
79 1 443051520 443055616
79 1 443055616 443088384
79 1 443088384 443092480
41 1 391004160 391008256
102 1 141065728 141082112
102 1 141135360 141168128
0 1 498905088 498909184
1 1 263274496 263278592
0 1 511582208 511586304
4 1 400449536 400453632
0 1 34037760 34041856
7 1 411840512 411844608
26 1 612179968 612184064
0 1 151412736 151416832
41 1 305082368 305090560
0 1 151478272 151482368
41 1 305090560 305094656
11 1 577994752 578002944
0 1 311315968 311320064
0 1 313875968 313880064
0 1 309280256 309292544
0 1 313622016 313626112
11 1 577916928 577921024
0 1 315018752 315022848
11 1 577974272 577982464
11 1 578031616 578039808
1 1 54775296 54779392
11 1 577904640 577912832
11 1 577945600 577961984
11 1 578007040 578015232
2 1 591638528 591642624
13 1 88653824 88657920
13 1 105766912 105776128
8 1 572780544 573071360
4 1 561164288 561168384
8 1 573075456 573296640
9 1 569847808 569851904
0 1 472104960 472109056
70 1 152428544 152432640
7 1 606367744 606371840
7 1 606380032 606384128
7 1 606392320 606396416
7 1 606371840 606375936
7 1 606384128 606388224
7 1 606396416 606400512
7 1 606375936 606380032
0 1 472039424 472043520
7 1 606388224 606392320
0 1 426512384 426524672
0 1 472104960 472109056
0 1 39583744 39600128
0 1 444948480 444968960
0 1 426520576 426528768
0 1 529461248 529481728
0 1 426455040 426463232
14 1 333312000 333316096
0 1 634174976 634179072
0 1 634174976 634179072
0 1 39600128 39620608
0 1 445005824 445014016
0 1 444968960 444973056
0 1 17268736 17272832
0 1 529592320 529604608
0 1 634174976 634179072
0 1 634174976 634179072
1 1 187461632 187465728
41 1 377237504 377245696
0 1 426528768 426532864
41 1 377245696 377249792
0 1 426463232 426471424
42 1 408543232 408546816
1 1 340262912 340267008
26 1 51798016 51802112
29 1 408952832 408956928
29 1 408940544 408944640
4 1 400494592 400498688
100 1 145739264 145755648
1 1 118845440 118861824
100 1 146112000 146116096
100 1 146230784 146259456
4 1 400519168 400527360
79 1 428396032 428420608
10 1 356438016 356442112
79 1 428420608 428424704
1 1 439828480 439840768
4 1 400457728 400461824
99 1 294886912 294899200
0 1 48201728 48218112
1 1 439545856 439549952
9 1 321933312 321941504
4 1 400523264 400539648
237 1 57782272 57794560
1 1 523165696 523173888
91 1 658370560 658374656
0 1 581005312 581017600
4 1 400486400 400490496
0 1 502059008 502063104
0 1 59146240 59162624
103 1 46010368 46014464
0 1 64806912 64827392
42 1 476262400 476299264
91 1 658370560 658374656
4 1 400510976 400515072
0 1 42426368 42438656
42 1 472596480 472625152
4 1 420753408 420818944
0 1 421236736 421244928
4 1 416342016 416395264
41 1 325812224 325820416
4 1 605040640 605044736
1 1 147259392 147259904
1 1 256393216 256397312
0 1 660705280 660709376
0 1 174510080 174522368
41 1 350957568 350965760
0 1 151592960 151597056
0 1 376180736 376184832
41 1 350965760 350969856
0 1 376197120 376201216
1 1 387239936 387241472
4 1 567140352 567156736
4 1 400502784 400506880
9 1 4808704 4810240
10 1 577732608 577745920
10 1 346202112 346205184
0 1 40132608 40153088
0 1 17289216 17301504
18 1 547840512 548364800
18 1 548364800 548392960
18 1 548929536 548986880
18 1 548392960 548831744
0 1 40153088 40165376
18 1 548831744 548929536
18 1 548995072 549421568
18 1 549421568 549842944
22 1 149454848 149467136
22 1 283430912 283435008
22 1 283328512 283332608
1 1 505905152 505954304
3 1 372039680 372043776
41 1 364130304 364134400
15 1 518754304 518758400
0 1 112631808 112635904
20 1 25329664 25341952
11 1 278446080 278511616
0 1 50724864 50728960
21 1 618446848 618450944
34 1 553152512 553164800
21 1 621314048 621318144
3 1 404193280 404197376
11 1 357076480 357076992
1 1 519979008 520003584
41 1 272457728 272465920
0 1 141398016 141418496
5 1 495525888 495529984
1 1 520003584 520007680
41 1 272465920 272470016
0 1 527892480 527904768
5 1 495525888 495529984
5 1 495525888 495529984
5 1 495525888 495529984
4 1 397176832 397213696
2 1 26886144 26951680
2 1 26951680 26955776
17 1 259867136 260063232
17 1 260067328 260329984
3 1 519782400 519847936
59 1 462438400 462442496
17 1 260395520 260476928
38 1 556318720 556322816
17 1 261029888 261058560
59 1 467419136 467423232
17 1 260476928 260891136
0 1 132284416 132308992
23 1 534007808 534011904
1 1 655187968 655200256
0 1 524685312 524705792
0 1 426491904 426504192
39 1 200032256 200036352
1 1 136863744 136867840
1 1 101904384 101908480
2 1 495321088 495325184
1 1 102739968 102744064
0 1 426565632 426569728
6 1 33603584 33607680
0 1 426500096 426504192
26 1 546074624 546078720
41 1 288923648 288931840
26 1 546095104 546103296
20 1 455582208 456089088
41 1 288931840 288935936
4 1 59428864 59445248
4 1 59445248 59449344
2 1 662474752 662478848
26 1 294039552 294043648
4 1 59449344 59469824
4 1 59469824 59473920
7 1 164397056 164401152
0 1 524128256 524152832
9 1 110850048 110854144
9 1 110886912 110891008
0 1 524152832 524156928
0 1 56360960 56377344
12 1 618343936 618344960
41 1 337580032 337588224
1 1 263274496 263278592
198 1 405962240 405995008
198 1 405995008 405999104
79 1 443092480 443096576
79 1 443096576 443117056
2 1 133201920 133206016
1 1 7454720 7462912
1 1 7462912 7467008
0 1 421208064 421212160
0 1 182714368 182734848
8 1 260366336 260370432
3 1 556023808 556122112
1 1 64823296 64824832
41 1 323469312 323473408
2 1 284536832 284545024
2 1 284545024 284549120
4 1 385650688 385654784
41 1 392626176 392634368
2 1 284549120 284557312
41 1 392634368 392638464
2 1 284557312 284561408
21 1 341897216 341901312
4 1 385650688 385654784
2 1 284561408 284569600
2 1 284569600 284573696
0 1 444964864 444973056
0 1 445005824 445018112
4 1 385650688 385654784
0 1 523829248 523845632
0 1 426532864 426541056
2 1 42225664 42229760
0 1 426471424 426475520
2 1 46202880 46206976
0 1 525750272 525770752
0 1 59162624 59183104
4 1 400490496 400494592
17 1 664879104 664883200
69 1 456904704 456912896
17 1 658485248 658530304
17 1 664891392 664944640
52 1 175390720 175394816
59 1 131121152 131125248
1 1 545546240 545587200
43 1 644534272 644599808
17 1 665010176 665018368
21 1 136429568 136953856
0 1 421306368 421314560
4 1 620396544 620400640
0 1 73187328 73207808
2 1 76193792 76197888
1 1 398184448 398188544
0 1 112021504 112033792
60 1 161730560 161742848
7 1 101019648 101022208
0 1 522391552 522395648
2 1 459788288 459833344
2 1 504619008 504623104
5 1 578957312 579481600
5 1 580005888 580329472
15 1 335147008 335256576
6 1 516317184 516796928
5 1 580853760 581378048
5 1 579481600 580005888
5 1 581378048 581902336
0 1 421257216 421261312
0 1 59138048 59142144
5 1 580329472 580853760
5 1 581902336 582426624
5 1 582426624 582950912
5 1 583475200 583999488
5 1 582950912 583475200
5 1 583999488 584323072
5 1 584323072 584847360
19 1 204881920 204884992
0 1 665735168 665739264
0 1 665731072 665735168
1 1 442540032 442544128
1 1 442589184 442593280
0 1 503574016 503578112
0 1 665735168 665739264
0 1 126312448 126320640
0 1 152846336 152862720
0 1 126251008 126259200
0 1 152862720 152883200
1 1 89899008 89911296
0 1 426446848 426450944
1 1 81342464 81362944
3 1 348221440 348225536
3 1 348143616 348147712
1 1 640249856 640278528
237 1 57794560 57798656
2 1 314081280 314081792
2 1 314081792 314082304
2 1 314093568 314094592
2 1 314082304 314085376
2 1 314094592 314097664
26 1 612179968 612184064
0 1 151412736 151416832
11 1 162258944 162263040
0 1 511578112 511582208
0 1 469901312 469909504
4 1 400515072 400523264
1 1 423260160 423264256
79 1 443117056 443121152
25 1 515780608 515948544
25 1 647110656 647278592
100 1 545889792 545902080
102 1 64458752 64462848
10 1 85225472 85241856
4 1 166039552 166047744
15 1 209309696 209313792
0 1 527020032 527040512
0 1 85241344 85257728
0 1 426520576 426524672
0 1 85257728 85261824
4 1 22597632 22601728
2 1 653975552 653983744
1 1 409681920 409706496
2 1 647692288 647704576
2 1 561127424 561139712
1 1 409706496 409710592
0 1 527433728 527446016
0 1 426455040 426459136
8 1 103145472 103149568
13 1 112680960 112689152
15 1 108724224 109236224
4 1 335703552 335707648
7 1 91848192 91852288
2 1 154750464 154754560
5 1 394599936 394604032
7 1 91831808 91844096
2 1 154807808 154811904
5 1 587148800 587152896
11 1 578043904 578048000
11 1 578068480 578080768
11 1 578105344 578113536
11 1 578134016 578138112
11 1 97005056 97009152
9 1 591519744 591527936
1 1 636522496 636526592
0 1 159580160 159604736
24 1 95354880 95420416
2 1 314212352 314213376
41 1 344666112 344674304
41 1 344674304 344678400
26 1 311245312 311245824
0 1 103616512 103632896
26 1 311245824 311246336
26 1 311246336 311246848
154 1 419143680 419164160
26 1 203279360 203279872
28 1 167052800 167054848
26 1 32919552 32923648
154 1 419164160 419221504
3 1 303104 385024
0 1 103632896 103653376
26 1 32927744 32928256
0 1 33972224 33980416
26 1 203279872 203280384
151 1 369057792 369123328
26 1 32928256 32928768
26 1 72540160 72544256
31 1 118755328 118759424
34 1 553164800 553168896
0 1 421289984 421294080
0 1 527036416 527040512
0 1 527577088 527581184
27 1 616726528 616730624
0 1 527499264 527511552
23 1 20406272 20410368
34 1 553168896 553181184
17 1 185573376 185638912
11 1 578174976 578179072
11 1 578166784 578170880
11 1 578084864 578097152
0 1 421273600 421281792
11 1 578150400 578158592
0 1 183746560 183750656
35 1 433049088 433053184
7 1 222457856 222461952
44 1 415915520 415919616
0 1 122314240 122318336
40 1 518733312 518737408
11 1 579178496 579182592
11 1 579399680 579403776
0 1 78421504 78425600
7 1 198672384 198676480
11 1 579170304 579174400
11 1 579203072 579207168
0 1 426475520 426479616
11 1 579497984 579502080
39 1 580439552 580443648
12 1 47034880 47559168
12 1 47944192 48355328
308 1 237408256 237412352
4 1 542031872 542040064
2 1 572916224 573440512
0 1 460345344 460357632
2 1 314241024 314242048
2 1 314213376 314216448
0 1 660041728 660066304
10 1 78688256 78692352
27 1 125865984 125870080
71 1 378572800 378576896
21 1 316735488 316743680
27 1 388669440 388677632
27 1 472961024 472969216
0 1 660131840 660156416
25 1 483028992 483037184
25 1 458727424 458731520
0 1 132308992 132313088
1 1 267157504 267182080
17 1 260891136 261029888
0 1 75923456 75943936
17 1 660049920 660054528
1 1 71303168 71327744
1 1 299188224 299192320
0 1 112627712 112631808
0 1 445034496 445050880
1 1 299536384 299544576
17 1 4341760 4344320
16 1 215789568 215792128
15 1 518754304 518758400
0 1 426516480 426520576
22 1 90365952 90370048
22 1 90042368 90046464
22 1 90472448 90476544
2 1 60502016 60522496
0 1 469839872 469843968
345 1 58756608 58760704
102 1 141233664 141250048
24 1 197419008 197459968
25 1 285057024 285220864
25 1 550641664 550801408
0 1 426516480 426520576
0 1 426496000 426500096
0 1 421289984 421294080
0 1 426561536 426565632
10 1 105545728 105553920
0 1 442368 454656
3 1 204664832 204668928
1 1 595865600 595873792
0 1 421285888 421289984
0 1 426496000 426504192
0 1 103579648 103600128
1 1 556118016 556122112
0 1 426450944 426455040
1 1 150777856 150781952
1 1 150990848 150994944
1 1 556122112 556126208
0 1 426565632 426569728
70 1 152428544 152432640
53 1 112713728 112717824
0 1 472039424 472047616
0 1 152899584 152915968
0 1 126251008 126255104
0 1 87519232 87572480
0 1 426561536 426569728
31 1 179822592 179851264
4 1 620457984 620462080
41 1 325820416 325824512
4 1 626151424 626155520
0 1 421244928 421249024
4 1 626679808 626683904
21 1 136953856 137478144
0 1 576655360 576659456
14 1 632422400 632487936
12 1 38150144 38154240
12 1 321511424 321515520
0 1 151478272 151482368
41 1 338067456 338075648
0 1 266559488 266575872
41 1 338075648 338079744
26 1 612179968 612184064
1 1 410898432 410906624
7 1 7938048 7942144
2 1 177405952 177414144
8 1 584937472 584945664
8 1 579706880 579715072
13 1 268496896 268500992
12 1 576704512 576708608
41 1 603684864 603688960
81 1 202928128 202932224
13 1 268562432 268566528
81 1 202862592 202866688
48 1 564727808 564731904
1 1 337305600 337375232
1 1 337375232 337379328
4 1 400429056 400437248
10 1 75014144 75018240
4 1 166047744 166051840
5 1 94961664 94964736
9 1 247676928 247681024
28 1 190398464 190407680
3 1 558923776 558956544
17 1 505114624 505118720
10 1 75010048 75014144
0 1 426516480 426520576
31 1 265330688 265334784
8 1 279465984 279531520
18 1 521744384 521764864
0 1 81575936 81596416
31 1 510574592 510578688
0 1 152141824 152145920
31 1 181228032 181752320
34 1 553181184 553185280
20 1 257753600 257756672
0 1 123518976 123539456
8 1 512671744 512675840
3 1 131792896 131858432
35 1 345112576 345178112
3 1 132448256 132489216
2 1 344858624 344891392
2 1 343248896 343252992
2 1 496431104 496455680
2 1 495808512 496246784
2 1 496529408 496549888
2 1 220020736 220025856
2 1 496562176 496578560
2 1 496619520 496627712
2 1 496377856 496414720
2 1 496463872 496488448
3 1 98709504 99155968
0 1 185024512 185040896
0 1 446627840 446631936
0 1 426516480 426524672
0 1 426557440 426569728
3 1 454832128 454836224
0 1 426500096 426504192
0 1 173764608 173785088
0 1 426565632 426569728
0 1 151465984 151474176
3 1 454832128 454836224
0 1 426500096 426504192
0 1 446631936 446648320
0 1 426565632 426569728
3 1 454832128 454836224
0 1 426500096 426504192
37 1 409264128 409268224
0 1 25649152 25653248
41 1 387047424 387055616
24 1 590221312 590222336
1 1 439545856 439549952
41 1 387055616 387059712
4 1 400470016 400474112
0 1 476893184 476897280
41 1 331292672 331300864
41 1 331300864 331304960
0 1 59146240 59162624
1 1 439545856 439549952
4 1 400535552 400543744
0 1 200749056 200765440
6 1 499400704 499404800
397 1 89554944 89608192
8 1 82206720 82210816
10 1 17154048 17158144
397 1 89608192 89612288
9 1 531329024 531337216
526 1 278396928 278491136
397 1 89612288 89661440
397 1 89661440 89665536
402 1 447033344 447037440
1 1 546373632 546377728
8 1 262671872 262675968
8 1 262675968 262680064
17 1 660713472 660733952
19 1 476123136 476135424
0 1 59551744 59555840
1 1 546377728 546381824
103 1 46010368 46100480
105 1 507527168 507576320
3 1 104439808 104456192
105 1 425639936 425795584
41 1 323993600 324001792
4 1 400445440 400449536
41 1 324001792 324005888
3 1 104456192 104460288
105 1 507572224 507576320
4 1 400510976 400519168
31 1 295411712 295415808
0 1 426532864 426541056
0 1 426471424 426475520
1 1 340262912 340267008
0 1 426536960 426541056
17 1 257179648 257183744
1 1 126996480 127000576
77 1 73236480 73240576
77 1 73564160 73568256
0 1 301604864 301633536
1 1 21676032 21680128
23 1 563216384 563240960
79 1 443121152 443149824
79 1 443149824 443153920
24 1 658841600 659001344
348 1 663170560 663174656
345 1 92323328 92327424
347 1 647257600 647261696
342 1 554421760 554425856
349 1 110644736 110677504
347 1 19619328 19623424
2 1 60522496 60526592
0 1 498900992 498905088
13 1 52195328 52203520
41 1 337588224 337592320
1 1 263274496 263278592
0 1 469905408 469909504
0 1 56377344 56397824
3 1 565133312 565149696
18 1 243625984 243630080
3 1 567492608 567508992
102 1 64458752 64462848
24 1 551477248 551480320
10 1 577802240 577814528
0 1 50814976 50835456
30 1 274792448 274793472
0 1 50765824 50769920
33 1 456519680 456523776
147 1 306200064 306204160
0 1 50831360 50843648
41 1 287334400 287342592
41 1 287342592 287346688
0 1 50774016 50782208
18 1 87478272 87482368
0 1 527282176 527298560
33 1 456519680 456523776
41 1 271048704 271056896
44 1 462896640 462900736
11 1 578183168 578187264
11 1 579190784 579194880
11 1 579489792 579493888
2 1 591691776 591699968
11 1 581345280 581349376
11 1 581378048 581382144
11 1 581332992 581337088
11 1 581369856 581373952
11 1 581713920 581718016
11 1 581697536 581701632
12 1 48889856 49414144
12 1 48365568 48889856
17 1 86925824 87450112
12 1 49414144 49938432
4 1 542040064 542048256
511 1 192094208 192110592
12 1 49938432 50462720
511 1 141070336 141086720
12 1 50462720 50987008
12 1 50987008 51511296
12 1 51511296 52035584
12 1 52035584 52297728
4 1 505155584 505159680
12 1 436080640 436084736
3 1 566706176 566710272
1 1 102928384 102932480
7 1 410288128 410300416
19 1 510218240 510271488
0 1 126312448 126316544
11 1 521043968 521048064
0 1 200048640 200069120
0 1 126246912 126255104
4 1 422785024 422789120
4 1 402128896 402132992
4 1 402059264 402063360
0 1 200069120 200081408
1 1 214126592 214142976
0 1 641601536 641605632
0 1 641589248 641593344
8 1 512729088 512738304
2 1 321413120 321454080
0 1 59138048 59146240
20 1 257756672 257759232
0 1 101085184 101089280
9 1 40587264 40588288
20 1 257765888 257766400
20 1 257759232 257765888
34 1 553185280 553197568
0 1 421208064 421212160
20 1 257766400 257769984
20 1 257769984 257771520
41 1 401125376 401133568
0 1 112631808 112635904
1 1 7655424 7704576
41 1 401133568 401137664
1 1 7704576 7708672
0 1 112627712 112631808
8 1 526917632 526934016
13 1 446492672 446496768
41 1 398397440 398405632
41 1 398405632 398409728
1 1 552558592 552566784
41 1 335335424 335343616
41 1 275779584 275787776
1 1 29999104 30007296
41 1 335343616 335347712
6 1 69632 72192
6 1 22335488 22340096
1 1 48783360 48803840
0 1 175456256 175460352
1 1 23314432 23318528
1 1 612442112 612458496
41 1 275787776 275791872
1 1 28246016 28250112
6 1 425128448 425129472
6 1 425129472 425130496
6 1 425130496 425131008
0 1 338046976 338055168
0 1 338059264 338063360
0 1 338071552 338075648
1 1 201539584 201547776
1 1 488067072 488071168
1 1 202244096 202248192
1 1 491573248 491577344
4 1 627249152 627253248
0 1 421310464 421318656
63 1 518049792 518096384
63 1 517005312 517066752
0 1 73207808 73220096
4 1 627785728 627789824
2 1 76193792 76197888
0 1 50749440 50753536
21 1 138543104 138555392
0 1 426450944 426455040
4 1 400498688 400502784
0 1 118304768 118321152
10 1 85241856 85258240
5 1 495525888 495529984
0 1 455299072 455307264
1 1 328282112 328298496
5 1 495525888 495529984
5 1 495529984 495538176
2 1 381878272 381890560
5 1 495529984 495534080
2 1 381890560 381894656
0 1 426450944 426459136
5 1 495529984 495534080
4 1 76537856 76541952
5 1 495529984 495534080
0 1 426520576 426524672
41 1 279674880 279683072
79 1 443153920 443158016
25 1 593772544 593915904
25 1 396013568 396152832
102 1 141250048 141278720
102 1 141278720 141299200
397 1 89665536 89718784
397 1 89718784 89722880
526 1 278921216 279015424
4 1 400453632 400457728
15 1 645656576 645660672
239 1 510340608 510393856
1 1 256417792 256466944
59 1 135204864 135213056
6 1 317096448 317620736
28 1 227659776 227667968
1 1 61792256 61808640
3 1 13795328 13934592
3 1 13271040 13795328
41 1 275632128 275640320
2 1 546398208 546402304
41 1 275640320 275644416
3 1 51675136 51761152
3 1 60252160 60256256
3 1 53878784 53899264
1 1 490315776 490319872
2 1 277356544 277360640
2 1 277409792 277413888
84 1 642916352 642920448
8 1 337760256 337764352
1 1 201527296 201535488
87 1 339800064 339804160
1 1 490323968 490328064
1 1 204230656 204234752
2 1 277372928 277377024
12 1 389361664 389365760
0 1 224550912 224555008
0 1 615137280 615141376
1 1 205819904 205824000
10 1 95059968 95064064
20 1 150466560 150470656
1 1 209395712 209399808
85 1 479027200 479039488
10 1 158384128 158388224
0 1 268083200 268099584
0 1 151412736 151416832
0 1 67592192 67596288
0 1 151478272 151482368
0 1 67518464 67522560
16 1 344377856 344378368
26 1 612179968 612184064
7 1 411840512 411848704
0 1 421273600 421277696
0 1 421208064 421212160
0 1 421273600 421281792
16 1 285757440 285786112
0 1 421212160 421216256
0 1 421277696 421285888
0 1 33972224 33976320
0 1 103563264 103579648
0 1 265764864 265773056
0 1 34037760 34050048
0 1 33980416 33984512
0 1 34045952 34050048
1 1 194166784 194170880
39 1 200032256 200036352
6 1 538398720 538423296
0 1 66871296 66879488
0 1 426565632 426569728
0 1 426450944 426471424
0 1 426500096 426504192
2 1 135753216 135757312
6 1 538398720 538402816
39 1 200032256 200036352
0 1 426565632 426569728
14 1 253771776 253841408
12 1 47906816 47944192
16 1 306823168 306827264
4 1 505159680 505163776
0 1 56414208 56430592
2 1 573440512 573964800
0 1 460296192 460300288
308 1 237412352 237416448
12 1 38187008 38195200
0 1 576667648 576704512
4 1 369446912 369479680
12 1 451858432 451870720
17 1 261058560 261444096
1 1 267182080 267186176
12 1 451936256 451989504
0 1 132313088 132317184
4 1 411942912 412028928
6 1 512557056 512561152
4 1 397213696 397217792
17 1 261444096 261968384
6 1 512561152 512565248
152 1 498663424 498671616
10 1 75014144 75018240
4 1 166051840 166068224
0 1 444948480 444964864
4 1 159076352 159092736
28 1 190418944 190428160
2 1 314769408 314769920
0 1 76005376 76013568
8 1 519114752 519118848
0 1 421208064 421224448
3 1 71163904 71172096
15 1 518754304 518758400
5 1 615485440 615488000
24 1 205508608 205512704
1 1 439545856 439549952
0 1 59162624 59183104
23 1 364850688 364862976
4 1 400474112 400478208
0 1 476835840 476839936
108 1 385945088 385949184
108 1 385908224 385912320
113 1 31079936 31084032
113 1 30531072 30535168
113 1 38092288 38100480
113 1 37985792 37989888
110 1 139804160 139816448
113 1 38071808 38080000
119 1 419393024 419397120
2 1 642191360 642199552
2 1 641572864 641581056
5 1 75067392 75071488
5 1 563130368 563134464
11 1 581353472 581357568
11 1 581668864 581677056
7 1 222457856 222461952
11 1 581935104 581939200
11 1 581926912 581931008
11 1 581959680 581963776
11 1 581951488 581955584
11 1 581967872 581971968
11 1 581988352 581992448
0 1 78237696 78245888
11 1 579141632 579145728
11 1 581976064 581980160
74 1 170909696 170934272
0 1 249999360 250011648
0 1 611684352 611688448
31 1 181752320 182013952
0 1 46907392 46911488
34 1 553197568 553201664
41 1 285208576 285216768
31 1 182018048 182280704
0 1 421273600 421277696
20 1 257771520 257774080
102 1 141303296 141319680
25 1 451747840 451805184
41 1 319938560 319946752
79 1 443158016 443162112
79 1 443162112 443194880
3 1 486744064 486748160
3 1 488321024 488325120
3 1 487489536 487493632
24 1 222167040 222175232
3 1 486752256 486801408
3 1 487194624 487198720
3 1 487497728 487559168
3 1 488333312 488394752
66 1 552423424 552427520
1 1 556118016 556122112
7 1 158126080 158150656
7 1 158285824 158310400
34 1 211959808 211965440
0 1 421220352 421228544
0 1 459915264 459919360
1 1 55963648 55975936
4 1 415653888 415670272
17 1 238227456 238231552
0 1 421289984 421294080
0 1 423370752 423391232
4 1 387317760 387321856
10 1 105549824 105558016
1 1 556122112 556126208
0 1 426500096 426508288
25 1 379060224 379453440
0 1 421224448 421228544
4 1 631693312 631697408
110 1 561118720 561122816
113 1 29105664 29109760
4 1 585138176 585142272
113 1 29363712 29367808
113 1 29580800 29584896
113 1 30445056 30453248
5 1 252440576 252444672
113 1 29097472 29101568
110 1 560406016 560410112
113 1 12238336 12242432
110 1 139816448 139853312
113 1 29146624 29150720
113 1 30686720 30690816
113 1 29453824 29457920
113 1 30240256 30244352
113 1 30604800 30608896
113 1 37760512 37764608
113 1 37989888 37998080
113 1 38059520 38071808
2 1 284573696 284581888
10 1 655065088 655069184
0 1 421208064 421216256
3 1 393138176 393141760
0 1 445489152 445505536
2 1 284581888 284585984
